date,player,market,line,american_odds,actual,over,team,opponent,book,side,game,event_id,team_moneyline,opponent_moneyline,game_total,open_team_moneyline,close_team_moneyline,moneyline_move,open_game_total,close_game_total,total_move,moneyline_implied_probability,favorite_status,team_implied_runs,opponent_implied_runs,opponent_implied_runs_proxy,book_implied_probability,line_move,odds_move,vig_pct,recent_games,recent_rate,season_rate,rolling_avg_5,rolling_avg_10,rolling_avg_15,rolling_total_bases_10,rolling_hr_rate_15,rolling_k_rate_10,batter_babip,batter_k_rate,batter_walk_rate,batter_days_rest,batter_avg_home,batter_avg_away,barrel_rate,hard_hit_rate,xwoba,xba,xslg,batter_ld_rate,batter_gb_rate,batter_sprint_speed,batter_avg_vs_hand,batter_k_rate_vs_hand,batter_recent_hits_vs_lhp,batter_recent_hits_vs_rhp,pitcher_k_rate,pitcher_walk_rate,pitcher_hr_rate,pitcher_babip,pitcher_days_rest,pitcher_velo_delta,pitcher_avg_allowed_vs_hand,team_k_rate,team_walk_rate,opponent_rate,opponent_bullpen_era_7d,ump_k_rate,ump_zone_size_zscore,ump_favor_batter_score,park_factor,hit_factor,hr_factor,k_factor,temperature,wind_mph,wind_out_score,wind_out_flag,turf_flag,cold_game_flag,pitcher,throws,bats,venue,roof,platoon_matchup
2026-05-04,Otto Lopez,batter_hits,1.5,197.0,1.0,0,MIA,PHI,,,,,,,,,,,,,,,,,,,0.3367,,,,34.0,1.7,1.353,1.8,,1.4,2.0,0.0,1.0,0.41,19.31,4.14,1.0,0.338,0.339,9.52,46.67,0.411,0.374,0.593,23.81,50.48,28.3,,,,,24.84,8.07,1.45,0.304,8.0,0.2,,,,,,,,,1.0,,,,,,,,,,Aaron Nola,,,,,
2026-05-04,Moisés Ballesteros,batter_hits,1.5,192.0,0.0,0,CHC,CIN,,,,,,,,,,,,,,,,,,,0.3425,,,,31.0,0.8,0.839,0.4,,0.733,2.0,0.2,0.5,0.312,15.62,10.42,1.0,0.308,0.303,11.76,50.0,0.389,0.337,0.59,27.94,42.65,24.8,,,,,4.35,8.7,1.59,0.143,-1.0,,,,,,,,,,1.0,,,,,,,,,,Chase Petty,,,,,
2026-05-04,Xavier Edwards,batter_hits,0.5,194.0,1.0,1,MIA,PHI,,,,,,,,,,,,,,,,,,,0.3400999999999999,,,,35.0,1.2,1.229,1.2,,1.133,1.7,0.067,0.2,0.366,10.07,12.75,1.0,0.32,0.352,5.41,38.74,0.356,0.333,0.487,27.93,45.95,28.0,,,,,24.84,8.07,1.45,0.304,8.0,0.2,,,,,,,,,1.0,,,,,,,,,,Aaron Nola,,,,,
2026-05-04,Brice Turang,batter_hits,1.5,173.0,3.0,1,MIL,STL,,,,,,,,,,,,,,,,,,,0.3663,,,,31.0,1.2,1.129,1.8,,1.133,1.8,0.133,0.9,0.375,20.83,18.75,2.0,0.364,0.224,10.84,51.81,0.483,0.398,0.738,30.12,44.58,28.5,,,,,16.98,8.18,1.56,0.302,6.0,0.1,,,,,,,,,1.0,,,,,,,,,,Kyle Leahy,,,,,
2026-05-04,Yandy Díaz,batter_hits,1.5,163.0,0.0,0,TBR,TOR,,,,,,,,,,,,,,,,,,,0.3802,0.0,-386.0,,32.0,1.1,1.219,0.8,,1.0,1.7,0.133,0.4,0.34,11.51,9.35,3.0,0.292,0.342,5.94,44.55,0.391,0.361,0.538,26.73,48.51,25.8,,,,,15.6,9.93,2.3,0.225,5.0,-0.5,,,,,,,,,1.0,,,,72.0,,0.0,0.0,1.0,0.0,Eric Lauer,,,Tropicana Field,dome,
2026-05-04,Chandler Simpson,batter_hits,1.5,162.0,1.0,0,TBR,TOR,,,,,,,,,,,,,,,,,,,0.3817,0.0,-369.0,,34.0,0.9,1.176,1.0,,1.0,1.0,0.0,0.8,0.336,10.27,4.79,1.0,0.317,0.284,0.0,12.4,0.275,0.294,0.334,24.79,59.5,29.7,,,,,15.6,9.93,2.3,0.225,5.0,-0.5,,,,,,,,,1.0,,,,72.0,,0.0,0.0,1.0,0.0,Eric Lauer,,,Tropicana Field,dome,
2026-05-04,Seiya Suzuki,batter_hits,0.5,188.0,2.0,1,CHC,CIN,,,,,,,,,,,,,,,,,,,0.3472,,,,22.0,1.4,1.182,1.2,,1.2,2.7,0.4,1.0,0.385,23.96,12.5,1.0,0.312,0.333,8.93,46.43,0.449,0.401,0.672,32.14,28.57,27.0,,,,,4.35,8.7,1.59,0.143,-1.0,,,,,,,,,,1.0,,,,,,,,,,Chase Petty,,,,,
2026-05-04,Junior Caminero,batter_hits,1.5,199.0,0.0,0,TBR,TOR,,,,,,,,,,,,,,,,,,,0.3344,0.0,-477.0,,34.0,0.8,0.971,0.8,,1.0,1.7,0.333,0.8,0.258,17.69,12.24,1.0,0.263,0.254,10.89,43.56,0.41,0.339,0.606,17.82,46.53,25.9,,,,,15.6,9.93,2.3,0.225,5.0,-0.5,,,,,,,,,1.0,,,,72.0,,0.0,0.0,1.0,0.0,Eric Lauer,,,Tropicana Field,dome,
2026-05-04,Alec Burleson,batter_hits,0.5,183.0,0.0,0,STL,MIL,,,,,,,,,,,,,,,,,,,0.3534,,,,34.0,1.1,1.059,1.2,,1.0,2.0,0.2,0.9,0.292,15.13,11.18,1.0,0.219,0.328,12.73,47.27,0.43,0.337,0.678,18.18,50.0,25.5,,,,,14.93,11.94,0.57,0.241,6.0,1.0,,,,,,,,,1.0,,,,,,,,,,Chad Patrick,,,,,
2026-05-04,Aaron Judge,batter_hits,0.5,196.0,2.0,1,NYY,BAL,,,,,,,,,,,,,,,,,,,0.3378,,,,35.0,1.2,0.971,1.2,,1.067,2.9,0.4,1.0,0.29,27.1,17.42,1.0,0.323,0.222,27.85,55.7,0.621,0.431,1.036,22.78,37.97,26.9,,,,,18.75,9.09,0.91,0.295,6.0,-0.9,,,,,,,,,1.0,,,,,,,,,,Shane Baz,,,,,
2026-05-04,Maikel Garcia,batter_hits,0.5,178.0,0.0,0,KCR,CLE,,,,,,,,,,,,,,,,,,,0.3596999999999999,,,,33.0,0.9,1.03,1.2,,0.933,1.7,0.067,0.6,0.301,16.55,8.97,1.0,0.321,0.216,7.69,45.19,0.37,0.346,0.498,27.88,40.38,27.7,,,,,20.93,9.3,1.37,0.277,6.0,-1.4,,,,,,,,,1.0,,,,,,,,,,Tanner Bibee,,,,,
2026-05-04,Nico Hoerner,batter_hits,1.5,143.0,1.0,0,CHC,CIN,,,,,,,,,,,,,,,,,,,0.4115,,,,34.0,1.0,1.206,1.2,,1.0,1.3,0.067,0.2,0.311,8.92,8.28,1.0,0.295,0.305,2.48,26.45,0.332,0.333,0.445,28.93,33.06,28.3,,,,,4.35,8.7,1.59,0.143,-1.0,,,,,,,,,,1.0,,,,,,,,,,Chase Petty,,,,,
2026-05-04,Bobby Witt Jr.,batter_hits,1.5,176.0,1.0,0,KCR,CLE,,,,,,,,,,,,,,,,,,,0.3622999999999999,,,,35.0,1.2,1.114,0.8,,1.267,2.5,0.2,0.8,0.336,18.35,10.76,1.0,0.265,0.296,11.01,49.54,0.431,0.376,0.607,29.36,34.86,30.2,,,,,20.93,9.3,1.37,0.277,6.0,-1.4,,,,,,,,,1.0,,,,,,,,,,Tanner Bibee,,,,,
2026-05-04,Jordan Walker,batter_hits,0.5,176.0,1.0,1,STL,MIL,,,,,,,,,,,,,,,,,,,0.3622999999999999,,,,34.0,1.4,1.176,1.8,,1.133,2.2,0.133,1.0,0.39,29.45,9.59,1.0,0.338,0.274,20.69,59.77,0.554,0.431,0.86,26.44,37.93,28.8,,,,,14.93,11.94,0.57,0.241,6.0,1.0,,,,,,,,,1.0,,,,,,,,,,Chad Patrick,,,,,
2026-05-04,Dansby Swanson,batter_hits,0.5,165.0,0.0,0,CHC,CIN,,,,,,,,,,,,,,,,,,,0.3774,,,,34.0,0.9,0.676,0.6,,0.667,1.5,0.133,0.6,0.224,21.9,15.33,1.0,0.175,0.245,12.2,48.78,0.391,0.323,0.612,19.51,43.9,27.7,,,,,4.35,8.7,1.59,0.143,-1.0,,,,,,,,,,1.0,,,,,,,,,,Chase Petty,,,,,
2026-05-04,William Contreras,batter_hits,1.5,149.0,1.0,0,MIL,STL,,,,,,,,,,,,,,,,,,,0.4015999999999999,,,,32.0,1.3,1.188,2.0,,1.133,1.7,0.067,0.3,0.315,10.49,9.79,1.0,0.301,0.286,7.34,43.12,0.37,0.327,0.512,24.77,42.2,24.9,,,,,16.98,8.18,1.56,0.302,6.0,0.1,,,,,,,,,1.0,,,,,,,,,,Kyle Leahy,,,,,
2026-05-04,Bryce Harper,batter_hits,1.5,199.0,3.0,1,PHI,MIA,,,,,,,,,,,,,,,,,,,0.3344,,,,35.0,1.1,1.0,1.0,,1.0,2.1,0.2,0.9,0.289,16.78,12.75,1.0,0.254,0.29,13.86,39.6,0.433,0.333,0.672,19.8,43.56,26.9,,,,,17.42,5.16,0.7,0.232,6.0,0.1,,,,,,,,,1.0,,,,,,,,,,Janson Junk,,,,,
2026-05-04,Steven Kwan,batter_hits,1.5,183.0,0.0,0,CLE,KCR,,,,,,,,,,,,,,,,,,,0.3534,,,,34.0,0.7,0.824,0.8,,0.6,0.9,0.0,0.5,0.243,11.41,10.74,1.0,0.203,0.229,0.91,10.91,0.268,0.274,0.345,21.82,47.27,26.7,,,,,20.69,8.62,1.02,0.203,5.0,-0.9,,,,,,,,,1.0,,,,,,,,,,Michael Wacha,,,,,
2026-05-04,Vladimir Guerrero Jr.,batter_hits,1.5,158.0,1.0,0,TOR,TBR,,,,,,,,,,,,,,,,,,,0.3876,0.0,-376.0,,35.0,1.3,1.229,0.8,,1.333,1.5,0.067,0.5,0.373,12.08,11.41,1.0,0.371,0.294,11.01,44.95,0.397,0.367,0.549,26.61,48.62,26.2,,,,,16.67,5.95,0.64,0.219,6.0,-0.5,,,,,,,,,1.0,,,,72.0,,0.0,0.0,1.0,0.0,Nick Martinez,,,Tropicana Field,dome,
2026-05-04,Cody Bellinger,batter_hits,0.5,177.0,1.0,1,NYY,BAL,,,,,,,,,,,,,,,,,,,0.361,,,,34.0,1.1,1.0,1.8,,1.133,2.4,0.267,0.7,0.293,13.61,13.61,1.0,0.339,0.215,7.84,40.2,0.382,0.338,0.553,19.61,35.29,27.5,,,,,18.75,9.09,0.91,0.295,6.0,-0.9,,,,,,,,,1.0,,,,,,,,,,Shane Baz,,,,,
2026-05-04,Willi Castro,batter_hits,0.5,188.0,1.0,1,COL,NYM,,,,,,,,,,,,,,,,,,,0.3472,0.0,0.0,,28.0,0.8,0.821,0.8,,0.8,0.9,0.0,0.8,0.373,33.33,6.86,1.0,0.34,0.149,7.02,43.86,0.377,0.331,0.536,22.81,40.35,27.9,,,,,20.63,4.76,0.54,0.204,2.0,0.3,,,,,,,,,1.0,,,,,,,,,,Huascar Brazobán,,,,,
2026-05-04,Troy Johnston,batter_hits,0.5,156.0,0.0,0,COL,NYM,,,,,,,,,,,,,,,,,,,0.3906,0.0,0.0,,32.0,1.2,1.062,1.0,,1.267,1.4,0.0,0.8,0.4,21.01,8.4,1.0,0.367,0.255,2.41,39.76,0.362,0.34,0.502,33.73,40.96,26.3,,,,,20.63,4.76,0.54,0.204,2.0,0.3,,,,,,,,,1.0,,,,,,,,,,Huascar Brazobán,,,,,
2026-05-04,Alex Bregman,batter_hits,0.5,193.0,1.0,1,CHC,CIN,,,,,,,,,,,,,,,,,,,0.3413,,,,35.0,0.7,0.971,0.6,,1.0,1.2,0.067,0.7,0.277,15.0,11.88,1.0,0.244,0.246,7.08,44.25,0.337,0.299,0.484,19.47,44.25,25.6,,,,,4.35,8.7,1.59,0.143,-1.0,,,,,,,,,,1.0,,,,,,,,,,Chase Petty,,,,,
2026-05-04,Hunter Goodman,batter_hits,1.5,186.0,0.0,0,COL,NYM,,,,,,,,,,,,,,,,,,,0.3497,0.0,0.0,,33.0,0.9,0.879,0.2,,0.933,2.4,0.333,1.8,0.317,38.41,7.25,1.0,0.193,0.265,15.94,53.62,0.506,0.384,0.783,23.19,28.99,27.2,,,,,20.63,4.76,0.54,0.204,2.0,0.3,,,,,,,,,1.0,,,,,,,,,,Huascar Brazobán,,,,,
2026-05-04,Kyle Stowers,batter_hits,0.5,187.0,2.0,1,MIA,PHI,,,,,,,,,,,,,,,,,,,0.3484,,,,13.0,0.9,0.923,0.8,,0.923,1.1,0.0,1.1,0.324,22.81,10.53,1.0,0.28,0.2,3.03,57.58,0.374,0.35,0.463,21.21,57.58,25.6,,,,,24.84,8.07,1.45,0.304,8.0,0.2,,,,,,,,,1.0,,,,,,,,,,Aaron Nola,,,,,
2026-05-04,Sal Stewart,batter_hits,1.5,190.0,1.0,0,CIN,CHC,,,,,,,,,,,,,,,,,,,0.3448,,,,35.0,0.6,0.943,0.2,,0.8,1.0,0.133,0.8,0.253,17.88,11.92,1.0,0.281,0.224,18.45,43.69,0.446,0.353,0.69,18.45,43.69,26.4,,,,,21.64,8.19,1.09,0.264,6.0,0.3,,,,,,,,,1.0,,,,,,,,,,Edward Cabrera,,,,,
2026-05-04,Tyler Freeman,batter_hits,1.5,180.0,0.0,0,COL,NYM,,,,,,,,,,,,,,,,,,,0.3571,0.0,0.0,,20.0,0.8,0.85,0.8,,0.8,1.2,0.067,0.4,0.314,12.33,4.11,3.0,0.261,0.289,0.0,31.48,0.339,0.338,0.446,24.07,55.56,27.2,,,,,20.63,4.76,0.54,0.204,2.0,0.3,,,,,,,,,1.0,,,,,,,,,,Huascar Brazobán,,,,,
2026-05-04,Michael Busch,batter_hits,0.5,186.0,0.0,0,CHC,CIN,,,,,,,,,,,,,,,,,,,0.3497,,,,34.0,0.9,0.794,1.0,,1.0,1.6,0.133,1.1,0.272,22.15,12.08,1.0,0.288,0.111,8.6,35.48,0.325,0.294,0.472,15.05,45.16,25.8,,,,,4.35,8.7,1.59,0.143,-1.0,,,,,,,,,,1.0,,,,,,,,,,Chase Petty,,,,,
2026-05-04,Juan Soto,batter_hits,1.5,167.0,0.0,0,NYM,COL,,,,,,,,,,,,,,,,,,,0.3745,-1.0,-67.0,,20.0,1.0,1.1,0.8,,0.933,1.8,0.2,0.8,0.339,16.28,15.12,1.0,0.341,0.25,22.81,50.88,0.482,0.371,0.774,26.32,36.84,25.3,,,,,14.57,7.28,1.46,0.203,5.0,-0.1,,,,,,,,,1.0,,,,,,,,,,Tomoyuki Sugano,,,,,
2026-05-04,Elly De La Cruz,batter_hits,0.5,187.0,3.0,1,CIN,CHC,,,,,,,,,,,,,,,,,,,0.3484,,,,35.0,1.2,1.114,1.0,,1.2,1.9,0.267,1.1,0.349,28.57,11.04,1.0,0.304,0.265,15.56,52.22,0.491,0.396,0.765,18.89,46.67,27.8,,,,,21.64,8.19,1.09,0.264,6.0,0.3,,,,,,,,,1.0,,,,,,,,,,Edward Cabrera,,,,,
2026-05-04,Brandon Marsh,batter_hits,0.5,182.0,1.0,1,PHI,MIA,,,,,,,,,,,,,,,,,,,0.3546,,,,31.0,1.3,1.097,1.2,,1.067,2.2,0.133,0.7,0.366,20.34,4.24,1.0,0.304,0.315,5.95,50.0,0.407,0.365,0.6,26.19,44.05,28.1,,,,,17.42,5.16,0.7,0.232,6.0,0.1,,,,,,,,,1.0,,,,,,,,,,Janson Junk,,,,,
2026-05-04,Mark Vientos,batter_hits,0.5,194.0,1.0,1,NYM,COL,,,,,,,,,,,,,,,,,,,0.3400999999999999,-1.0,-86.0,,27.0,1.0,0.815,1.0,,0.8,1.8,0.2,1.0,0.29,23.16,6.32,1.0,0.175,0.312,7.94,42.86,0.403,0.339,0.595,15.87,47.62,25.6,,,,,14.57,7.28,1.46,0.203,5.0,-0.1,,,,,,,,,1.0,,,,,,,,,,Tomoyuki Sugano,,,,,
2026-05-04,Brenton Doyle,batter_hits,0.5,200.0,0.0,0,COL,NYM,,,,,,,,,,,,,,,,,,,0.3333,0.0,0.0,,34.0,0.5,0.559,0.6,,0.467,0.6,0.0,0.9,0.327,35.0,9.0,2.0,0.15,0.255,3.64,36.36,0.341,0.329,0.462,21.82,52.73,28.2,,,,,20.63,4.76,0.54,0.204,2.0,0.3,,,,,,,,,1.0,,,,,,,,,,Huascar Brazobán,,,,,
2026-05-04,Ernie Clement,batter_hits,0.5,176.0,1.0,1,TOR,TBR,,,,,,,,,,,,,,,,,,,0.3622999999999999,0.0,420.0,,34.0,0.8,1.176,0.8,,1.2,1.4,0.067,0.3,0.307,6.99,3.5,1.0,0.292,0.288,0.0,26.61,0.297,0.288,0.373,27.42,36.29,27.1,,,,,16.67,5.95,0.64,0.219,6.0,-0.5,,,,,,,,,1.0,,,,72.0,,0.0,0.0,1.0,0.0,Nick Martinez,,,Tropicana Field,dome,
2026-05-04,Jasson Domínguez,batter_hits,0.5,159.0,1.0,1,NYY,BAL,,,,,,,,,,,,,,,,,,,0.3861,,,,6.0,1.0,1.0,1.0,,1.0,1.833,0.167,0.5,0.278,12.5,4.17,1.0,0.385,0.111,0.0,40.0,0.376,0.392,0.468,20.0,60.0,26.1,,,,,18.75,9.09,0.91,0.295,6.0,-0.9,,,,,,,,,1.0,,,,,,,,,,Shane Baz,,,,,
2026-05-04,Liam Hicks,batter_hits,0.5,170.0,0.0,0,MIA,PHI,,,,,,,,,,,,,,,,,,,0.3704,,,,32.0,0.6,0.938,0.6,,0.933,1.5,0.267,0.5,0.274,8.62,7.76,2.0,0.328,0.256,7.61,40.22,0.379,0.351,0.518,30.43,41.3,25.7,,,,,24.84,8.07,1.45,0.304,8.0,0.2,,,,,,,,,1.0,,,,,,,,,,Aaron Nola,,,,,
2026-05-04,Marcus Semien,batter_hits,1.5,188.0,0.0,0,NYM,COL,,,,,,,,,,,,,,,,,,,0.3472,-1.0,-88.0,,35.0,0.5,0.743,0.4,,0.733,0.5,0.0,0.8,0.26,20.59,5.88,1.0,0.149,0.276,6.19,32.99,0.327,0.298,0.457,24.74,32.99,28.1,,,,,14.57,7.28,1.46,0.203,5.0,-0.1,,,,,,,,,1.0,,,,,,,,,,Tomoyuki Sugano,,,,,
2026-05-04,Mark Vientos,batter_hits,1.5,186.0,1.0,0,NYM,COL,,,,,,,,,,,,,,,,,,,0.3497,-1.0,-86.0,,27.0,1.0,0.815,1.0,,0.8,1.8,0.2,1.0,0.29,23.16,6.32,1.0,0.175,0.312,7.94,42.86,0.403,0.339,0.595,15.87,47.62,25.6,,,,,14.57,7.28,1.46,0.203,5.0,-0.1,,,,,,,,,1.0,,,,,,,,,,Tomoyuki Sugano,,,,,
2026-05-04,Trea Turner,batter_hits,1.5,168.0,0.0,0,PHI,MIA,,,,,,,,,,,,,,,,,,,0.3731,,,,34.0,1.0,0.971,0.6,,0.867,1.7,0.133,1.1,0.276,20.39,7.89,1.0,0.263,0.203,5.61,39.25,0.321,0.302,0.439,18.69,44.86,29.9,,,,,17.42,5.16,0.7,0.232,6.0,0.1,,,,,,,,,1.0,,,,,,,,,,Janson Junk,,,,,
2026-05-04,Jordan Beck,batter_hits,0.5,191.0,1.0,1,COL,NYM,,,,,,,,,,,,,,,,,,,0.3436,0.0,0.0,,25.0,0.4,0.48,0.6,,0.6,0.7,0.067,0.9,0.22,24.32,5.41,2.0,0.185,0.167,2.0,28.0,0.3,0.292,0.393,18.0,48.0,28.0,,,,,20.63,4.76,0.54,0.204,2.0,0.3,,,,,,,,,1.0,,,,,,,,,,Huascar Brazobán,,,,,
2026-05-04,José Ramírez,batter_hits,0.5,195.0,1.0,1,CLE,KCR,,,,,,,,,,,,,,,,,,,0.3389999999999999,,,,36.0,0.7,0.806,0.8,,0.8,1.0,0.133,0.5,0.217,13.38,15.29,1.0,0.241,0.203,10.09,41.28,0.398,0.325,0.586,19.27,26.61,27.1,,,,,20.69,8.62,1.02,0.203,5.0,-0.9,,,,,,,,,1.0,,,,,,,,,,Michael Wacha,,,,,
2026-05-04,Pete Crow-Armstrong,batter_hits,0.5,167.0,1.0,1,CHC,CIN,,,,,,,,,,,,,,,,,,,0.3745,,,,35.0,0.8,0.886,0.8,,0.933,1.7,0.133,1.1,0.318,27.78,6.94,1.0,0.219,0.259,7.87,46.07,0.384,0.339,0.56,15.73,46.07,28.9,,,,,4.35,8.7,1.59,0.143,-1.0,,,,,,,,,,1.0,,,,,,,,,,Chase Petty,,,,,
2026-05-04,Ben Williamson,batter_hits,0.5,172.0,2.0,1,TBR,TOR,,,,,,,,,,,,,,,,,,,0.3676,0.0,400.0,,30.0,0.9,0.767,0.8,,0.667,1.2,0.0,0.6,0.329,20.0,9.0,1.0,0.263,0.25,0.0,34.33,0.319,0.324,0.414,34.33,49.25,28.3,,,,,15.6,9.93,2.3,0.225,5.0,-0.5,,,,,,,,,1.0,,,,72.0,,0.0,0.0,1.0,0.0,Eric Lauer,,,Tropicana Field,dome,
2026-05-04,T.J. Rumfield,batter_hits,0.5,159.0,0.0,0,COL,NYM,,,,,,,,,,,,,,,,,,,0.3861,0.0,0.0,,36.0,1.0,0.944,1.0,,1.067,1.5,0.133,0.7,0.288,15.97,7.64,1.0,0.262,0.257,8.57,39.05,0.379,0.331,0.551,26.67,45.71,24.9,,,,,20.63,4.76,0.54,0.204,2.0,0.3,,,,,,,,,1.0,,,,,,,,,,Huascar Brazobán,,,,,
2026-05-04,Kazuma Okamoto,batter_hits,0.5,195.0,1.0,1,TOR,TBR,,,,,,,,,,,,,,,,,,,0.3389999999999999,,,,34.0,1.0,0.882,1.2,,1.0,2.5,0.467,0.9,0.276,29.37,11.19,1.0,0.25,0.222,15.66,51.81,0.475,0.358,0.756,19.28,39.76,26.0,,,,,16.67,5.95,0.64,0.219,6.0,-0.5,,,,,,,,,1.0,,,,72.0,,0.0,0.0,1.0,0.0,Nick Martinez,,,Tropicana Field,dome,
2026-05-04,Dillon Dingler,batter_hits,0.5,162.0,1.0,1,DET,BOS,,,,,,,,,,,,,,,,,,,0.3817,,,,30.0,0.8,0.9,1.0,,0.933,1.4,0.2,0.8,0.266,16.95,5.93,2.0,0.245,0.268,16.87,51.81,0.491,0.391,0.772,25.3,42.17,27.6,,,,,34.33,8.96,0.51,0.14,6.0,-0.6,,,,,,,,,1.0,,,,,,,,,,Payton Tolle,,,,,
2026-05-04,Salvador Perez,batter_hits,0.5,158.0,1.0,1,KCR,CLE,,,,,,,,,,,,,,,,,,,0.3876,,,,34.0,1.2,0.824,1.0,,1.067,2.0,0.133,0.8,0.228,20.28,2.8,1.0,0.235,0.179,9.71,40.78,0.338,0.284,0.501,23.3,38.83,24.2,,,,,20.93,9.3,1.37,0.277,6.0,-1.4,,,,,,,,,1.0,,,,,,,,,,Tanner Bibee,,,,,
2026-05-04,Francisco Alvarez,batter_hits,1.5,168.0,1.0,0,NYM,COL,,,,,,,,,,,,,,,,,,,0.3731,-1.0,-68.0,,32.0,0.6,0.688,0.8,,0.6,0.8,0.0,1.1,0.265,21.82,8.18,2.0,0.22,0.239,14.08,40.85,0.385,0.306,0.599,15.49,50.7,25.8,,,,,14.57,7.28,1.46,0.203,5.0,-0.1,,,,,,,,,1.0,,,,,,,,,,Tomoyuki Sugano,,,,,
2026-05-04,JJ Wetherholt,batter_hits,0.5,156.0,2.0,1,STL,MIL,,,,,,,,,,,,,,,,,,,0.3906,,,,35.0,1.3,0.943,1.0,,1.067,2.8,0.267,0.5,0.263,17.39,11.18,1.0,0.247,0.246,9.62,45.19,0.38,0.294,0.58,21.15,35.58,27.4,,,,,14.93,11.94,0.57,0.241,6.0,1.0,,,,,,,,,1.0,,,,,,,,,,Chad Patrick,,,,,
2026-05-04,Ian Happ,batter_hits,0.5,152.0,0.0,0,CHC,CIN,,,,,,,,,,,,,,,,,,,0.3968,,,,33.0,0.7,0.909,1.0,,0.933,1.4,0.133,1.2,0.301,28.48,16.56,1.0,0.274,0.196,15.0,40.0,0.443,0.324,0.718,18.75,42.5,27.7,,,,,4.35,8.7,1.59,0.143,-1.0,,,,,,,,,,1.0,,,,,,,,,,Chase Petty,,,,,
2026-05-04,Jakob Marsee,batter_hits,0.5,155.0,2.0,1,MIA,PHI,,,,,,,,,,,,,,,,,,,0.3922,,,,34.0,0.8,0.706,0.6,,0.8,1.0,0.067,1.5,0.256,25.16,13.55,2.0,0.208,0.155,2.2,37.36,0.29,0.274,0.389,25.27,36.26,27.7,,,,,24.84,8.07,1.45,0.304,8.0,0.2,,,,,,,,,1.0,,,,,,,,,,Aaron Nola,,,,,
2026-05-04,Garrett Mitchell,batter_hits,0.5,162.0,0.0,0,MIL,STL,,,,,,,,,,,,,,,,,,,0.3817,,,,32.0,0.6,0.656,0.8,,0.533,0.8,0.0,1.2,0.377,35.29,17.65,1.0,0.222,0.216,13.73,45.1,0.461,0.388,0.696,21.57,54.9,29.6,,,,,16.98,8.18,1.56,0.302,6.0,0.1,,,,,,,,,1.0,,,,,,,,,,Kyle Leahy,,,,,
2026-05-04,Jonny DeLuca,batter_hits,0.5,155.0,1.0,1,TBR,TOR,,,,,,,,,,,,,,,,,,,0.3922,,,,26.0,0.7,0.769,0.8,,0.8,1.0,0.067,0.7,0.321,18.42,3.95,1.0,0.25,0.306,5.36,32.14,0.365,0.328,0.494,23.21,39.29,28.9,,,,,15.6,9.93,2.3,0.225,5.0,-0.5,,,,,,,,,1.0,,,,72.0,,0.0,0.0,1.0,0.0,Eric Lauer,,,Tropicana Field,dome,
2026-05-04,Otto Lopez,batter_hits,0.5,100.0,1.0,1,MIA,PHI,,,,,,,,,,,,,,,,,,,0.5,,,,34.0,1.7,1.353,1.8,,1.4,2.0,0.0,1.0,0.41,19.31,4.14,1.0,0.338,0.339,9.52,46.67,0.411,0.374,0.593,23.81,50.48,28.3,,,,,24.84,8.07,1.45,0.304,8.0,0.2,,,,,,,,,1.0,,,,,,,,,,Aaron Nola,,,,,
2026-05-04,Sal Frelick,batter_hits,0.5,168.0,1.0,1,MIL,STL,,,,,,,,,,,,,,,,,,,0.3731,,,,33.0,0.6,0.667,0.8,,0.733,1.2,0.133,0.1,0.216,10.4,12.0,1.0,0.13,0.3,4.44,25.56,0.293,0.275,0.392,14.44,54.44,28.6,,,,,16.98,8.18,1.56,0.302,6.0,0.1,,,,,,,,,1.0,,,,,,,,,,Kyle Leahy,,,,,
2026-05-04,Ezequiel Tovar,batter_hits,0.5,141.0,0.0,0,COL,NYM,,,,,,,,,,,,,,,,,,,0.4149,0.0,0.0,,36.0,0.5,0.667,0.4,,0.333,0.5,0.0,1.1,0.267,28.15,5.19,1.0,0.14,0.227,8.14,36.05,0.367,0.334,0.535,30.23,36.05,27.8,,,,,20.63,4.76,0.54,0.204,2.0,0.3,,,,,,,,,1.0,,,,,,,,,,Huascar Brazobán,,,,,
2026-05-04,Jazz Chisholm Jr.,batter_hits,0.5,132.0,1.0,1,NYY,BAL,,,,,,,,,,,,,,,,,,,0.431,,,,34.0,1.0,0.765,0.8,,0.933,1.6,0.2,0.8,0.28,26.62,10.79,1.0,0.18,0.236,6.02,39.76,0.331,0.295,0.477,18.07,42.17,27.9,,,,,18.75,9.09,0.91,0.295,6.0,-0.9,,,,,,,,,1.0,,,,,,,,,,Shane Baz,,,,,
2026-05-04,Jake Bauers,batter_hits,0.5,155.0,1.0,1,MIL,STL,,,,,,,,,,,,,,,,,,,0.3922,,,,32.0,1.0,0.875,0.6,,1.067,1.4,0.0,1.1,0.284,21.43,10.32,1.0,0.297,0.184,9.41,52.94,0.392,0.332,0.576,18.82,48.24,26.9,,,,,16.98,8.18,1.56,0.302,6.0,0.1,,,,,,,,,1.0,,,,,,,,,,Kyle Leahy,,,,,
2026-05-04,Wilyer Abreu,batter_hits,0.5,139.0,1.0,1,BOS,DET,,,,,,,,,,,,,,,,,,,0.4184,,,,34.0,1.2,1.118,1.0,,1.0,1.7,0.067,0.8,0.351,18.62,11.72,1.0,0.241,0.343,11.11,46.46,0.421,0.362,0.601,23.23,39.39,28.2,,,,,27.11,3.61,0.42,0.277,6.0,-0.1,,,,,,,,,1.0,,,,,,,,,,Tarik Skubal,,,,,
2026-05-04,Paul Goldschmidt,batter_hits,0.5,146.0,1.0,1,NYY,BAL,,,,,,,,,,,,,,,,,,,0.4065,,,,13.0,0.5,0.538,0.8,,0.538,0.8,0.077,0.7,0.207,20.0,11.11,1.0,0.143,0.222,18.52,48.15,0.439,0.355,0.681,25.93,48.15,24.7,,,,,18.75,9.09,0.91,0.295,6.0,-0.9,,,,,,,,,1.0,,,,,,,,,,Shane Baz,,,,,
2026-05-04,Bryson Stott,batter_hits,0.5,166.0,0.0,0,PHI,MIA,,,,,,,,,,,,,,,,,,,0.3759,,,,29.0,0.6,0.69,0.4,,0.667,1.6,0.133,0.8,0.228,18.18,5.45,1.0,0.213,0.185,5.0,45.0,0.327,0.3,0.451,16.25,46.25,28.5,,,,,17.42,5.16,0.7,0.232,6.0,0.1,,,,,,,,,1.0,,,,,,,,,,Janson Junk,,,,,
2026-05-04,Ryan Vilade,batter_hits,0.5,164.0,1.0,1,TBR,TOR,,,,,,,,,,,,,,,,,,,0.3788,,,,19.0,0.7,0.632,0.8,,0.8,1.1,0.067,0.3,0.344,19.57,6.52,1.0,0.286,0.286,0.0,28.12,0.289,0.294,0.376,25.0,37.5,28.4,,,,,15.6,9.93,2.3,0.225,5.0,-0.5,,,,,,,,,1.0,,,,72.0,,0.0,0.0,1.0,0.0,Eric Lauer,,,Tropicana Field,dome,
2026-05-04,Vinnie Pasquantino,batter_hits,0.5,136.0,2.0,1,KCR,CLE,,,,,,,,,,,,,,,,,,,0.4236999999999999,,,,33.0,1.1,0.727,1.4,,0.933,2.2,0.267,0.8,0.23,21.13,11.27,1.0,0.172,0.222,9.78,39.13,0.355,0.31,0.527,26.09,33.7,25.1,,,,,20.93,9.3,1.37,0.277,6.0,-1.4,,,,,,,,,1.0,,,,,,,,,,Tanner Bibee,,,,,
2026-05-04,Nathaniel Lowe,batter_hits,0.5,167.0,0.0,0,CIN,CHC,,,,,,,,,,,,,,,,,,,0.3745,,,,24.0,1.0,0.708,0.8,,0.867,2.7,0.333,0.8,0.267,20.55,10.96,1.0,0.323,0.206,14.58,52.08,0.473,0.381,0.716,33.33,37.5,25.4,,,,,21.64,8.19,1.09,0.264,6.0,0.3,,,,,,,,,1.0,,,,,,,,,,Edward Cabrera,,,,,
2026-05-04,Angel Martínez,batter_hits,0.5,155.0,1.0,1,CLE,KCR,,,,,,,,,,,,,,,,,,,0.3922,,,,32.0,1.0,0.906,1.0,,0.867,1.9,0.2,0.7,0.308,18.58,3.54,2.0,0.238,0.306,9.52,36.9,0.383,0.352,0.548,27.38,39.29,27.7,,,,,20.69,8.62,1.02,0.203,5.0,-0.9,,,,,,,,,1.0,,,,,,,,,,Michael Wacha,,,,,
2026-05-04,Adolis García,batter_hits,0.5,162.0,2.0,1,PHI,MIA,,,,,,,,,,,,,,,,,,,0.3817,,,,34.0,1.2,0.882,1.2,,1.0,1.8,0.067,0.8,0.318,25.55,8.03,2.0,0.242,0.246,9.3,51.16,0.406,0.356,0.565,29.07,39.53,26.6,,,,,17.42,5.16,0.7,0.232,6.0,0.1,,,,,,,,,1.0,,,,,,,,,,Janson Junk,,,,,
2026-05-04,Luis Rengifo,batter_hits,0.5,176.0,1.0,1,MIL,STL,,,,,,,,,,,,,,,,,,,0.3622999999999999,,,,30.0,0.7,0.633,0.8,,0.733,0.9,0.0,0.3,0.216,11.61,7.14,1.0,0.14,0.224,6.9,36.78,0.289,0.265,0.394,27.59,48.28,27.3,,,,,16.98,8.18,1.56,0.302,6.0,0.1,,,,,,,,,1.0,,,,,,,,,,Kyle Leahy,,,,,
2026-05-04,Brett Baty,batter_hits,1.5,163.0,0.0,0,NYM,COL,,,,,,,,,,,,,,,,,,,0.3802,-1.0,-63.0,,32.0,0.4,0.625,0.2,,0.533,0.5,0.067,0.8,0.284,27.68,8.04,1.0,0.246,0.143,7.46,35.82,0.356,0.329,0.524,23.88,50.75,26.7,,,,,14.57,7.28,1.46,0.203,5.0,-0.1,,,,,,,,,1.0,,,,,,,,,,Tomoyuki Sugano,,,,,
2026-05-04,Jac Caglianone,batter_hits,0.5,131.0,1.0,1,KCR,CLE,,,,,,,,,,,,,,,,,,,0.4329,,,,31.0,0.8,0.839,1.0,,0.8,1.8,0.267,1.0,0.355,30.7,9.65,1.0,0.245,0.271,15.62,54.69,0.442,0.379,0.641,28.12,46.88,26.9,,,,,20.93,9.3,1.37,0.277,6.0,-1.4,,,,,,,,,1.0,,,,,,,,,,Tanner Bibee,,,,,
2026-05-04,MJ Melendez,batter_hits,0.5,174.0,0.0,0,NYM,COL,,,,,,,,,,,,,,,,,,,0.365,0.0,313.0,,15.0,0.6,0.733,0.6,,0.733,1.0,0.133,0.7,0.45,35.71,7.14,1.0,0.333,0.273,13.64,63.64,0.403,0.328,0.575,22.73,36.36,26.9,,,,,14.57,7.28,1.46,0.203,5.0,-0.1,,,,,,,,,1.0,,,,,,,,,,Tomoyuki Sugano,,,,,
2026-05-04,Kyle Karros,batter_hits,0.5,145.0,1.0,1,COL,NYM,,,,,,,,,,,,,,,,,,,0.4082,0.0,0.0,,34.0,0.8,0.618,1.2,,0.733,0.9,0.067,1.3,0.294,23.73,16.1,2.0,0.237,0.203,7.14,40.0,0.4,0.369,0.539,38.57,38.57,27.2,,,,,20.63,4.76,0.54,0.204,2.0,0.3,,,,,,,,,1.0,,,,,,,,,,Huascar Brazobán,,,,,
2026-05-04,Alec Bohm,batter_hits,0.5,191.0,0.0,0,PHI,MIA,,,,,,,,,,,,,,,,,,,0.3436,,,,33.0,0.7,0.576,0.6,,0.667,0.9,0.0,0.7,0.184,16.3,6.67,1.0,0.103,0.206,1.02,37.76,0.292,0.268,0.367,24.49,47.96,26.5,,,,,17.42,5.16,0.7,0.232,6.0,0.1,,,,,,,,,1.0,,,,,,,,,,Janson Junk,,,,,
2026-05-04,Riley Greene,batter_hits,0.5,131.0,1.0,1,DET,BOS,,,,,,,,,,,,,,,,,,,0.4329,,,,36.0,1.1,1.028,1.0,,1.267,1.8,0.2,1.6,0.398,27.52,14.09,1.0,0.382,0.219,14.12,49.41,0.498,0.405,0.756,22.35,42.35,27.0,,,,,34.33,8.96,0.51,0.14,6.0,-0.6,,,,,,,,,1.0,,,,,,,,,,Payton Tolle,,,,,
2026-05-04,TJ Friedl,batter_hits,0.5,169.0,0.0,0,CIN,CHC,,,,,,,,,,,,,,,,,,,0.3717,,,,33.0,1.0,0.727,1.0,,0.933,2.0,0.133,0.9,0.247,21.9,7.3,1.0,0.169,0.226,2.17,30.43,0.271,0.267,0.358,21.74,45.65,26.8,,,,,21.64,8.19,1.09,0.264,6.0,0.3,,,,,,,,,1.0,,,,,,,,,,Edward Cabrera,,,,,
2026-05-04,Masyn Winn,batter_hits,0.5,130.0,1.0,1,STL,MIL,,,,,,,,,,,,,,,,,,,0.4347999999999999,,,,30.0,1.1,1.033,1.4,,1.4,1.2,0.067,0.7,0.345,19.38,9.3,1.0,0.279,0.269,3.49,27.91,0.34,0.345,0.447,25.58,43.02,27.9,,,,,14.93,11.94,0.57,0.241,6.0,1.0,,,,,,,,,1.0,,,,,,,,,,Chad Patrick,,,,,
2026-05-04,Jesús Sánchez,batter_hits,0.5,153.0,1.0,1,TOR,TBR,,,,,,,,,,,,,,,,,,,0.3953,0.0,362.0,,34.0,0.7,0.794,0.8,,0.733,1.1,0.133,0.5,0.274,16.95,4.24,1.0,0.283,0.218,8.05,50.57,0.394,0.356,0.581,24.14,45.98,25.8,,,,,16.67,5.95,0.64,0.219,6.0,-0.5,,,,,,,,,1.0,,,,72.0,,0.0,0.0,1.0,0.0,Nick Martinez,,,Tropicana Field,dome,
2026-05-04,Connor Norby,batter_hits,0.5,125.0,0.0,0,MIA,PHI,,,,,,,,,,,,,,,,,,,0.4443999999999999,,,,32.0,0.6,0.75,0.6,,0.6,1.1,0.067,1.2,0.333,30.25,10.08,1.0,0.222,0.25,10.61,37.88,0.367,0.315,0.562,18.18,40.91,28.0,,,,,24.84,8.07,1.45,0.304,8.0,0.2,,,,,,,,,1.0,,,,,,,,,,Aaron Nola,,,,,
2026-05-04,Nathan Church,batter_hits,0.5,128.0,1.0,1,STL,MIL,,,,,,,,,,,,,,,,,,,0.4386,,,,32.0,1.1,0.781,1.2,,1.067,2.3,0.267,0.7,0.278,22.22,3.7,1.0,0.302,0.188,12.0,34.67,0.383,0.332,0.59,20.0,49.33,28.4,,,,,14.93,11.94,0.57,0.241,6.0,1.0,,,,,,,,,1.0,,,,,,,,,,Chad Patrick,,,,,
2026-05-04,Joe Mack,batter_hits,0.5,131.0,0.0,0,MIA,PHI,,,,,,,,,,,,,,,,,,,0.4329,,,,1.0,0.0,0.0,0.0,,0.0,0.0,0.0,1.0,0.0,33.33,0.0,-1.0,0.0,0.0,,,,,,,,,,,,,24.84,8.07,1.45,0.304,8.0,0.2,,,,,,,,,1.0,,,,,,,,,,Aaron Nola,,,,,
2026-05-04,Kyle Schwarber,batter_hits,0.5,151.0,0.0,0,PHI,MIA,,,,,,,,,,,,,,,,,,,0.3984,,,,35.0,0.9,0.771,1.2,,0.8,2.2,0.333,1.1,0.239,31.41,16.03,1.0,0.277,0.145,20.0,49.33,0.524,0.368,0.835,20.0,32.0,25.7,,,,,17.42,5.16,0.7,0.232,6.0,0.1,,,,,,,,,1.0,,,,,,,,,,Janson Junk,,,,,
2026-05-04,Adley Rutschman,batter_hits,0.5,135.0,1.0,1,BAL,NYY,,,,,,,,,,,,,,,,,,,0.4255,,,,20.0,1.2,1.1,0.6,,1.2,2.4,0.267,0.5,0.295,13.58,6.17,1.0,0.4,0.167,6.56,44.26,0.334,0.279,0.466,26.23,37.7,26.6,,,,,29.28,4.97,0.19,0.244,6.0,1.2,,,,,,,,,1.0,,,,,,,,,,Cam Schlittler,,,,,
2026-05-04,Carson Benge,batter_hits,0.5,191.0,1.0,1,NYM,COL,,,,,,,,,,,,,,,,,,,0.3436,0.0,360.0,,32.0,0.8,0.594,0.6,,0.667,1.2,0.133,0.5,0.222,22.02,9.17,1.0,0.226,0.152,4.11,42.47,0.336,0.313,0.471,27.4,47.95,28.5,,,,,14.57,7.28,1.46,0.203,5.0,-0.1,,,,,,,,,1.0,,,,,,,,,,Tomoyuki Sugano,,,,,
2026-05-04,Trent Grisham,batter_hits,0.5,130.0,2.0,1,NYY,BAL,,,,,,,,,,,,,,,,,,,0.4347999999999999,,,,34.0,0.7,0.559,1.0,,0.667,1.7,0.2,0.5,0.173,16.54,17.29,1.0,0.226,0.127,14.12,51.76,0.379,0.297,0.598,18.82,37.65,26.8,,,,,18.75,9.09,0.91,0.295,6.0,-0.9,,,,,,,,,1.0,,,,,,,,,,Shane Baz,,,,,
2026-05-04,Colt Keith,batter_hits,0.5,124.0,1.0,1,DET,BOS,,,,,,,,,,,,,,,,,,,0.4464,,,,32.0,0.9,1.0,1.0,,0.933,0.9,0.0,0.6,0.4,19.63,4.67,1.0,0.325,0.311,6.41,51.28,0.41,0.376,0.584,23.08,48.72,28.2,,,,,34.33,8.96,0.51,0.14,6.0,-0.6,,,,,,,,,1.0,,,,,,,,,,Payton Tolle,,,,,
2026-05-04,Roman Anthony,batter_hits,0.5,141.0,0.0,0,BOS,DET,,,,,,,,,,,,,,,,,,,0.4149,,,,30.0,0.8,0.833,1.2,,0.867,1.0,0.0,1.0,0.32,25.38,15.38,1.0,0.235,0.224,9.33,48.0,0.421,0.377,0.592,28.0,48.0,27.4,,,,,27.11,3.61,0.42,0.277,6.0,-0.1,,,,,,,,,1.0,,,,,,,,,,Tarik Skubal,,,,,
2026-05-04,Zack Short,batter_hits,0.5,119.0,0.0,0,DET,BOS,,,,,,,,,,,,,,,,,,,0.4565999999999999,,,,2.0,0.0,0.0,0.0,,0.0,0.0,0.0,0.5,0.0,33.33,0.0,1.0,0.0,0.0,,,,,,,,,,,,,34.33,8.96,0.51,0.14,6.0,-0.6,,,,,,,,,1.0,,,,,,,,,,Payton Tolle,,,,,
2026-05-04,Justin Crawford,batter_hits,0.5,142.0,0.0,0,PHI,MIA,,,,,,,,,,,,,,,,,,,0.4132,,,,30.0,0.9,0.867,1.2,,0.733,1.2,0.0,0.8,0.329,19.09,7.27,1.0,0.333,0.184,1.28,34.62,0.31,0.313,0.402,21.79,58.97,29.6,,,,,17.42,5.16,0.7,0.232,6.0,0.1,,,,,,,,,1.0,,,,,,,,,,Janson Junk,,,,,
2026-05-04,JJ Bleday,batter_hits,0.5,144.0,1.0,1,CIN,CHC,,,,,,,,,,,,,,,,,,,0.4097999999999999,,,,7.0,0.857,0.857,0.8,,0.857,2.286,0.429,0.571,0.231,16.0,20.0,1.0,0.333,0.286,7.69,53.85,0.577,0.513,0.846,53.85,15.38,0.0,,,,,21.64,8.19,1.09,0.264,6.0,0.3,,,,,,,,,1.0,,,,,,,,,,Edward Cabrera,,,,,
2026-05-04,Daulton Varsho,batter_hits,0.5,139.0,0.0,0,TOR,TBR,,,,,,,,,,,,,,,,,,,0.4184,0.0,327.0,,33.0,0.7,0.818,1.0,,0.667,1.3,0.067,0.9,0.261,18.11,7.87,1.0,0.22,0.25,6.59,34.07,0.338,0.306,0.463,29.67,37.36,26.8,,,,,16.67,5.95,0.64,0.219,6.0,-0.5,,,,,,,,,1.0,,,,72.0,,0.0,0.0,1.0,0.0,Nick Martinez,,,Tropicana Field,dome,
2026-05-04,José Caballero,batter_hits,0.5,107.0,1.0,1,NYY,BAL,,,,,,,,,,,,,,,,,,,0.4831,,,,34.0,1.0,0.912,0.8,,1.133,2.0,0.2,0.4,0.307,21.09,4.69,1.0,0.255,0.266,3.37,29.21,0.302,0.286,0.414,16.85,56.18,28.2,,,,,18.75,9.09,0.91,0.295,6.0,-0.9,,,,,,,,,1.0,,,,,,,,,,Shane Baz,,,,,
2026-05-04,Nick Fortes,batter_hits,0.5,121.0,1.0,1,TBR,TOR,,,,,,,,,,,,,,,,,,,0.4525,,,,28.0,0.5,0.821,0.4,,0.667,0.6,0.0,0.3,0.297,13.04,2.17,1.0,0.19,0.333,1.37,42.47,0.32,0.317,0.41,19.18,56.16,26.3,,,,,15.6,9.93,2.3,0.225,5.0,-0.5,,,,,,,,,1.0,,,,72.0,,0.0,0.0,1.0,0.0,Eric Lauer,,,Tropicana Field,dome,
2026-05-04,Trevor Story,batter_hits,0.5,134.0,1.0,1,BOS,DET,,,,,,,,,,,,,,,,,,,0.4274,,,,33.0,1.0,0.848,1.2,,0.8,1.1,0.0,1.1,0.292,30.56,4.86,2.0,0.175,0.231,3.3,41.76,0.343,0.329,0.467,25.27,45.05,27.9,,,,,27.11,3.61,0.42,0.277,6.0,-0.1,,,,,,,,,1.0,,,,,,,,,,Tarik Skubal,,,,,
2026-05-04,Willson Contreras,batter_hits,0.5,134.0,0.0,0,BOS,DET,,,,,,,,,,,,,,,,,,,0.4274,,,,34.0,1.2,0.971,1.4,,1.0,2.3,0.267,1.3,0.351,27.89,10.88,1.0,0.276,0.266,18.52,46.91,0.548,0.415,0.844,25.93,37.04,26.6,,,,,27.11,3.61,0.42,0.277,6.0,-0.1,,,,,,,,,1.0,,,,,,,,,,Tarik Skubal,,,,,
2026-05-04,Matt Vierling,batter_hits,0.5,133.0,0.0,0,DET,BOS,,,,,,,,,,,,,,,,,,,0.4292,,,,28.0,0.5,0.536,0.8,,0.6,0.8,0.0,0.6,0.241,17.07,8.54,1.0,0.214,0.2,3.45,37.93,0.329,0.308,0.434,24.14,41.38,28.5,,,,,34.33,8.96,0.51,0.14,6.0,-0.6,,,,,,,,,1.0,,,,,,,,,,Payton Tolle,,,,,
2026-05-04,Daniel Schneemann,batter_hits,0.5,131.0,0.0,0,CLE,KCR,,,,,,,,,,,,,,,,,,,0.4329,,,,29.0,0.8,0.862,0.6,,0.933,1.5,0.2,1.3,0.389,30.93,9.28,1.0,0.278,0.288,10.91,41.82,0.482,0.4,0.713,29.09,34.55,27.4,,,,,20.69,8.62,1.02,0.203,5.0,-0.9,,,,,,,,,1.0,,,,,,,,,,Michael Wacha,,,,,
2026-05-04,David Hamilton,batter_hits,0.5,122.0,0.0,0,MIL,STL,,,,,,,,,,,,,,,,,,,0.4504999999999999,,,,29.0,0.6,0.69,0.6,,0.8,0.8,0.0,0.9,0.308,19.42,11.65,1.0,0.178,0.3,2.99,26.87,0.308,0.297,0.414,13.43,61.19,29.0,,,,,16.98,8.18,1.56,0.302,6.0,0.1,,,,,,,,,1.0,,,,,,,,,,Kyle Leahy,,,,,
2026-05-04,Pedro Pagés,batter_hits,0.5,113.0,0.0,0,STL,MIL,,,,,,,,,,,,,,,,,,,0.4695,,,,23.0,1.0,0.783,0.8,,0.933,1.7,0.133,1.3,0.288,25.0,4.76,1.0,0.244,0.229,7.14,35.71,0.347,0.309,0.519,17.86,44.64,25.7,,,,,14.93,11.94,0.57,0.241,6.0,1.0,,,,,,,,,1.0,,,,,,,,,,Chad Patrick,,,,,
2026-05-04,Brayan Rocchio,batter_hits,0.5,128.0,0.0,0,CLE,KCR,,,,,,,,,,,,,,,,,,,0.4386,,,,35.0,0.9,0.857,1.0,,1.133,1.0,0.067,0.2,0.27,9.23,8.46,1.0,0.34,0.206,1.94,27.18,0.29,0.283,0.391,21.36,46.6,27.3,,,,,20.69,8.62,1.02,0.203,5.0,-0.9,,,,,,,,,1.0,,,,,,,,,,Michael Wacha,,,,,
2026-05-04,Juan Soto,batter_hits,0.5,100.0,0.0,0,NYM,COL,,,,,,,,,,,,,,,,,,,0.5,-1.0,-67.0,,20.0,1.0,1.1,0.8,,0.933,1.8,0.2,0.8,0.339,16.28,15.12,1.0,0.341,0.25,22.81,50.88,0.482,0.371,0.774,26.32,36.84,25.3,,,,,14.57,7.28,1.46,0.203,5.0,-0.1,,,,,,,,,1.0,,,,,,,,,,Tomoyuki Sugano,,,,,
2026-05-04,Tyrone Taylor,batter_hits,0.5,166.0,0.0,0,NYM,COL,,,,,,,,,,,,,,,,,,,0.3759,0.0,324.0,,27.0,0.5,0.444,0.2,,0.4,0.8,0.067,0.3,0.204,15.38,3.08,1.0,0.259,0.147,3.85,25.0,0.286,0.266,0.4,21.15,34.62,28.6,,,,,14.57,7.28,1.46,0.203,5.0,-0.1,,,,,,,,,1.0,,,,,,,,,,Tomoyuki Sugano,,,,,
2026-05-04,Spencer Torkelson,batter_hits,0.5,110.0,0.0,0,DET,BOS,,,,,,,,,,,,,,,,,,,0.4761999999999999,,,,35.0,1.0,0.714,0.8,,0.867,2.5,0.4,1.3,0.279,30.15,14.71,1.0,0.235,0.203,16.44,47.95,0.474,0.371,0.754,27.4,31.51,26.1,,,,,34.33,8.96,0.51,0.14,6.0,-0.6,,,,,,,,,1.0,,,,,,,,,,Payton Tolle,,,,,
2026-05-04,Spencer Steer,batter_hits,0.5,133.0,2.0,1,CIN,CHC,,,,,,,,,,,,,,,,,,,0.4292,,,,33.0,1.1,0.848,1.4,,1.067,1.5,0.133,0.6,0.311,25.0,8.06,1.0,0.193,0.321,17.11,40.79,0.488,0.377,0.75,19.74,36.84,28.3,,,,,21.64,8.19,1.09,0.264,6.0,0.3,,,,,,,,,1.0,,,,,,,,,,Edward Cabrera,,,,,
2026-05-04,Austin Wells,batter_hits,0.5,113.0,0.0,0,NYY,BAL,,,,,,,,,,,,,,,,,,,0.4695,,,,27.0,0.7,0.593,0.8,,0.667,1.3,0.133,0.7,0.22,19.0,18.0,1.0,0.194,0.2,4.84,48.39,0.338,0.305,0.496,16.13,45.16,24.8,,,,,18.75,9.09,0.91,0.295,6.0,-0.9,,,,,,,,,1.0,,,,,,,,,,Shane Baz,,,,,
2026-05-04,Bo Bichette,batter_hits,1.5,115.0,0.0,0,NYM,COL,,,,,,,,,,,,,,,,,,,0.4650999999999999,1.0,-14.0,,35.0,0.9,0.971,1.0,,1.0,1.2,0.067,0.4,0.286,19.48,5.19,1.0,0.239,0.233,3.54,47.79,0.38,0.364,0.505,24.78,56.64,25.7,,,,,14.57,7.28,1.46,0.203,5.0,-0.1,,,,,,,,,1.0,,,,,,,,,,Tomoyuki Sugano,,,,,
2026-05-04,Andrés Giménez,batter_hits,0.5,134.0,1.0,1,TOR,TBR,,,,,,,,,,,,,,,,,,,0.4274,0.0,316.0,,32.0,0.9,0.938,0.4,,0.867,1.2,0.0,0.6,0.284,14.63,3.25,1.0,0.328,0.19,3.12,27.08,0.291,0.267,0.368,17.71,50.0,27.6,,,,,16.67,5.95,0.64,0.219,6.0,-0.5,,,,,,,,,1.0,,,,72.0,,0.0,0.0,1.0,0.0,Nick Martinez,,,Tropicana Field,dome,
2026-05-04,Pete Alonso,batter_hits,0.5,137.0,1.0,1,BAL,NYY,,,,,,,,,,,,,,,,,,,0.4219,,,,35.0,0.8,0.8,1.2,,0.8,1.9,0.267,0.8,0.253,24.67,12.67,1.0,0.222,0.209,11.11,56.67,0.415,0.332,0.651,22.22,42.22,25.0,,,,,29.28,4.97,0.19,0.244,6.0,1.2,,,,,,,,,1.0,,,,,,,,,,Cam Schlittler,,,,,
2026-05-04,Tyler Freeman,batter_hits,0.5,100.0,0.0,0,COL,NYM,,,,,,,,,,,,,,,,,,,0.5,0.0,0.0,,20.0,0.8,0.85,0.8,,0.8,1.2,0.067,0.4,0.314,12.33,4.11,3.0,0.261,0.289,0.0,31.48,0.339,0.338,0.446,24.07,55.56,27.2,,,,,20.63,4.76,0.54,0.204,2.0,0.3,,,,,,,,,1.0,,,,,,,,,,Huascar Brazobán,,,,,
2026-05-04,TJ Rumfield,batter_hits,0.5,100.0,0.0,0,COL,NYM,,,,,,,,,,,,,,,,,,,0.5,0.0,0.0,,36.0,1.0,0.944,1.0,,1.067,1.5,0.133,0.7,0.288,15.97,7.64,1.0,0.262,0.257,8.57,39.05,0.379,0.331,0.551,26.67,45.71,24.9,,,,,20.63,4.76,0.54,0.204,2.0,0.3,,,,,,,,,1.0,,,,,,,,,,Huascar Brazobán,,,,,
2026-05-04,Hunter Goodman,batter_hits,0.5,100.0,0.0,0,COL,NYM,,,,,,,,,,,,,,,,,,,0.5,0.0,0.0,,33.0,0.9,0.879,0.2,,0.933,2.4,0.333,1.8,0.317,38.41,7.25,1.0,0.193,0.265,15.94,53.62,0.506,0.384,0.783,23.19,28.99,27.2,,,,,20.63,4.76,0.54,0.204,2.0,0.3,,,,,,,,,1.0,,,,,,,,,,Huascar Brazobán,,,,,
2026-05-04,Ceddanne Rafaela,batter_hits,0.5,118.0,2.0,1,BOS,DET,,,,,,,,,,,,,,,,,,,0.4587,,,,33.0,1.0,0.879,0.8,,0.933,1.5,0.0,0.9,0.337,22.13,4.92,1.0,0.26,0.262,6.33,39.24,0.336,0.318,0.465,30.38,40.51,28.6,,,,,27.11,3.61,0.42,0.277,6.0,-0.1,,,,,,,,,1.0,,,,,,,,,,Tarik Skubal,,,,,
2026-05-04,Bryce Harper,batter_hits,0.5,100.0,3.0,1,PHI,MIA,,,,,,,,,,,,,,,,,,,0.5,,,,35.0,1.1,1.0,1.0,,1.0,2.1,0.2,0.9,0.289,16.78,12.75,1.0,0.254,0.29,13.86,39.6,0.433,0.333,0.672,19.8,43.56,26.9,,,,,17.42,5.16,0.7,0.232,6.0,0.1,,,,,,,,,1.0,,,,,,,,,,Janson Junk,,,,,
2026-05-04,Trea Turner,batter_hits,0.5,100.0,0.0,0,PHI,MIA,,,,,,,,,,,,,,,,,,,0.5,,,,34.0,1.0,0.971,0.6,,0.867,1.7,0.133,1.1,0.276,20.39,7.89,1.0,0.263,0.203,5.61,39.25,0.321,0.302,0.439,18.69,44.86,29.9,,,,,17.42,5.16,0.7,0.232,6.0,0.1,,,,,,,,,1.0,,,,,,,,,,Janson Junk,,,,,
2026-05-04,Wenceel Pérez,batter_hits,0.5,123.0,0.0,0,DET,BOS,,,,,,,,,,,,,,,,,,,0.4484,,,,21.0,0.7,0.429,0.6,,0.533,1.1,0.067,0.3,0.137,10.77,7.69,1.0,0.135,0.174,10.0,46.0,0.334,0.259,0.501,14.0,44.0,27.9,,,,,34.33,8.96,0.51,0.14,6.0,-0.6,,,,,,,,,1.0,,,,,,,,,,Payton Tolle,,,,,
2026-05-04,Jahmai Jones,batter_hits,0.5,116.0,0.0,0,DET,BOS,,,,,,,,,,,,,,,,,,,0.4629999999999999,,,,22.0,0.3,0.364,0.2,,0.533,0.7,0.133,0.8,0.25,33.33,4.76,3.0,0.231,0.185,20.0,56.0,0.571,0.448,0.909,28.0,36.0,27.8,,,,,34.33,8.96,0.51,0.14,6.0,-0.6,,,,,,,,,1.0,,,,,,,,,,Payton Tolle,,,,,
2026-05-04,Nolan Gorman,batter_hits,0.5,100.0,2.0,1,STL,MIL,,,,,,,,,,,,,,,,,,,0.5,,,,34.0,0.8,0.765,1.0,,0.8,1.5,0.133,0.9,0.276,26.92,8.46,1.0,0.23,0.218,8.75,43.75,0.373,0.309,0.598,25.0,32.5,25.0,,,,,14.93,11.94,0.57,0.241,6.0,1.0,,,,,,,,,1.0,,,,,,,,,,Chad Patrick,,,,,
2026-05-04,Tyler Stephenson,batter_hits,0.5,139.0,1.0,1,CIN,CHC,,,,,,,,,,,,,,,,,,,0.4184,,,,28.0,0.7,0.571,1.0,,0.667,1.1,0.0,1.1,0.259,28.87,12.37,2.0,0.179,0.2,14.55,54.55,0.426,0.335,0.674,20.0,29.09,26.6,,,,,21.64,8.19,1.09,0.264,6.0,0.3,,,,,,,,,1.0,,,,,,,,,,Edward Cabrera,,,,,
2026-05-04,Isaac Collins,batter_hits,0.5,-103.0,0.0,0,KCR,CLE,,,,,,,,,,,,,,,,,,,0.5074000000000001,,,,30.0,1.0,0.7,1.0,,0.8,1.5,0.067,0.8,0.333,29.36,13.76,1.0,0.327,0.119,6.67,38.33,0.342,0.331,0.475,23.33,33.33,27.8,,,,,20.93,9.3,1.37,0.277,6.0,-1.4,,,,,,,,,1.0,,,,,,,,,,Tanner Bibee,,,,,
2026-05-04,Owen Caissie,batter_hits,0.5,108.0,0.0,0,MIA,PHI,,,,,,,,,,,,,,,,,,,0.4808,,,,32.0,0.4,0.594,0.4,,0.467,0.5,0.0,1.2,0.354,42.72,4.85,1.0,0.278,0.1,11.54,46.15,0.462,0.393,0.681,30.77,40.38,28.5,,,,,24.84,8.07,1.45,0.304,8.0,0.2,,,,,,,,,1.0,,,,,,,,,,Aaron Nola,,,,,
2026-05-04,Gunnar Henderson,batter_hits,0.5,123.0,1.0,1,BAL,NYY,,,,,,,,,,,,,,,,,,,0.4484,,,,34.0,1.0,0.882,0.8,,0.867,1.8,0.2,1.6,0.244,31.01,7.59,2.0,0.218,0.197,10.87,45.65,0.429,0.347,0.61,23.91,39.13,27.9,,,,,29.28,4.97,0.19,0.244,6.0,1.2,,,,,,,,,1.0,,,,,,,,,,Cam Schlittler,,,,,
2026-05-04,Ryan McMahon,batter_hits,0.5,-102.0,1.0,1,NYY,BAL,,,,,,,,,,,,,,,,,,,0.505,,,,33.0,1.0,0.515,1.0,,0.733,1.5,0.067,0.9,0.283,30.85,10.64,1.0,0.216,0.191,11.54,53.85,0.379,0.331,0.558,15.38,46.15,25.5,,,,,18.75,9.09,0.91,0.295,6.0,-0.9,,,,,,,,,1.0,,,,,,,,,,Shane Baz,,,,,
2026-05-04,Marcus Semien,batter_hits,0.5,100.0,0.0,0,NYM,COL,,,,,,,,,,,,,,,,,,,0.5,-1.0,-88.0,,35.0,0.5,0.743,0.4,,0.733,0.5,0.0,0.8,0.26,20.59,5.88,1.0,0.149,0.276,6.19,32.99,0.327,0.298,0.457,24.74,32.99,28.1,,,,,14.57,7.28,1.46,0.203,5.0,-0.1,,,,,,,,,1.0,,,,,,,,,,Tomoyuki Sugano,,,,,
2026-05-04,Bo Bichette,batter_hits,2.5,100.0,0.0,0,NYM,COL,,,,,,,,,,,,,,,,,,,0.5,1.0,-14.0,,35.0,0.9,0.971,1.0,,1.0,1.2,0.067,0.4,0.286,19.48,5.19,1.0,0.239,0.233,3.54,47.79,0.38,0.364,0.505,24.78,56.64,25.7,,,,,14.57,7.28,1.46,0.203,5.0,-0.1,,,,,,,,,1.0,,,,,,,,,,Tomoyuki Sugano,,,,,
2026-05-04,Francisco Alvarez,batter_hits,0.5,100.0,1.0,1,NYM,COL,,,,,,,,,,,,,,,,,,,0.5,-1.0,-68.0,,32.0,0.6,0.688,0.8,,0.6,0.8,0.0,1.1,0.265,21.82,8.18,2.0,0.22,0.239,14.08,40.85,0.385,0.306,0.599,15.49,50.7,25.8,,,,,14.57,7.28,1.46,0.203,5.0,-0.1,,,,,,,,,1.0,,,,,,,,,,Tomoyuki Sugano,,,,,
2026-05-04,Graham Pauley,batter_hits,0.5,100.0,0.0,0,MIA,PHI,,,,,,,,,,,,,,,,,,,0.5,,,,27.0,0.5,0.481,0.0,,0.533,0.8,0.067,0.5,0.231,24.68,5.19,1.0,0.162,0.2,3.85,19.23,0.232,0.205,0.314,15.38,38.46,26.2,,,,,24.84,8.07,1.45,0.304,8.0,0.2,,,,,,,,,1.0,,,,,,,,,,Aaron Nola,,,,,
2026-05-04,Yohendrick Piñango,batter_hits,0.5,109.0,3.0,1,TOR,TBR,,,,,,,,,,,,,,,,,,,0.4785,,,,4.0,1.25,1.25,1.25,,1.25,1.25,0.0,0.0,0.556,0.0,10.0,1.0,0.5,0.6,0.0,41.67,0.364,0.387,0.448,25.0,50.0,0.0,,,,,16.67,5.95,0.64,0.219,6.0,-0.5,,,,,,,,,1.0,,,,72.0,,0.0,0.0,1.0,0.0,Nick Martinez,,,Tropicana Field,dome,
2026-05-04,Hao-Yu Lee,batter_hits,0.5,-101.0,0.0,0,DET,BOS,,,,,,,,,,,,,,,,,,,0.5025,,,,13.0,0.5,0.538,0.4,,0.538,0.9,0.077,0.9,0.261,32.5,7.5,1.0,0.188,0.19,14.29,42.86,0.426,0.312,0.707,28.57,23.81,27.4,,,,,34.33,8.96,0.51,0.14,6.0,-0.6,,,,,,,,,1.0,,,,,,,,,,Payton Tolle,,,,,
2026-05-04,Matt McLain,batter_hits,0.5,110.0,0.0,0,CIN,CHC,,,,,,,,,,,,,,,,,,,0.4761999999999999,,,,35.0,0.5,0.686,0.0,,0.733,1.2,0.133,1.1,0.262,25.87,12.59,1.0,0.164,0.226,8.14,30.23,0.366,0.311,0.505,15.12,39.53,28.6,,,,,21.64,8.19,1.09,0.264,6.0,0.3,,,,,,,,,1.0,,,,,,,,,,Edward Cabrera,,,,,
2026-05-04,Owen Caissie,batter_hits,1.5,100.0,0.0,0,MIA,PHI,,,,,,,,,,,,,,,,,,,0.5,,,,32.0,0.4,0.594,0.4,,0.467,0.5,0.0,1.2,0.354,42.72,4.85,1.0,0.278,0.1,11.54,46.15,0.462,0.393,0.681,30.77,40.38,28.5,,,,,24.84,8.07,1.45,0.304,8.0,0.2,,,,,,,,,1.0,,,,,,,,,,Aaron Nola,,,,,
2026-05-04,Travis Bazzana,batter_hits,0.5,128.0,1.0,1,CLE,KCR,,,,,,,,,,,,,,,,,,,0.4386,,,,6.0,0.667,0.667,0.8,,0.667,0.667,0.0,0.667,0.25,15.38,23.08,1.0,0.0,0.286,0.0,33.33,0.281,0.262,0.333,16.67,50.0,0.0,,,,,20.69,8.62,1.02,0.203,5.0,-0.9,,,,,,,,,1.0,,,,,,,,,,Michael Wacha,,,,,
2026-05-04,Bo Naylor,batter_hits,0.5,112.0,0.0,0,CLE,KCR,,,,,,,,,,,,,,,,,,,0.4717,,,,26.0,0.3,0.385,0.4,,0.4,0.4,0.067,0.8,0.158,22.89,7.23,1.0,0.062,0.178,10.91,38.18,0.356,0.29,0.533,21.82,34.55,27.3,,,,,20.69,8.62,1.02,0.203,5.0,-0.9,,,,,,,,,1.0,,,,,,,,,,Michael Wacha,,,,,
2026-05-04,Ke'Bryan Hayes,batter_hits,0.5,116.0,1.0,1,CIN,CHC,,,,,,,,,,,,,,,,,,,0.4629999999999999,,,,31.0,0.7,0.355,0.4,,0.533,1.6,0.133,0.9,0.129,15.96,7.45,2.0,0.122,0.132,11.43,41.43,0.34,0.287,0.505,25.71,35.71,26.8,,,,,21.64,8.19,1.09,0.264,6.0,0.3,,,,,,,,,1.0,,,,,,,,,,Edward Cabrera,,,,,
2026-05-04,Brett Baty,batter_hits,0.5,100.0,0.0,0,NYM,COL,,,,,,,,,,,,,,,,,,,0.5,-1.0,-63.0,,32.0,0.4,0.625,0.2,,0.533,0.5,0.067,0.8,0.284,27.68,8.04,1.0,0.246,0.143,7.46,35.82,0.356,0.329,0.524,23.88,50.75,26.7,,,,,14.57,7.28,1.46,0.203,5.0,-0.1,,,,,,,,,1.0,,,,,,,,,,Tomoyuki Sugano,,,,,
2026-05-04,Andruw Monasterio,batter_hits,0.5,104.0,1.0,1,BOS,DET,,,,,,,,,,,,,,,,,,,0.4902,,,,18.0,0.6,0.611,0.4,,0.667,1.1,0.067,0.5,0.256,18.18,9.09,1.0,0.056,0.312,8.11,45.95,0.375,0.345,0.532,24.32,37.84,27.1,,,,,27.11,3.61,0.42,0.277,6.0,-0.1,,,,,,,,,1.0,,,,,,,,,,Tarik Skubal,,,,,
2026-05-04,Leody Taveras,batter_hits,0.5,-103.0,1.0,1,BAL,NYY,,,,,,,,,,,,,,,,,,,0.5074000000000001,,,,28.0,0.7,0.75,0.8,,0.733,1.3,0.133,0.7,0.345,20.0,15.56,1.0,0.297,0.263,5.36,35.71,0.384,0.342,0.555,32.14,26.79,28.8,,,,,29.28,4.97,0.19,0.244,6.0,1.2,,,,,,,,,1.0,,,,,,,,,,Cam Schlittler,,,,,
2026-05-04,Dylan Beavers,batter_hits,0.5,-103.0,1.0,1,BAL,NYY,,,,,,,,,,,,,,,,,,,0.5074000000000001,,,,27.0,0.8,0.704,0.4,,0.667,1.3,0.067,0.9,0.279,24.24,10.1,2.0,0.222,0.214,6.35,39.68,0.355,0.31,0.509,19.05,46.03,29.1,,,,,29.28,4.97,0.19,0.244,6.0,1.2,,,,,,,,,1.0,,,,,,,,,,Cam Schlittler,,,,,
2026-05-04,Samuel Basallo,batter_hits,0.5,-103.0,0.0,0,BAL,NYY,,,,,,,,,,,,,,,,,,,0.5074000000000001,,,,27.0,1.2,0.815,0.6,,1.067,2.1,0.2,1.1,0.279,26.92,9.62,1.0,0.278,0.175,9.52,46.03,0.424,0.348,0.64,26.98,36.51,25.1,,,,,29.28,4.97,0.19,0.244,6.0,1.2,,,,,,,,,1.0,,,,,,,,,,Cam Schlittler,,,,,
2026-05-04,Jeremiah Jackson,batter_hits,0.5,-115.0,1.0,1,BAL,NYY,,,,,,,,,,,,,,,,,,,0.5349,,,,33.0,0.6,0.879,0.4,,0.667,1.0,0.067,0.7,0.287,22.41,1.72,1.0,0.323,0.18,8.33,35.71,0.38,0.332,0.545,17.86,53.57,26.2,,,,,29.28,4.97,0.19,0.244,6.0,1.2,,,,,,,,,1.0,,,,,,,,,,Cam Schlittler,,,,,
2026-05-04,Taylor Walls,batter_hits,0.5,-113.0,1.0,1,TBR,TOR,,,,,,,,,,,,,,,,,,,0.5305,0.0,8.0,,23.0,0.5,0.609,0.6,,0.4,0.7,0.0,0.7,0.28,24.71,10.59,1.0,0.25,0.111,0.0,15.69,0.235,0.234,0.296,13.73,43.14,27.7,,,,,15.6,9.93,2.3,0.225,5.0,-0.5,,,,,,,,,1.0,,,,72.0,,0.0,0.0,1.0,0.0,Eric Lauer,,,Tropicana Field,dome,
2026-05-04,Brandon Valenzuela,batter_hits,0.5,-106.0,1.0,1,TOR,TBR,,,,,,,,,,,,,,,,,,,0.5146000000000001,,,,18.0,0.7,0.556,1.0,,0.6,1.3,0.2,0.7,0.241,31.37,5.88,1.0,0.19,0.222,10.0,40.0,0.362,0.303,0.547,26.67,43.33,24.0,,,,,16.67,5.95,0.64,0.219,6.0,-0.5,,,,,,,,,1.0,,,,72.0,,0.0,0.0,1.0,0.0,Nick Martinez,,,Tropicana Field,dome,
2026-05-04,Caleb Durbin,batter_hits,0.5,-104.0,0.0,0,BOS,DET,,,,,,,,,,,,,,,,,,,0.5097999999999999,,,,33.0,0.7,0.545,0.4,,0.667,1.1,0.067,0.3,0.185,13.11,9.02,1.0,0.176,0.155,1.08,27.96,0.262,0.251,0.326,16.13,59.14,28.1,,,,,27.11,3.61,0.42,0.277,6.0,-0.1,,,,,,,,,1.0,,,,,,,,,,Tarik Skubal,,,,,
