date,player,market,line,american_odds,actual,over,team,opponent,book,side,game,event_id,team_moneyline,opponent_moneyline,game_total,open_team_moneyline,close_team_moneyline,moneyline_move,open_game_total,close_game_total,total_move,moneyline_implied_probability,favorite_status,team_implied_runs,opponent_implied_runs,opponent_implied_runs_proxy,recent_games,recent_rate,season_rate,rolling_avg_5,rolling_avg_10,rolling_avg_15,rolling_total_bases_10,rolling_hr_rate_15,rolling_k_rate_10,opponent_rate,pitcher_k_rate,pitcher_walk_rate,pitcher_hr_rate,team_k_rate,team_walk_rate,batter_k_rate,batter_walk_rate,barrel_rate,hard_hit_rate,xwoba,xba,xslg,park_factor,hit_factor,hr_factor,k_factor,temperature,wind_mph,pitcher,throws,bats,venue,roof
2026-05-03,Josh Jung,batter_hits,0.5,-295,0,0,TEX,DET,BetRivers,Over,Texas Rangers @ Detroit Tigers,13359,0.0,0.0,0.0,0.0,0.0,0,0.0,0.0,0,0.5,,0.0,0.0,0.0,,,,,,,,,,0.0,,,,,,,,,,,,,1.0,,,,,,,,,,
2026-05-03,Wenceel Pérez,batter_hits,0.5,-180,0,0,DET,TEX,BetRivers,Over,Texas Rangers @ Detroit Tigers,13359,0.0,0.0,0.0,0.0,0.0,0,0.0,0.0,0,0.5,,0.0,0.0,0.0,,,,,,,,,,0.0,,,,,,,,,,,,,1.0,,,,,,,,,,
2026-05-03,Spencer Torkelson,batter_hits,0.5,-200,0,0,DET,TEX,BetRivers,Over,Texas Rangers @ Detroit Tigers,13359,0.0,0.0,0.0,0.0,0.0,0,0.0,0.0,0,0.5,,0.0,0.0,0.0,,,,,,,,,,0.0,,,,,,,,,,,,,1.0,,,,,,,,,,
2026-05-03,Hao-Yu Lee,batter_hits,0.5,-143,0,0,DET,TEX,BetRivers,Over,Texas Rangers @ Detroit Tigers,13359,0.0,0.0,0.0,0.0,0.0,0,0.0,0.0,0,0.5,,0.0,0.0,0.0,,,,,,,,,,0.0,,,,,,,,,,,,,1.0,,,,,,,,,,
2026-05-03,Kyle Higashioka,batter_hits,0.5,-186,0,0,TEX,DET,BetRivers,Over,Texas Rangers @ Detroit Tigers,13359,0.0,0.0,0.0,0.0,0.0,0,0.0,0.0,0,0.5,,0.0,0.0,0.0,,,,,,,,,,0.0,,,,,,,,,,,,,1.0,,,,,,,,,,
2026-05-03,Ezequiel Duran,batter_hits,0.5,-200,0,0,TEX,DET,BetRivers,Over,Texas Rangers @ Detroit Tigers,13359,0.0,0.0,0.0,0.0,0.0,0,0.0,0.0,0,0.5,,0.0,0.0,0.0,,,,,,,,,,0.0,,,,,,,,,,,,,1.0,,,,,,,,,,
2026-05-03,Kevin McGonigle,batter_hits,0.5,-295,0,0,DET,TEX,BetRivers,Over,Texas Rangers @ Detroit Tigers,13359,0.0,0.0,0.0,0.0,0.0,0,0.0,0.0,0,0.5,,0.0,0.0,0.0,,,,,,,,,,0.0,,,,,,,,,,,,,1.0,,,,,,,,,,
2026-05-03,Colt Keith,batter_hits,0.5,-235,0,0,DET,TEX,BetRivers,Over,Texas Rangers @ Detroit Tigers,13359,0.0,0.0,0.0,0.0,0.0,0,0.0,0.0,0,0.5,,0.0,0.0,0.0,,,,,,,,,,0.0,,,,,,,,,,,,,1.0,,,,,,,,,,
2026-05-03,Kerry Carpenter,batter_hits,0.5,-167,0,0,DET,TEX,BetRivers,Over,Texas Rangers @ Detroit Tigers,13359,0.0,0.0,0.0,0.0,0.0,0,0.0,0.0,0,0.5,,0.0,0.0,0.0,,,,,,,,,,0.0,,,,,,,,,,,,,1.0,,,,,,,,,,
2026-05-03,Jake Rogers,batter_hits,0.5,-132,0,0,DET,TEX,BetRivers,Over,Texas Rangers @ Detroit Tigers,13359,0.0,0.0,0.0,0.0,0.0,0,0.0,0.0,0,0.5,,0.0,0.0,0.0,,,,,,,,,,0.0,,,,,,,,,,,,,1.0,,,,,,,,,,
2026-05-03,Josh Smith,batter_hits,0.5,-180,0,0,TEX,DET,BetRivers,Over,Texas Rangers @ Detroit Tigers,13359,0.0,0.0,0.0,0.0,0.0,0,0.0,0.0,0,0.5,,0.0,0.0,0.0,,,,,,,,,,0.0,,,,,,,,,,,,,1.0,,,,,,,,,,
2026-05-03,Corey Seager,batter_hits,0.5,-305,0,0,TEX,DET,BetRivers,Over,Texas Rangers @ Detroit Tigers,13359,0.0,0.0,0.0,0.0,0.0,0,0.0,0.0,0,0.5,,0.0,0.0,0.0,,,,,,,,,,0.0,,,,,,,,,,,,,1.0,,,,,,,,,,
2026-05-03,Evan Carter,batter_hits,0.5,-137,0,0,TEX,DET,BetRivers,Over,Texas Rangers @ Detroit Tigers,13359,0.0,0.0,0.0,0.0,0.0,0,0.0,0.0,0,0.5,,0.0,0.0,0.0,,,,,,,,,,0.0,,,,,,,,,,,,,1.0,,,,,,,,,,
2026-05-03,Riley Greene,batter_hits,0.5,-278,0,0,DET,TEX,BetRivers,Over,Texas Rangers @ Detroit Tigers,13359,0.0,0.0,0.0,0.0,0.0,0,0.0,0.0,0,0.5,,0.0,0.0,0.0,,,,,,,,,,0.0,,,,,,,,,,,,,1.0,,,,,,,,,,
2026-05-03,Brandon Nimmo,batter_hits,0.5,-286,1,1,TEX,DET,BetRivers,Over,Texas Rangers @ Detroit Tigers,13359,0.0,0.0,0.0,0.0,0.0,0,0.0,0.0,0,0.5,,0.0,0.0,0.0,,,,,,,,,,0.0,,,,,,,,,,,,,1.0,,,,,,,,,,
2026-05-03,Matt Vierling,batter_hits,0.5,-195,0,0,DET,TEX,BetRivers,Over,Texas Rangers @ Detroit Tigers,13359,0.0,0.0,0.0,0.0,0.0,0,0.0,0.0,0,0.5,,0.0,0.0,0.0,,,,,,,,,,0.0,,,,,,,,,,,,,1.0,,,,,,,,,,
2026-05-03,Andrew McCutchen,batter_hits,0.5,-150,0,0,TEX,DET,BetRivers,Over,Texas Rangers @ Detroit Tigers,13359,0.0,0.0,0.0,0.0,0.0,0,0.0,0.0,0,0.5,,0.0,0.0,0.0,,,,,,,,,,0.0,,,,,,,,,,,,,1.0,,,,,,,,,,
2026-05-03,Jake Burger,batter_hits,0.5,-265,0,0,TEX,DET,BetRivers,Over,Texas Rangers @ Detroit Tigers,13359,0.0,0.0,0.0,0.0,0.0,0,0.0,0.0,0,0.5,,0.0,0.0,0.0,,,,,,,,,,0.0,,,,,,,,,,,,,1.0,,,,,,,,,,
2026-05-03,Josh Jung,batter_hits,1.5,168,0,0,TEX,DET,DraftKings,Over,Texas Rangers @ Detroit Tigers,13359,0.0,0.0,0.0,0.0,0.0,0,0.0,0.0,0,0.5,,0.0,0.0,0.0,,,,,,,,,,0.0,,,,,,,,,,,,,1.0,,,,,,,,,,
2026-05-03,Josh Jung,batter_hits,1.5,-227,0,0,TEX,DET,DraftKings,Under,Texas Rangers @ Detroit Tigers,13359,0.0,0.0,0.0,0.0,0.0,0,0.0,0.0,0,0.5,,0.0,0.0,0.0,,,,,,,,,,0.0,,,,,,,,,,,,,1.0,,,,,,,,,,
2026-05-03,Corey Seager,batter_hits,0.5,184,0,0,TEX,DET,DraftKings,Under,Texas Rangers @ Detroit Tigers,13359,0.0,0.0,0.0,0.0,0.0,0,0.0,0.0,0,0.5,,0.0,0.0,0.0,,,,,,,,,,0.0,,,,,,,,,,,,,1.0,,,,,,,,,,
2026-05-03,Jake Burger,batter_hits,0.5,166,0,0,TEX,DET,DraftKings,Under,Texas Rangers @ Detroit Tigers,13359,0.0,0.0,0.0,0.0,0.0,0,0.0,0.0,0,0.5,,0.0,0.0,0.0,,,,,,,,,,0.0,,,,,,,,,,,,,1.0,,,,,,,,,,
2026-05-03,Kyle Higashioka,batter_hits,0.5,130,0,0,TEX,DET,DraftKings,Under,Texas Rangers @ Detroit Tigers,13359,0.0,0.0,0.0,0.0,0.0,0,0.0,0.0,0,0.5,,0.0,0.0,0.0,,,,,,,,,,0.0,,,,,,,,,,,,,1.0,,,,,,,,,,
2026-05-03,Evan Carter,batter_hits,0.5,104,0,0,TEX,DET,DraftKings,Under,Texas Rangers @ Detroit Tigers,13359,0.0,0.0,0.0,0.0,0.0,0,0.0,0.0,0,0.5,,0.0,0.0,0.0,,,,,,,,,,0.0,,,,,,,,,,,,,1.0,,,,,,,,,,
2026-05-03,Sam Haggerty,batter_hits,0.5,-102,0,0,TEX,DET,DraftKings,Over,Texas Rangers @ Detroit Tigers,13359,0.0,0.0,0.0,0.0,0.0,0,0.0,0.0,0,0.5,,0.0,0.0,0.0,,,,,,,,,,0.0,,,,,,,,,,,,,1.0,,,,,,,,,,
2026-05-03,Sam Haggerty,batter_hits,0.5,-131,0,0,TEX,DET,DraftKings,Under,Texas Rangers @ Detroit Tigers,13359,0.0,0.0,0.0,0.0,0.0,0,0.0,0.0,0,0.5,,0.0,0.0,0.0,,,,,,,,,,0.0,,,,,,,,,,,,,1.0,,,,,,,,,,
2026-05-03,Kevin McGonigle,batter_hits,0.5,182,0,0,DET,TEX,DraftKings,Under,Texas Rangers @ Detroit Tigers,13359,0.0,0.0,0.0,0.0,0.0,0,0.0,0.0,0,0.5,,0.0,0.0,0.0,,,,,,,,,,0.0,,,,,,,,,,,,,1.0,,,,,,,,,,
2026-05-03,Dillon Dingler,batter_hits,0.5,-215,0,0,DET,TEX,DraftKings,Over,Texas Rangers @ Detroit Tigers,13359,0.0,0.0,0.0,0.0,0.0,0,0.0,0.0,0,0.5,,0.0,0.0,0.0,,,,,,,,,,0.0,,,,,,,,,,,,,1.0,,,,,,,,,,
2026-05-03,Dillon Dingler,batter_hits,0.5,160,0,0,DET,TEX,DraftKings,Under,Texas Rangers @ Detroit Tigers,13359,0.0,0.0,0.0,0.0,0.0,0,0.0,0.0,0,0.5,,0.0,0.0,0.0,,,,,,,,,,0.0,,,,,,,,,,,,,1.0,,,,,,,,,,
2026-05-03,Riley Greene,batter_hits,0.5,152,0,0,DET,TEX,DraftKings,Under,Texas Rangers @ Detroit Tigers,13359,0.0,0.0,0.0,0.0,0.0,0,0.0,0.0,0,0.5,,0.0,0.0,0.0,,,,,,,,,,0.0,,,,,,,,,,,,,1.0,,,,,,,,,,
2026-05-03,Gleyber Torres,batter_hits,0.5,-195,0,0,DET,TEX,DraftKings,Over,Texas Rangers @ Detroit Tigers,13359,0.0,0.0,0.0,0.0,0.0,0,0.0,0.0,0,0.5,,0.0,0.0,0.0,,,,,,,,,,0.0,,,,,,,,,,,,,1.0,,,,,,,,,,
2026-05-03,Gleyber Torres,batter_hits,0.5,145,0,0,DET,TEX,DraftKings,Under,Texas Rangers @ Detroit Tigers,13359,0.0,0.0,0.0,0.0,0.0,0,0.0,0.0,0,0.5,,0.0,0.0,0.0,,,,,,,,,,0.0,,,,,,,,,,,,,1.0,,,,,,,,,,
2026-05-03,Ezequiel Duran,batter_hits,0.5,132,0,0,TEX,DET,DraftKings,Under,Texas Rangers @ Detroit Tigers,13359,0.0,0.0,0.0,0.0,0.0,0,0.0,0.0,0,0.5,,0.0,0.0,0.0,,,,,,,,,,0.0,,,,,,,,,,,,,1.0,,,,,,,,,,
2026-05-03,Colt Keith,batter_hits,0.5,129,0,0,DET,TEX,DraftKings,Under,Texas Rangers @ Detroit Tigers,13359,0.0,0.0,0.0,0.0,0.0,0,0.0,0.0,0,0.5,,0.0,0.0,0.0,,,,,,,,,,0.0,,,,,,,,,,,,,1.0,,,,,,,,,,
2026-05-03,Spencer Torkelson,batter_hits,0.5,111,0,0,DET,TEX,DraftKings,Under,Texas Rangers @ Detroit Tigers,13359,0.0,0.0,0.0,0.0,0.0,0,0.0,0.0,0,0.5,,0.0,0.0,0.0,,,,,,,,,,0.0,,,,,,,,,,,,,1.0,,,,,,,,,,
2026-05-03,Danny Jansen,batter_hits,0.5,-143,0,0,TEX,DET,DraftKings,Over,Texas Rangers @ Detroit Tigers,13359,0.0,0.0,0.0,0.0,0.0,0,0.0,0.0,0,0.5,,0.0,0.0,0.0,,,,,,,,,,0.0,,,,,,,,,,,,,1.0,,,,,,,,,,
2026-05-03,Danny Jansen,batter_hits,0.5,108,0,0,TEX,DET,DraftKings,Under,Texas Rangers @ Detroit Tigers,13359,0.0,0.0,0.0,0.0,0.0,0,0.0,0.0,0,0.5,,0.0,0.0,0.0,,,,,,,,,,0.0,,,,,,,,,,,,,1.0,,,,,,,,,,
2026-05-03,Kerry Carpenter,batter_hits,0.5,107,0,0,DET,TEX,DraftKings,Under,Texas Rangers @ Detroit Tigers,13359,0.0,0.0,0.0,0.0,0.0,0,0.0,0.0,0,0.5,,0.0,0.0,0.0,,,,,,,,,,0.0,,,,,,,,,,,,,1.0,,,,,,,,,,
2026-05-03,Matt Vierling,batter_hits,0.5,-103,0,0,DET,TEX,DraftKings,Under,Texas Rangers @ Detroit Tigers,13359,0.0,0.0,0.0,0.0,0.0,0,0.0,0.0,0,0.5,,0.0,0.0,0.0,,,,,,,,,,0.0,,,,,,,,,,,,,1.0,,,,,,,,,,
2026-05-03,Andrew McCutchen,batter_hits,0.5,-122,0,0,TEX,DET,DraftKings,Under,Texas Rangers @ Detroit Tigers,13359,0.0,0.0,0.0,0.0,0.0,0,0.0,0.0,0,0.5,,0.0,0.0,0.0,,,,,,,,,,0.0,,,,,,,,,,,,,1.0,,,,,,,,,,
2026-05-03,Hao-Yu Lee,batter_hits,1.5,100,0,0,DET,TEX,PrizePicks,Over,Texas Rangers @ Detroit Tigers,13359,0.0,0.0,0.0,0.0,0.0,0,0.0,0.0,0,0.5,,0.0,0.0,0.0,,,,,,,,,,0.0,,,,,,,,,,,,,1.0,,,,,,,,,,
2026-05-03,Hao-Yu Lee,batter_hits,1.5,100,0,0,DET,TEX,PrizePicks,Under,Texas Rangers @ Detroit Tigers,13359,0.0,0.0,0.0,0.0,0.0,0,0.0,0.0,0,0.5,,0.0,0.0,0.0,,,,,,,,,,0.0,,,,,,,,,,,,,1.0,,,,,,,,,,
2026-05-03,Alejandro Osuna,batter_hits,0.5,100,0,0,TEX,DET,PrizePicks,Over,Texas Rangers @ Detroit Tigers,13359,0.0,0.0,0.0,0.0,0.0,0,0.0,0.0,0,0.5,,0.0,0.0,0.0,,,,,,,,,,0.0,,,,,,,,,,,,,1.0,,,,,,,,,,
2026-05-03,Alejandro Osuna,batter_hits,0.5,100,0,0,TEX,DET,PrizePicks,Under,Texas Rangers @ Detroit Tigers,13359,0.0,0.0,0.0,0.0,0.0,0,0.0,0.0,0,0.5,,0.0,0.0,0.0,,,,,,,,,,0.0,,,,,,,,,,,,,1.0,,,,,,,,,,
2026-05-03,Wenceel Pérez,batter_hits,0.5,100,0,0,DET,TEX,PrizePicks,Under,Texas Rangers @ Detroit Tigers,13359,0.0,0.0,0.0,0.0,0.0,0,0.0,0.0,0,0.5,,0.0,0.0,0.0,,,,,,,,,,0.0,,,,,,,,,,,,,1.0,,,,,,,,,,
2026-05-03,Josh Jung,batter_hits,0.5,100,0,0,TEX,DET,PrizePicks,Under,Texas Rangers @ Detroit Tigers,13359,0.0,0.0,0.0,0.0,0.0,0,0.0,0.0,0,0.5,,0.0,0.0,0.0,,,,,,,,,,0.0,,,,,,,,,,,,,1.0,,,,,,,,,,
2026-05-03,Josh Smith,batter_hits,0.5,100,0,0,TEX,DET,PrizePicks,Under,Texas Rangers @ Detroit Tigers,13359,0.0,0.0,0.0,0.0,0.0,0,0.0,0.0,0,0.5,,0.0,0.0,0.0,,,,,,,,,,0.0,,,,,,,,,,,,,1.0,,,,,,,,,,
2026-05-03,Brandon Nimmo,batter_hits,0.5,100,1,1,TEX,DET,PrizePicks,Under,Texas Rangers @ Detroit Tigers,13359,0.0,0.0,0.0,0.0,0.0,0,0.0,0.0,0,0.5,,0.0,0.0,0.0,,,,,,,,,,0.0,,,,,,,,,,,,,1.0,,,,,,,,,,
2026-05-03,Jake Rogers,batter_hits,0.5,100,0,0,DET,TEX,PrizePicks,Under,Texas Rangers @ Detroit Tigers,13359,0.0,0.0,0.0,0.0,0.0,0,0.0,0.0,0,0.5,,0.0,0.0,0.0,,,,,,,,,,0.0,,,,,,,,,,,,,1.0,,,,,,,,,,
2026-05-03,Evan Carter,batter_hits,1.5,100,0,0,TEX,DET,PrizePicks,Over,Texas Rangers @ Detroit Tigers,13359,0.0,0.0,0.0,0.0,0.0,0,0.0,0.0,0,0.5,,0.0,0.0,0.0,,,,,,,,,,0.0,,,,,,,,,,,,,1.0,,,,,,,,,,
2026-05-03,Evan Carter,batter_hits,1.5,100,0,0,TEX,DET,PrizePicks,Under,Texas Rangers @ Detroit Tigers,13359,0.0,0.0,0.0,0.0,0.0,0,0.0,0.0,0,0.5,,0.0,0.0,0.0,,,,,,,,,,0.0,,,,,,,,,,,,,1.0,,,,,,,,,,
2026-05-03,Matt Vierling,batter_hits,1.5,100,0,0,DET,TEX,PrizePicks,Over,Texas Rangers @ Detroit Tigers,13359,0.0,0.0,0.0,0.0,0.0,0,0.0,0.0,0,0.5,,0.0,0.0,0.0,,,,,,,,,,0.0,,,,,,,,,,,,,1.0,,,,,,,,,,
2026-05-03,Matt Vierling,batter_hits,1.5,100,0,0,DET,TEX,PrizePicks,Under,Texas Rangers @ Detroit Tigers,13359,0.0,0.0,0.0,0.0,0.0,0,0.0,0.0,0,0.5,,0.0,0.0,0.0,,,,,,,,,,0.0,,,,,,,,,,,,,1.0,,,,,,,,,,
2026-05-03,Sam Haggerty,batter_hits,1.5,100,0,0,TEX,DET,PrizePicks,Over,Texas Rangers @ Detroit Tigers,13359,0.0,0.0,0.0,0.0,0.0,0,0.0,0.0,0,0.5,,0.0,0.0,0.0,,,,,,,,,,0.0,,,,,,,,,,,,,1.0,,,,,,,,,,
2026-05-03,Sam Haggerty,batter_hits,1.5,100,0,0,TEX,DET,PrizePicks,Under,Texas Rangers @ Detroit Tigers,13359,0.0,0.0,0.0,0.0,0.0,0,0.0,0.0,0,0.5,,0.0,0.0,0.0,,,,,,,,,,0.0,,,,,,,,,,,,,1.0,,,,,,,,,,
2026-05-03,Joc Pederson,batter_hits,1.5,100,0,0,TEX,DET,PrizePicks,Over,Texas Rangers @ Detroit Tigers,13359,0.0,0.0,0.0,0.0,0.0,0,0.0,0.0,0,0.5,,0.0,0.0,0.0,,,,,,,,,,0.0,,,,,,,,,,,,,1.0,,,,,,,,,,
2026-05-03,Joc Pederson,batter_hits,1.5,100,0,0,TEX,DET,PrizePicks,Under,Texas Rangers @ Detroit Tigers,13359,0.0,0.0,0.0,0.0,0.0,0,0.0,0.0,0,0.5,,0.0,0.0,0.0,,,,,,,,,,0.0,,,,,,,,,,,,,1.0,,,,,,,,,,
2026-05-03,Brandon Nimmo,batter_hits,1.5,193,1,0,TEX,DET,Underdog Fantasy,Over,Texas Rangers @ Detroit Tigers,13359,0.0,0.0,0.0,0.0,0.0,0,0.0,0.0,0,0.5,,0.0,0.0,0.0,,,,,,,,,,0.0,,,,,,,,,,,,,1.0,,,,,,,,,,
2026-05-03,Brandon Nimmo,batter_hits,1.5,-271,1,0,TEX,DET,Underdog Fantasy,Under,Texas Rangers @ Detroit Tigers,13359,0.0,0.0,0.0,0.0,0.0,0,0.0,0.0,0,0.5,,0.0,0.0,0.0,,,,,,,,,,0.0,,,,,,,,,,,,,1.0,,,,,,,,,,
2026-05-03,Kyle Schwarber,batter_hits,0.5,-205,2,1,PHI,MIA,Underdog Fantasy,Over,Philadelphia Phillies @ Miami Marlins,14242,0.0,0.0,0.0,0.0,0.0,0,0.0,0.0,0,0.5,,0.0,0.0,0.0,,,,,,,,,,0.0,,,,,,,,,,,,,1.0,,,,,,,,,,
2026-05-03,Kyle Schwarber,batter_hits,0.5,148,2,1,PHI,MIA,Underdog Fantasy,Under,Philadelphia Phillies @ Miami Marlins,14242,0.0,0.0,0.0,0.0,0.0,0,0.0,0.0,0,0.5,,0.0,0.0,0.0,,,,,,,,,,0.0,,,,,,,,,,,,,1.0,,,,,,,,,,
2026-05-03,Bryce Harper,batter_hits,1.5,191,1,0,PHI,MIA,Underdog Fantasy,Over,Philadelphia Phillies @ Miami Marlins,14242,0.0,0.0,0.0,0.0,0.0,0,0.0,0.0,0,0.5,,0.0,0.0,0.0,,,,,,,,,,0.0,,,,,,,,,,,,,1.0,,,,,,,,,,
2026-05-03,Bryce Harper,batter_hits,1.5,-271,1,0,PHI,MIA,Underdog Fantasy,Under,Philadelphia Phillies @ Miami Marlins,14242,0.0,0.0,0.0,0.0,0.0,0,0.0,0.0,0,0.5,,0.0,0.0,0.0,,,,,,,,,,0.0,,,,,,,,,,,,,1.0,,,,,,,,,,
2026-05-03,Trea Turner,batter_hits,1.5,142,1,0,PHI,MIA,Underdog Fantasy,Over,Philadelphia Phillies @ Miami Marlins,14242,0.0,0.0,0.0,0.0,0.0,0,0.0,0.0,0,0.5,,0.0,0.0,0.0,,,,,,,,,,0.0,,,,,,,,,,,,,1.0,,,,,,,,,,
2026-05-03,Trea Turner,batter_hits,1.5,-193,1,0,PHI,MIA,Underdog Fantasy,Under,Philadelphia Phillies @ Miami Marlins,14242,0.0,0.0,0.0,0.0,0.0,0,0.0,0.0,0,0.5,,0.0,0.0,0.0,,,,,,,,,,0.0,,,,,,,,,,,,,1.0,,,,,,,,,,
2026-05-03,Kyle Stowers,batter_hits,0.5,-264,1,1,MIA,PHI,Underdog Fantasy,Over,Philadelphia Phillies @ Miami Marlins,14242,0.0,0.0,0.0,0.0,0.0,0,0.0,0.0,0,0.5,,0.0,0.0,0.0,,,,,,,,,,0.0,,,,,,,,,,,,,1.0,,,,,,,,,,
2026-05-03,Kyle Stowers,batter_hits,0.5,187,1,1,MIA,PHI,Underdog Fantasy,Under,Philadelphia Phillies @ Miami Marlins,14242,0.0,0.0,0.0,0.0,0.0,0,0.0,0.0,0,0.5,,0.0,0.0,0.0,,,,,,,,,,0.0,,,,,,,,,,,,,1.0,,,,,,,,,,
2026-05-03,Adolis García,batter_hits,0.5,-223,0,0,PHI,MIA,Underdog Fantasy,Over,Philadelphia Phillies @ Miami Marlins,14242,0.0,0.0,0.0,0.0,0.0,0,0.0,0.0,0,0.5,,0.0,0.0,0.0,,,,,,,,,,0.0,,,,,,,,,,,,,1.0,,,,,,,,,,
2026-05-03,Adolis García,batter_hits,0.5,162,0,0,PHI,MIA,Underdog Fantasy,Under,Philadelphia Phillies @ Miami Marlins,14242,0.0,0.0,0.0,0.0,0.0,0,0.0,0.0,0,0.5,,0.0,0.0,0.0,,,,,,,,,,0.0,,,,,,,,,,,,,1.0,,,,,,,,,,
2026-05-03,Xavier Edwards,batter_hits,0.5,-271,1,1,MIA,PHI,Underdog Fantasy,Over,Philadelphia Phillies @ Miami Marlins,14242,0.0,0.0,0.0,0.0,0.0,0,0.0,0.0,0,0.5,,0.0,0.0,0.0,,,,,,,,,,0.0,,,,,,,,,,,,,1.0,,,,,,,,,,
2026-05-03,Xavier Edwards,batter_hits,0.5,194,1,1,MIA,PHI,Underdog Fantasy,Under,Philadelphia Phillies @ Miami Marlins,14242,0.0,0.0,0.0,0.0,0.0,0,0.0,0.0,0,0.5,,0.0,0.0,0.0,,,,,,,,,,0.0,,,,,,,,,,,,,1.0,,,,,,,,,,
2026-05-03,Alec Bohm,batter_hits,0.5,-271,1,1,PHI,MIA,Underdog Fantasy,Over,Philadelphia Phillies @ Miami Marlins,14242,0.0,0.0,0.0,0.0,0.0,0,0.0,0.0,0,0.5,,0.0,0.0,0.0,,,,,,,,,,0.0,,,,,,,,,,,,,1.0,,,,,,,,,,
2026-05-03,Alec Bohm,batter_hits,0.5,191,1,1,PHI,MIA,Underdog Fantasy,Under,Philadelphia Phillies @ Miami Marlins,14242,0.0,0.0,0.0,0.0,0.0,0,0.0,0.0,0,0.5,,0.0,0.0,0.0,,,,,,,,,,0.0,,,,,,,,,,,,,1.0,,,,,,,,,,
2026-05-03,Bryson Stott,batter_hits,0.5,-189,1,1,PHI,MIA,Underdog Fantasy,Over,Philadelphia Phillies @ Miami Marlins,14242,0.0,0.0,0.0,0.0,0.0,0,0.0,0.0,0,0.5,,0.0,0.0,0.0,,,,,,,,,,0.0,,,,,,,,,,,,,1.0,,,,,,,,,,
2026-05-03,Bryson Stott,batter_hits,0.5,139,1,1,PHI,MIA,Underdog Fantasy,Under,Philadelphia Phillies @ Miami Marlins,14242,0.0,0.0,0.0,0.0,0.0,0,0.0,0.0,0,0.5,,0.0,0.0,0.0,,,,,,,,,,0.0,,,,,,,,,,,,,1.0,,,,,,,,,,
2026-05-03,Otto Lopez,batter_hits,1.5,184,2,1,MIA,PHI,Underdog Fantasy,Over,Philadelphia Phillies @ Miami Marlins,14242,0.0,0.0,0.0,0.0,0.0,0,0.0,0.0,0,0.5,,0.0,0.0,0.0,,,,,,,,,,0.0,,,,,,,,,,,,,1.0,,,,,,,,,,
2026-05-03,Otto Lopez,batter_hits,1.5,-257,2,1,MIA,PHI,Underdog Fantasy,Under,Philadelphia Phillies @ Miami Marlins,14242,0.0,0.0,0.0,0.0,0.0,0,0.0,0.0,0,0.5,,0.0,0.0,0.0,,,,,,,,,,0.0,,,,,,,,,,,,,1.0,,,,,,,,,,
2026-05-03,Brandon Marsh,batter_hits,0.5,-257,2,1,PHI,MIA,Underdog Fantasy,Over,Philadelphia Phillies @ Miami Marlins,14242,0.0,0.0,0.0,0.0,0.0,0,0.0,0.0,0,0.5,,0.0,0.0,0.0,,,,,,,,,,0.0,,,,,,,,,,,,,1.0,,,,,,,,,,
2026-05-03,Brandon Marsh,batter_hits,0.5,182,2,1,PHI,MIA,Underdog Fantasy,Under,Philadelphia Phillies @ Miami Marlins,14242,0.0,0.0,0.0,0.0,0.0,0,0.0,0.0,0,0.5,,0.0,0.0,0.0,,,,,,,,,,0.0,,,,,,,,,,,,,1.0,,,,,,,,,,
2026-05-03,Connor Norby,batter_hits,0.5,-167,0,0,MIA,PHI,Underdog Fantasy,Over,Philadelphia Phillies @ Miami Marlins,14242,0.0,0.0,0.0,0.0,0.0,0,0.0,0.0,0,0.5,,0.0,0.0,0.0,,,,,,,,,,0.0,,,,,,,,,,,,,1.0,,,,,,,,,,
2026-05-03,Connor Norby,batter_hits,0.5,122,0,0,MIA,PHI,Underdog Fantasy,Under,Philadelphia Phillies @ Miami Marlins,14242,0.0,0.0,0.0,0.0,0.0,0,0.0,0.0,0,0.5,,0.0,0.0,0.0,,,,,,,,,,0.0,,,,,,,,,,,,,1.0,,,,,,,,,,
2026-05-03,Liam Hicks,batter_hits,0.5,-223,0,0,MIA,PHI,Underdog Fantasy,Over,Philadelphia Phillies @ Miami Marlins,14242,0.0,0.0,0.0,0.0,0.0,0,0.0,0.0,0,0.5,,0.0,0.0,0.0,,,,,,,,,,0.0,,,,,,,,,,,,,1.0,,,,,,,,,,
2026-05-03,Liam Hicks,batter_hits,0.5,163,0,0,MIA,PHI,Underdog Fantasy,Under,Philadelphia Phillies @ Miami Marlins,14242,0.0,0.0,0.0,0.0,0.0,0,0.0,0.0,0,0.5,,0.0,0.0,0.0,,,,,,,,,,0.0,,,,,,,,,,,,,1.0,,,,,,,,,,
2026-05-03,Jakob Marsee,batter_hits,0.5,-213,0,0,MIA,PHI,Underdog Fantasy,Over,Philadelphia Phillies @ Miami Marlins,14242,0.0,0.0,0.0,0.0,0.0,0,0.0,0.0,0,0.5,,0.0,0.0,0.0,,,,,,,,,,0.0,,,,,,,,,,,,,1.0,,,,,,,,,,
2026-05-03,Jakob Marsee,batter_hits,0.5,155,0,0,MIA,PHI,Underdog Fantasy,Under,Philadelphia Phillies @ Miami Marlins,14242,0.0,0.0,0.0,0.0,0.0,0,0.0,0.0,0,0.5,,0.0,0.0,0.0,,,,,,,,,,0.0,,,,,,,,,,,,,1.0,,,,,,,,,,
2026-05-03,Graham Pauley,batter_hits,0.5,-108,0,0,MIA,PHI,Underdog Fantasy,Over,Philadelphia Phillies @ Miami Marlins,14242,0.0,0.0,0.0,0.0,0.0,0,0.0,0.0,0,0.5,,0.0,0.0,0.0,,,,,,,,,,0.0,,,,,,,,,,,,,1.0,,,,,,,,,,
2026-05-03,Graham Pauley,batter_hits,0.5,-125,0,0,MIA,PHI,Underdog Fantasy,Under,Philadelphia Phillies @ Miami Marlins,14242,0.0,0.0,0.0,0.0,0.0,0,0.0,0.0,0,0.5,,0.0,0.0,0.0,,,,,,,,,,0.0,,,,,,,,,,,,,1.0,,,,,,,,,,
2026-05-03,Owen Caissie,batter_hits,0.5,-136,1,1,MIA,PHI,Underdog Fantasy,Over,Philadelphia Phillies @ Miami Marlins,14242,0.0,0.0,0.0,0.0,0.0,0,0.0,0.0,0,0.5,,0.0,0.0,0.0,,,,,,,,,,0.0,,,,,,,,,,,,,1.0,,,,,,,,,,
2026-05-03,Owen Caissie,batter_hits,0.5,100,1,1,MIA,PHI,Underdog Fantasy,Under,Philadelphia Phillies @ Miami Marlins,14242,0.0,0.0,0.0,0.0,0.0,0,0.0,0.0,0,0.5,,0.0,0.0,0.0,,,,,,,,,,0.0,,,,,,,,,,,,,1.0,,,,,,,,,,
2026-05-03,Justin Crawford,batter_hits,0.5,-193,1,1,PHI,MIA,Underdog Fantasy,Over,Philadelphia Phillies @ Miami Marlins,14242,0.0,0.0,0.0,0.0,0.0,0,0.0,0.0,0,0.5,,0.0,0.0,0.0,,,,,,,,,,0.0,,,,,,,,,,,,,1.0,,,,,,,,,,
2026-05-03,Justin Crawford,batter_hits,0.5,142,1,1,PHI,MIA,Underdog Fantasy,Under,Philadelphia Phillies @ Miami Marlins,14242,0.0,0.0,0.0,0.0,0.0,0,0.0,0.0,0,0.5,,0.0,0.0,0.0,,,,,,,,,,0.0,,,,,,,,,,,,,1.0,,,,,,,,,,
2026-05-03,J.T. Realmuto,batter_hits,0.5,-209,1,1,PHI,MIA,Underdog Fantasy,Over,Philadelphia Phillies @ Miami Marlins,14242,0.0,0.0,0.0,0.0,0.0,0,0.0,0.0,0,0.5,,0.0,0.0,0.0,,,,,,,,,,0.0,,,,,,,,,,,,,1.0,,,,,,,,,,
2026-05-03,J.T. Realmuto,batter_hits,0.5,154,1,1,PHI,MIA,Underdog Fantasy,Under,Philadelphia Phillies @ Miami Marlins,14242,0.0,0.0,0.0,0.0,0.0,0,0.0,0.0,0,0.5,,0.0,0.0,0.0,,,,,,,,,,0.0,,,,,,,,,,,,,1.0,,,,,,,,,,
