date,player,market,line,american_odds,actual,over,team,opponent,book,side,game,event_id,team_moneyline,opponent_moneyline,game_total,open_team_moneyline,close_team_moneyline,moneyline_move,open_game_total,close_game_total,total_move,moneyline_implied_probability,favorite_status,team_implied_runs,opponent_implied_runs,opponent_implied_runs_proxy,recent_games,recent_rate,season_rate,rolling_avg_5,rolling_avg_10,rolling_avg_15,rolling_total_bases_10,rolling_hr_rate_15,rolling_k_rate_10,opponent_rate,pitcher_k_rate,pitcher_walk_rate,pitcher_hr_rate,team_k_rate,team_walk_rate,batter_k_rate,batter_walk_rate,barrel_rate,hard_hit_rate,xwoba,xba,xslg,park_factor,hit_factor,hr_factor,k_factor,temperature,wind_mph,pitcher,throws,bats,venue,roof,target,source_file,americanOdds,finalProbabilityPercent,sportsbookImpliedPercent,finalEdgePercent,recommendation,confidence,weatherAdjustmentPercent,savantAdjustmentPercent,oddsMovementAdjustmentPercent
2026-05-03,Josh Jung,batter_hits,0.5,100,0,0,TEX,DET,PrizePicks,Over,Texas Rangers @ Detroit Tigers,13359,0.0,0.0,0.0,0.0,0.0,0,0.0,0.0,0,0.5,,0.0,0.0,0.0,,,,,,,,,,0.0,,,,,,,,,,,,,1.0,,,,,,,,,,,,,,,,,,,,,
2026-05-03,Wenceel Pérez,batter_hits,0.5,-179,0,0,DET,TEX,Underdog Fantasy,Over,Texas Rangers @ Detroit Tigers,13359,0.0,0.0,0.0,0.0,0.0,0,0.0,0.0,0,0.5,,0.0,0.0,0.0,,,,,,,,,,0.0,,,,,,,,,,,,,1.0,,,,,,,,,,,,,,,,,,,,,
2026-05-03,Spencer Torkelson,batter_hits,0.5,-173,0,0,DET,TEX,Underdog Fantasy,Over,Texas Rangers @ Detroit Tigers,13359,0.0,0.0,0.0,0.0,0.0,0,0.0,0.0,0,0.5,,0.0,0.0,0.0,,,,,,,,,,0.0,,,,,,,,,,,,,1.0,,,,,,,,,,,,,,,,,,,,,
2026-05-03,Hao-Yu Lee,batter_hits,0.5,-143,0,0,DET,TEX,BetRivers,Over,Texas Rangers @ Detroit Tigers,13359,0.0,0.0,0.0,0.0,0.0,0,0.0,0.0,0,0.5,,0.0,0.0,0.0,,,,,,,,,,0.0,,,,,,,,,,,,,1.0,,,,,,,,,,,,,,,,,,,,,
2026-05-03,Kyle Higashioka,batter_hits,0.5,-164,0,0,TEX,DET,Underdog Fantasy,Over,Texas Rangers @ Detroit Tigers,13359,0.0,0.0,0.0,0.0,0.0,0,0.0,0.0,0,0.5,,0.0,0.0,0.0,,,,,,,,,,0.0,,,,,,,,,,,,,1.0,,,,,,,,,,,,,,,,,,,,,
2026-05-03,Ezequiel Duran,batter_hits,0.5,-173,0,0,TEX,DET,Underdog Fantasy,Over,Texas Rangers @ Detroit Tigers,13359,0.0,0.0,0.0,0.0,0.0,0,0.0,0.0,0,0.5,,0.0,0.0,0.0,,,,,,,,,,0.0,,,,,,,,,,,,,1.0,,,,,,,,,,,,,,,,,,,,,
2026-05-03,Kevin McGonigle,batter_hits,0.5,-250,0,0,DET,TEX,Underdog Fantasy,Over,Texas Rangers @ Detroit Tigers,13359,0.0,0.0,0.0,0.0,0.0,0,0.0,0.0,0,0.5,,0.0,0.0,0.0,,,,,,,,,,0.0,,,,,,,,,,,,,1.0,,,,,,,,,,,,,,,,,,,,,
2026-05-03,Colt Keith,batter_hits,0.5,-197,0,0,DET,TEX,Underdog Fantasy,Over,Texas Rangers @ Detroit Tigers,13359,0.0,0.0,0.0,0.0,0.0,0,0.0,0.0,0,0.5,,0.0,0.0,0.0,,,,,,,,,,0.0,,,,,,,,,,,,,1.0,,,,,,,,,,,,,,,,,,,,,
2026-05-03,Kerry Carpenter,batter_hits,0.5,-159,0,0,DET,TEX,Underdog Fantasy,Over,Texas Rangers @ Detroit Tigers,13359,0.0,0.0,0.0,0.0,0.0,0,0.0,0.0,0,0.5,,0.0,0.0,0.0,,,,,,,,,,0.0,,,,,,,,,,,,,1.0,,,,,,,,,,,,,,,,,,,,,
2026-05-03,Jake Rogers,batter_hits,0.5,100,0,0,DET,TEX,PrizePicks,Over,Texas Rangers @ Detroit Tigers,13359,0.0,0.0,0.0,0.0,0.0,0,0.0,0.0,0,0.5,,0.0,0.0,0.0,,,,,,,,,,0.0,,,,,,,,,,,,,1.0,,,,,,,,,,,,,,,,,,,,,
2026-05-03,Josh Smith,batter_hits,0.5,-157,0,0,TEX,DET,Underdog Fantasy,Over,Texas Rangers @ Detroit Tigers,13359,0.0,0.0,0.0,0.0,0.0,0,0.0,0.0,0,0.5,,0.0,0.0,0.0,,,,,,,,,,0.0,,,,,,,,,,,,,1.0,,,,,,,,,,,,,,,,,,,,,
2026-05-03,Corey Seager,batter_hits,0.5,-257,0,0,TEX,DET,Underdog Fantasy,Over,Texas Rangers @ Detroit Tigers,13359,0.0,0.0,0.0,0.0,0.0,0,0.0,0.0,0,0.5,,0.0,0.0,0.0,,,,,,,,,,0.0,,,,,,,,,,,,,1.0,,,,,,,,,,,,,,,,,,,,,
2026-05-03,Evan Carter,batter_hits,0.5,-134,0,0,TEX,DET,Underdog Fantasy,Over,Texas Rangers @ Detroit Tigers,13359,0.0,0.0,0.0,0.0,0.0,0,0.0,0.0,0,0.5,,0.0,0.0,0.0,,,,,,,,,,0.0,,,,,,,,,,,,,1.0,,,,,,,,,,,,,,,,,,,,,
2026-05-03,Riley Greene,batter_hits,0.5,-205,0,0,DET,TEX,Underdog Fantasy,Over,Texas Rangers @ Detroit Tigers,13359,0.0,0.0,0.0,0.0,0.0,0,0.0,0.0,0,0.5,,0.0,0.0,0.0,,,,,,,,,,0.0,,,,,,,,,,,,,1.0,,,,,,,,,,,,,,,,,,,,,
2026-05-03,Brandon Nimmo,batter_hits,0.5,100,1,1,TEX,DET,PrizePicks,Over,Texas Rangers @ Detroit Tigers,13359,0.0,0.0,0.0,0.0,0.0,0,0.0,0.0,0,0.5,,0.0,0.0,0.0,,,,,,,,,,0.0,,,,,,,,,,,,,1.0,,,,,,,,,,,,,,,,,,,,,
2026-05-03,Matt Vierling,batter_hits,0.5,-128,0,0,DET,TEX,DraftKings,Over,Texas Rangers @ Detroit Tigers,13359,0.0,0.0,0.0,0.0,0.0,0,0.0,0.0,0,0.5,,0.0,0.0,0.0,,,,,,,,,,0.0,,,,,,,,,,,,,1.0,,,,,,,,,,,,,,,,,,,,,
2026-05-03,Andrew McCutchen,batter_hits,0.5,-115,0,0,TEX,DET,Underdog Fantasy,Over,Texas Rangers @ Detroit Tigers,13359,0.0,0.0,0.0,0.0,0.0,0,0.0,0.0,0,0.5,,0.0,0.0,0.0,,,,,,,,,,0.0,,,,,,,,,,,,,1.0,,,,,,,,,,,,,,,,,,,,,
2026-05-03,Jake Burger,batter_hits,0.5,-200,0,0,TEX,DET,Underdog Fantasy,Over,Texas Rangers @ Detroit Tigers,13359,0.0,0.0,0.0,0.0,0.0,0,0.0,0.0,0,0.5,,0.0,0.0,0.0,,,,,,,,,,0.0,,,,,,,,,,,,,1.0,,,,,,,,,,,,,,,,,,,,,
2026-05-03,Josh Jung,batter_hits,1.5,159,0,0,TEX,DET,Underdog Fantasy,Over,Texas Rangers @ Detroit Tigers,13359,0.0,0.0,0.0,0.0,0.0,0,0.0,0.0,0,0.5,,0.0,0.0,0.0,,,,,,,,,,0.0,,,,,,,,,,,,,1.0,,,,,,,,,,,,,,,,,,,,,
2026-05-03,Josh Jung,batter_hits,1.5,-218,0,0,TEX,DET,Underdog Fantasy,Under,Texas Rangers @ Detroit Tigers,13359,0.0,0.0,0.0,0.0,0.0,0,0.0,0.0,0,0.5,,0.0,0.0,0.0,,,,,,,,,,0.0,,,,,,,,,,,,,1.0,,,,,,,,,,,,,,,,,,,,,
2026-05-03,Corey Seager,batter_hits,0.5,191,0,0,TEX,DET,Underdog Fantasy,Under,Texas Rangers @ Detroit Tigers,13359,0.0,0.0,0.0,0.0,0.0,0,0.0,0.0,0,0.5,,0.0,0.0,0.0,,,,,,,,,,0.0,,,,,,,,,,,,,1.0,,,,,,,,,,,,,,,,,,,,,
2026-05-03,Jake Burger,batter_hits,0.5,146,0,0,TEX,DET,Underdog Fantasy,Under,Texas Rangers @ Detroit Tigers,13359,0.0,0.0,0.0,0.0,0.0,0,0.0,0.0,0,0.5,,0.0,0.0,0.0,,,,,,,,,,0.0,,,,,,,,,,,,,1.0,,,,,,,,,,,,,,,,,,,,,
2026-05-03,Kyle Higashioka,batter_hits,0.5,121,0,0,TEX,DET,Underdog Fantasy,Under,Texas Rangers @ Detroit Tigers,13359,0.0,0.0,0.0,0.0,0.0,0,0.0,0.0,0,0.5,,0.0,0.0,0.0,,,,,,,,,,0.0,,,,,,,,,,,,,1.0,,,,,,,,,,,,,,,,,,,,,
2026-05-03,Evan Carter,batter_hits,0.5,-102,0,0,TEX,DET,Underdog Fantasy,Under,Texas Rangers @ Detroit Tigers,13359,0.0,0.0,0.0,0.0,0.0,0,0.0,0.0,0,0.5,,0.0,0.0,0.0,,,,,,,,,,0.0,,,,,,,,,,,,,1.0,,,,,,,,,,,,,,,,,,,,,
2026-05-03,Sam Haggerty,batter_hits,0.5,-103,0,0,TEX,DET,Underdog Fantasy,Over,Texas Rangers @ Detroit Tigers,13359,0.0,0.0,0.0,0.0,0.0,0,0.0,0.0,0,0.5,,0.0,0.0,0.0,,,,,,,,,,0.0,,,,,,,,,,,,,1.0,,,,,,,,,,,,,,,,,,,,,
2026-05-03,Sam Haggerty,batter_hits,0.5,-134,0,0,TEX,DET,Underdog Fantasy,Under,Texas Rangers @ Detroit Tigers,13359,0.0,0.0,0.0,0.0,0.0,0,0.0,0.0,0,0.5,,0.0,0.0,0.0,,,,,,,,,,0.0,,,,,,,,,,,,,1.0,,,,,,,,,,,,,,,,,,,,,
2026-05-03,Kevin McGonigle,batter_hits,0.5,181,0,0,DET,TEX,Underdog Fantasy,Under,Texas Rangers @ Detroit Tigers,13359,0.0,0.0,0.0,0.0,0.0,0,0.0,0.0,0,0.5,,0.0,0.0,0.0,,,,,,,,,,0.0,,,,,,,,,,,,,1.0,,,,,,,,,,,,,,,,,,,,,
2026-05-03,Dillon Dingler,batter_hits,0.5,-244,0,0,DET,TEX,Underdog Fantasy,Over,Texas Rangers @ Detroit Tigers,13359,0.0,0.0,0.0,0.0,0.0,0,0.0,0.0,0,0.5,,0.0,0.0,0.0,,,,,,,,,,0.0,,,,,,,,,,,,,1.0,,,,,,,,,,,,,,,,,,,,,
2026-05-03,Dillon Dingler,batter_hits,0.5,176,0,0,DET,TEX,Underdog Fantasy,Under,Texas Rangers @ Detroit Tigers,13359,0.0,0.0,0.0,0.0,0.0,0,0.0,0.0,0,0.5,,0.0,0.0,0.0,,,,,,,,,,0.0,,,,,,,,,,,,,1.0,,,,,,,,,,,,,,,,,,,,,
2026-05-03,Riley Greene,batter_hits,0.5,151,0,0,DET,TEX,Underdog Fantasy,Under,Texas Rangers @ Detroit Tigers,13359,0.0,0.0,0.0,0.0,0.0,0,0.0,0.0,0,0.5,,0.0,0.0,0.0,,,,,,,,,,0.0,,,,,,,,,,,,,1.0,,,,,,,,,,,,,,,,,,,,,
2026-05-03,Gleyber Torres,batter_hits,0.5,-205,0,0,DET,TEX,Underdog Fantasy,Over,Texas Rangers @ Detroit Tigers,13359,0.0,0.0,0.0,0.0,0.0,0,0.0,0.0,0,0.5,,0.0,0.0,0.0,,,,,,,,,,0.0,,,,,,,,,,,,,1.0,,,,,,,,,,,,,,,,,,,,,
2026-05-03,Gleyber Torres,batter_hits,0.5,150,0,0,DET,TEX,Underdog Fantasy,Under,Texas Rangers @ Detroit Tigers,13359,0.0,0.0,0.0,0.0,0.0,0,0.0,0.0,0,0.5,,0.0,0.0,0.0,,,,,,,,,,0.0,,,,,,,,,,,,,1.0,,,,,,,,,,,,,,,,,,,,,
2026-05-03,Ezequiel Duran,batter_hits,0.5,127,0,0,TEX,DET,Underdog Fantasy,Under,Texas Rangers @ Detroit Tigers,13359,0.0,0.0,0.0,0.0,0.0,0,0.0,0.0,0,0.5,,0.0,0.0,0.0,,,,,,,,,,0.0,,,,,,,,,,,,,1.0,,,,,,,,,,,,,,,,,,,,,
2026-05-03,Colt Keith,batter_hits,0.5,145,0,0,DET,TEX,Underdog Fantasy,Under,Texas Rangers @ Detroit Tigers,13359,0.0,0.0,0.0,0.0,0.0,0,0.0,0.0,0,0.5,,0.0,0.0,0.0,,,,,,,,,,0.0,,,,,,,,,,,,,1.0,,,,,,,,,,,,,,,,,,,,,
2026-05-03,Spencer Torkelson,batter_hits,0.5,127,0,0,DET,TEX,Underdog Fantasy,Under,Texas Rangers @ Detroit Tigers,13359,0.0,0.0,0.0,0.0,0.0,0,0.0,0.0,0,0.5,,0.0,0.0,0.0,,,,,,,,,,0.0,,,,,,,,,,,,,1.0,,,,,,,,,,,,,,,,,,,,,
2026-05-03,Danny Jansen,batter_hits,0.5,-141,0,0,TEX,DET,Underdog Fantasy,Over,Texas Rangers @ Detroit Tigers,13359,0.0,0.0,0.0,0.0,0.0,0,0.0,0.0,0,0.5,,0.0,0.0,0.0,,,,,,,,,,0.0,,,,,,,,,,,,,1.0,,,,,,,,,,,,,,,,,,,,,
2026-05-03,Danny Jansen,batter_hits,0.5,104,0,0,TEX,DET,Underdog Fantasy,Under,Texas Rangers @ Detroit Tigers,13359,0.0,0.0,0.0,0.0,0.0,0,0.0,0.0,0,0.5,,0.0,0.0,0.0,,,,,,,,,,0.0,,,,,,,,,,,,,1.0,,,,,,,,,,,,,,,,,,,,,
2026-05-03,Kerry Carpenter,batter_hits,0.5,118,0,0,DET,TEX,Underdog Fantasy,Under,Texas Rangers @ Detroit Tigers,13359,0.0,0.0,0.0,0.0,0.0,0,0.0,0.0,0,0.5,,0.0,0.0,0.0,,,,,,,,,,0.0,,,,,,,,,,,,,1.0,,,,,,,,,,,,,,,,,,,,,
2026-05-03,Matt Vierling,batter_hits,0.5,-103,0,0,DET,TEX,DraftKings,Under,Texas Rangers @ Detroit Tigers,13359,0.0,0.0,0.0,0.0,0.0,0,0.0,0.0,0,0.5,,0.0,0.0,0.0,,,,,,,,,,0.0,,,,,,,,,,,,,1.0,,,,,,,,,,,,,,,,,,,,,
2026-05-03,Andrew McCutchen,batter_hits,0.5,-115,0,0,TEX,DET,Underdog Fantasy,Under,Texas Rangers @ Detroit Tigers,13359,0.0,0.0,0.0,0.0,0.0,0,0.0,0.0,0,0.5,,0.0,0.0,0.0,,,,,,,,,,0.0,,,,,,,,,,,,,1.0,,,,,,,,,,,,,,,,,,,,,
2026-05-03,Hao-Yu Lee,batter_hits,1.5,100,0,0,DET,TEX,PrizePicks,Over,Texas Rangers @ Detroit Tigers,13359,0.0,0.0,0.0,0.0,0.0,0,0.0,0.0,0,0.5,,0.0,0.0,0.0,,,,,,,,,,0.0,,,,,,,,,,,,,1.0,,,,,,,,,,,,,,,,,,,,,
2026-05-03,Hao-Yu Lee,batter_hits,1.5,100,0,0,DET,TEX,PrizePicks,Under,Texas Rangers @ Detroit Tigers,13359,0.0,0.0,0.0,0.0,0.0,0,0.0,0.0,0,0.5,,0.0,0.0,0.0,,,,,,,,,,0.0,,,,,,,,,,,,,1.0,,,,,,,,,,,,,,,,,,,,,
2026-05-03,Alejandro Osuna,batter_hits,0.5,100,0,0,TEX,DET,PrizePicks,Over,Texas Rangers @ Detroit Tigers,13359,0.0,0.0,0.0,0.0,0.0,0,0.0,0.0,0,0.5,,0.0,0.0,0.0,,,,,,,,,,0.0,,,,,,,,,,,,,1.0,,,,,,,,,,,,,,,,,,,,,
2026-05-03,Alejandro Osuna,batter_hits,0.5,100,0,0,TEX,DET,PrizePicks,Under,Texas Rangers @ Detroit Tigers,13359,0.0,0.0,0.0,0.0,0.0,0,0.0,0.0,0,0.5,,0.0,0.0,0.0,,,,,,,,,,0.0,,,,,,,,,,,,,1.0,,,,,,,,,,,,,,,,,,,,,
2026-05-03,Wenceel Pérez,batter_hits,0.5,132,0,0,DET,TEX,Underdog Fantasy,Under,Texas Rangers @ Detroit Tigers,13359,0.0,0.0,0.0,0.0,0.0,0,0.0,0.0,0,0.5,,0.0,0.0,0.0,,,,,,,,,,0.0,,,,,,,,,,,,,1.0,,,,,,,,,,,,,,,,,,,,,
2026-05-03,Josh Jung,batter_hits,0.5,100,0,0,TEX,DET,PrizePicks,Under,Texas Rangers @ Detroit Tigers,13359,0.0,0.0,0.0,0.0,0.0,0,0.0,0.0,0,0.5,,0.0,0.0,0.0,,,,,,,,,,0.0,,,,,,,,,,,,,1.0,,,,,,,,,,,,,,,,,,,,,
2026-05-03,Josh Smith,batter_hits,0.5,115,0,0,TEX,DET,Underdog Fantasy,Under,Texas Rangers @ Detroit Tigers,13359,0.0,0.0,0.0,0.0,0.0,0,0.0,0.0,0,0.5,,0.0,0.0,0.0,,,,,,,,,,0.0,,,,,,,,,,,,,1.0,,,,,,,,,,,,,,,,,,,,,
2026-05-03,Brandon Nimmo,batter_hits,0.5,100,1,1,TEX,DET,PrizePicks,Under,Texas Rangers @ Detroit Tigers,13359,0.0,0.0,0.0,0.0,0.0,0,0.0,0.0,0,0.5,,0.0,0.0,0.0,,,,,,,,,,0.0,,,,,,,,,,,,,1.0,,,,,,,,,,,,,,,,,,,,,
2026-05-03,Jake Rogers,batter_hits,0.5,100,0,0,DET,TEX,PrizePicks,Under,Texas Rangers @ Detroit Tigers,13359,0.0,0.0,0.0,0.0,0.0,0,0.0,0.0,0,0.5,,0.0,0.0,0.0,,,,,,,,,,0.0,,,,,,,,,,,,,1.0,,,,,,,,,,,,,,,,,,,,,
2026-05-03,Evan Carter,batter_hits,1.5,100,0,0,TEX,DET,PrizePicks,Over,Texas Rangers @ Detroit Tigers,13359,0.0,0.0,0.0,0.0,0.0,0,0.0,0.0,0,0.5,,0.0,0.0,0.0,,,,,,,,,,0.0,,,,,,,,,,,,,1.0,,,,,,,,,,,,,,,,,,,,,
2026-05-03,Evan Carter,batter_hits,1.5,100,0,0,TEX,DET,PrizePicks,Under,Texas Rangers @ Detroit Tigers,13359,0.0,0.0,0.0,0.0,0.0,0,0.0,0.0,0,0.5,,0.0,0.0,0.0,,,,,,,,,,0.0,,,,,,,,,,,,,1.0,,,,,,,,,,,,,,,,,,,,,
2026-05-03,Matt Vierling,batter_hits,1.5,100,0,0,DET,TEX,PrizePicks,Over,Texas Rangers @ Detroit Tigers,13359,0.0,0.0,0.0,0.0,0.0,0,0.0,0.0,0,0.5,,0.0,0.0,0.0,,,,,,,,,,0.0,,,,,,,,,,,,,1.0,,,,,,,,,,,,,,,,,,,,,
2026-05-03,Matt Vierling,batter_hits,1.5,100,0,0,DET,TEX,PrizePicks,Under,Texas Rangers @ Detroit Tigers,13359,0.0,0.0,0.0,0.0,0.0,0,0.0,0.0,0,0.5,,0.0,0.0,0.0,,,,,,,,,,0.0,,,,,,,,,,,,,1.0,,,,,,,,,,,,,,,,,,,,,
2026-05-03,Sam Haggerty,batter_hits,1.5,100,0,0,TEX,DET,PrizePicks,Over,Texas Rangers @ Detroit Tigers,13359,0.0,0.0,0.0,0.0,0.0,0,0.0,0.0,0,0.5,,0.0,0.0,0.0,,,,,,,,,,0.0,,,,,,,,,,,,,1.0,,,,,,,,,,,,,,,,,,,,,
2026-05-03,Sam Haggerty,batter_hits,1.5,100,0,0,TEX,DET,PrizePicks,Under,Texas Rangers @ Detroit Tigers,13359,0.0,0.0,0.0,0.0,0.0,0,0.0,0.0,0,0.5,,0.0,0.0,0.0,,,,,,,,,,0.0,,,,,,,,,,,,,1.0,,,,,,,,,,,,,,,,,,,,,
2026-05-03,Joc Pederson,batter_hits,1.5,100,0,0,TEX,DET,PrizePicks,Over,Texas Rangers @ Detroit Tigers,13359,0.0,0.0,0.0,0.0,0.0,0,0.0,0.0,0,0.5,,0.0,0.0,0.0,,,,,,,,,,0.0,,,,,,,,,,,,,1.0,,,,,,,,,,,,,,,,,,,,,
2026-05-03,Joc Pederson,batter_hits,1.5,100,0,0,TEX,DET,PrizePicks,Under,Texas Rangers @ Detroit Tigers,13359,0.0,0.0,0.0,0.0,0.0,0,0.0,0.0,0,0.5,,0.0,0.0,0.0,,,,,,,,,,0.0,,,,,,,,,,,,,1.0,,,,,,,,,,,,,,,,,,,,,
2026-05-03,Brandon Nimmo,batter_hits,1.5,193,1,0,TEX,DET,Underdog Fantasy,Over,Texas Rangers @ Detroit Tigers,13359,0.0,0.0,0.0,0.0,0.0,0,0.0,0.0,0,0.5,,0.0,0.0,0.0,,,,,,,,,,0.0,,,,,,,,,,,,,1.0,,,,,,,,,,,,,,,,,,,,,
2026-05-03,Brandon Nimmo,batter_hits,1.5,-271,1,0,TEX,DET,Underdog Fantasy,Under,Texas Rangers @ Detroit Tigers,13359,0.0,0.0,0.0,0.0,0.0,0,0.0,0.0,0,0.5,,0.0,0.0,0.0,,,,,,,,,,0.0,,,,,,,,,,,,,1.0,,,,,,,,,,,,,,,,,,,,,
2026-05-03,Kyle Schwarber,batter_hits,0.5,-203,2,1,PHI,MIA,DraftKings,Over,Philadelphia Phillies @ Miami Marlins,14242,0.0,0.0,0.0,0.0,0.0,0,0.0,0.0,0,0.5,,0.0,0.0,0.0,,,,,,,,,,0.0,,,,,,,,,,,,,1.0,,,,,,,,,,,,,,,,,,,,,
2026-05-03,Kyle Schwarber,batter_hits,0.5,151,2,1,PHI,MIA,DraftKings,Under,Philadelphia Phillies @ Miami Marlins,14242,0.0,0.0,0.0,0.0,0.0,0,0.0,0.0,0,0.5,,0.0,0.0,0.0,,,,,,,,,,0.0,,,,,,,,,,,,,1.0,,,,,,,,,,,,,,,,,,,,,
2026-05-03,Bryce Harper,batter_hits,1.5,181,1,0,PHI,MIA,DraftKings,Over,Philadelphia Phillies @ Miami Marlins,14242,0.0,0.0,0.0,0.0,0.0,0,0.0,0.0,0,0.5,,0.0,0.0,0.0,,,,,,,,,,0.0,,,,,,,,,,,,,1.0,,,,,,,,,,,,,,,,,,,,,
2026-05-03,Bryce Harper,batter_hits,1.5,-245,1,0,PHI,MIA,DraftKings,Under,Philadelphia Phillies @ Miami Marlins,14242,0.0,0.0,0.0,0.0,0.0,0,0.0,0.0,0,0.5,,0.0,0.0,0.0,,,,,,,,,,0.0,,,,,,,,,,,,,1.0,,,,,,,,,,,,,,,,,,,,,
2026-05-03,Trea Turner,batter_hits,1.5,168,1,0,PHI,MIA,DraftKings,Over,Philadelphia Phillies @ Miami Marlins,14242,0.0,0.0,0.0,0.0,0.0,0,0.0,0.0,0,0.5,,0.0,0.0,0.0,,,,,,,,,,0.0,,,,,,,,,,,,,1.0,,,,,,,,,,,,,,,,,,,,,
2026-05-03,Trea Turner,batter_hits,1.5,-226,1,0,PHI,MIA,DraftKings,Under,Philadelphia Phillies @ Miami Marlins,14242,0.0,0.0,0.0,0.0,0.0,0,0.0,0.0,0,0.5,,0.0,0.0,0.0,,,,,,,,,,0.0,,,,,,,,,,,,,1.0,,,,,,,,,,,,,,,,,,,,,
2026-05-03,Kyle Stowers,batter_hits,0.5,-226,1,1,MIA,PHI,DraftKings,Over,Philadelphia Phillies @ Miami Marlins,14242,0.0,0.0,0.0,0.0,0.0,0,0.0,0.0,0,0.5,,0.0,0.0,0.0,,,,,,,,,,0.0,,,,,,,,,,,,,1.0,,,,,,,,,,,,,,,,,,,,,
2026-05-03,Kyle Stowers,batter_hits,0.5,167,1,1,MIA,PHI,DraftKings,Under,Philadelphia Phillies @ Miami Marlins,14242,0.0,0.0,0.0,0.0,0.0,0,0.0,0.0,0,0.5,,0.0,0.0,0.0,,,,,,,,,,0.0,,,,,,,,,,,,,1.0,,,,,,,,,,,,,,,,,,,,,
2026-05-03,Adolis García,batter_hits,0.5,-223,0,0,PHI,MIA,Underdog Fantasy,Over,Philadelphia Phillies @ Miami Marlins,14242,0.0,0.0,0.0,0.0,0.0,0,0.0,0.0,0,0.5,,0.0,0.0,0.0,,,,,,,,,,0.0,,,,,,,,,,,,,1.0,,,,,,,,,,,,,,,,,,,,,
2026-05-03,Adolis García,batter_hits,0.5,162,0,0,PHI,MIA,Underdog Fantasy,Under,Philadelphia Phillies @ Miami Marlins,14242,0.0,0.0,0.0,0.0,0.0,0,0.0,0.0,0,0.5,,0.0,0.0,0.0,,,,,,,,,,0.0,,,,,,,,,,,,,1.0,,,,,,,,,,,,,,,,,,,,,
2026-05-03,Xavier Edwards,batter_hits,0.5,-260,1,1,MIA,PHI,DraftKings,Over,Philadelphia Phillies @ Miami Marlins,14242,0.0,0.0,0.0,0.0,0.0,0,0.0,0.0,0,0.5,,0.0,0.0,0.0,,,,,,,,,,0.0,,,,,,,,,,,,,1.0,,,,,,,,,,,,,,,,,,,,,
2026-05-03,Xavier Edwards,batter_hits,0.5,191,1,1,MIA,PHI,DraftKings,Under,Philadelphia Phillies @ Miami Marlins,14242,0.0,0.0,0.0,0.0,0.0,0,0.0,0.0,0,0.5,,0.0,0.0,0.0,,,,,,,,,,0.0,,,,,,,,,,,,,1.0,,,,,,,,,,,,,,,,,,,,,
2026-05-03,Alec Bohm,batter_hits,0.5,-210,1,1,PHI,MIA,DraftKings,Over,Philadelphia Phillies @ Miami Marlins,14242,0.0,0.0,0.0,0.0,0.0,0,0.0,0.0,0,0.5,,0.0,0.0,0.0,,,,,,,,,,0.0,,,,,,,,,,,,,1.0,,,,,,,,,,,,,,,,,,,,,
2026-05-03,Alec Bohm,batter_hits,0.5,156,1,1,PHI,MIA,DraftKings,Under,Philadelphia Phillies @ Miami Marlins,14242,0.0,0.0,0.0,0.0,0.0,0,0.0,0.0,0,0.5,,0.0,0.0,0.0,,,,,,,,,,0.0,,,,,,,,,,,,,1.0,,,,,,,,,,,,,,,,,,,,,
2026-05-03,Bryson Stott,batter_hits,0.5,-224,1,1,PHI,MIA,DraftKings,Over,Philadelphia Phillies @ Miami Marlins,14242,0.0,0.0,0.0,0.0,0.0,0,0.0,0.0,0,0.5,,0.0,0.0,0.0,,,,,,,,,,0.0,,,,,,,,,,,,,1.0,,,,,,,,,,,,,,,,,,,,,
2026-05-03,Bryson Stott,batter_hits,0.5,166,1,1,PHI,MIA,DraftKings,Under,Philadelphia Phillies @ Miami Marlins,14242,0.0,0.0,0.0,0.0,0.0,0,0.0,0.0,0,0.5,,0.0,0.0,0.0,,,,,,,,,,0.0,,,,,,,,,,,,,1.0,,,,,,,,,,,,,,,,,,,,,
2026-05-03,Otto Lopez,batter_hits,1.5,196,2,1,MIA,PHI,DraftKings,Over,Philadelphia Phillies @ Miami Marlins,14242,0.0,0.0,0.0,0.0,0.0,0,0.0,0.0,0,0.5,,0.0,0.0,0.0,,,,,,,,,,0.0,,,,,,,,,,,,,1.0,,,,,,,,,,,,,,,,,,,,,
2026-05-03,Otto Lopez,batter_hits,1.5,-267,2,1,MIA,PHI,DraftKings,Under,Philadelphia Phillies @ Miami Marlins,14242,0.0,0.0,0.0,0.0,0.0,0,0.0,0.0,0,0.5,,0.0,0.0,0.0,,,,,,,,,,0.0,,,,,,,,,,,,,1.0,,,,,,,,,,,,,,,,,,,,,
2026-05-03,Brandon Marsh,batter_hits,0.5,-214,2,1,PHI,MIA,DraftKings,Over,Philadelphia Phillies @ Miami Marlins,14242,0.0,0.0,0.0,0.0,0.0,0,0.0,0.0,0,0.5,,0.0,0.0,0.0,,,,,,,,,,0.0,,,,,,,,,,,,,1.0,,,,,,,,,,,,,,,,,,,,,
2026-05-03,Brandon Marsh,batter_hits,0.5,159,2,1,PHI,MIA,DraftKings,Under,Philadelphia Phillies @ Miami Marlins,14242,0.0,0.0,0.0,0.0,0.0,0,0.0,0.0,0,0.5,,0.0,0.0,0.0,,,,,,,,,,0.0,,,,,,,,,,,,,1.0,,,,,,,,,,,,,,,,,,,,,
2026-05-03,Connor Norby,batter_hits,0.5,-167,0,0,MIA,PHI,DraftKings,Over,Philadelphia Phillies @ Miami Marlins,14242,0.0,0.0,0.0,0.0,0.0,0,0.0,0.0,0,0.5,,0.0,0.0,0.0,,,,,,,,,,0.0,,,,,,,,,,,,,1.0,,,,,,,,,,,,,,,,,,,,,
2026-05-03,Connor Norby,batter_hits,0.5,125,0,0,MIA,PHI,DraftKings,Under,Philadelphia Phillies @ Miami Marlins,14242,0.0,0.0,0.0,0.0,0.0,0,0.0,0.0,0,0.5,,0.0,0.0,0.0,,,,,,,,,,0.0,,,,,,,,,,,,,1.0,,,,,,,,,,,,,,,,,,,,,
2026-05-03,Liam Hicks,batter_hits,0.5,-230,0,0,MIA,PHI,DraftKings,Over,Philadelphia Phillies @ Miami Marlins,14242,0.0,0.0,0.0,0.0,0.0,0,0.0,0.0,0,0.5,,0.0,0.0,0.0,,,,,,,,,,0.0,,,,,,,,,,,,,1.0,,,,,,,,,,,,,,,,,,,,,
2026-05-03,Liam Hicks,batter_hits,0.5,170,0,0,MIA,PHI,DraftKings,Under,Philadelphia Phillies @ Miami Marlins,14242,0.0,0.0,0.0,0.0,0.0,0,0.0,0.0,0,0.5,,0.0,0.0,0.0,,,,,,,,,,0.0,,,,,,,,,,,,,1.0,,,,,,,,,,,,,,,,,,,,,
2026-05-03,Jakob Marsee,batter_hits,0.5,-203,0,0,MIA,PHI,DraftKings,Over,Philadelphia Phillies @ Miami Marlins,14242,0.0,0.0,0.0,0.0,0.0,0,0.0,0.0,0,0.5,,0.0,0.0,0.0,,,,,,,,,,0.0,,,,,,,,,,,,,1.0,,,,,,,,,,,,,,,,,,,,,
2026-05-03,Jakob Marsee,batter_hits,0.5,152,0,0,MIA,PHI,DraftKings,Under,Philadelphia Phillies @ Miami Marlins,14242,0.0,0.0,0.0,0.0,0.0,0,0.0,0.0,0,0.5,,0.0,0.0,0.0,,,,,,,,,,0.0,,,,,,,,,,,,,1.0,,,,,,,,,,,,,,,,,,,,,
2026-05-03,Graham Pauley,batter_hits,0.5,-121,0,0,MIA,PHI,DraftKings,Over,Philadelphia Phillies @ Miami Marlins,14242,0.0,0.0,0.0,0.0,0.0,0,0.0,0.0,0,0.5,,0.0,0.0,0.0,,,,,,,,,,0.0,,,,,,,,,,,,,1.0,,,,,,,,,,,,,,,,,,,,,
2026-05-03,Graham Pauley,batter_hits,0.5,-110,0,0,MIA,PHI,DraftKings,Under,Philadelphia Phillies @ Miami Marlins,14242,0.0,0.0,0.0,0.0,0.0,0,0.0,0.0,0,0.5,,0.0,0.0,0.0,,,,,,,,,,0.0,,,,,,,,,,,,,1.0,,,,,,,,,,,,,,,,,,,,,
2026-05-03,Owen Caissie,batter_hits,0.5,-143,1,1,MIA,PHI,DraftKings,Over,Philadelphia Phillies @ Miami Marlins,14242,0.0,0.0,0.0,0.0,0.0,0,0.0,0.0,0,0.5,,0.0,0.0,0.0,,,,,,,,,,0.0,,,,,,,,,,,,,1.0,,,,,,,,,,,,,,,,,,,,,
2026-05-03,Owen Caissie,batter_hits,0.5,108,1,1,MIA,PHI,DraftKings,Under,Philadelphia Phillies @ Miami Marlins,14242,0.0,0.0,0.0,0.0,0.0,0,0.0,0.0,0,0.5,,0.0,0.0,0.0,,,,,,,,,,0.0,,,,,,,,,,,,,1.0,,,,,,,,,,,,,,,,,,,,,
2026-05-03,Justin Crawford,batter_hits,0.5,-171,1,1,PHI,MIA,DraftKings,Over,Philadelphia Phillies @ Miami Marlins,14242,0.0,0.0,0.0,0.0,0.0,0,0.0,0.0,0,0.5,,0.0,0.0,0.0,,,,,,,,,,0.0,,,,,,,,,,,,,1.0,,,,,,,,,,,,,,,,,,,,,
2026-05-03,Justin Crawford,batter_hits,0.5,128,1,1,PHI,MIA,DraftKings,Under,Philadelphia Phillies @ Miami Marlins,14242,0.0,0.0,0.0,0.0,0.0,0,0.0,0.0,0,0.5,,0.0,0.0,0.0,,,,,,,,,,0.0,,,,,,,,,,,,,1.0,,,,,,,,,,,,,,,,,,,,,
2026-05-03,J.T. Realmuto,batter_hits,0.5,-228,1,1,PHI,MIA,DraftKings,Over,Philadelphia Phillies @ Miami Marlins,14242,0.0,0.0,0.0,0.0,0.0,0,0.0,0.0,0,0.5,,0.0,0.0,0.0,,,,,,,,,,0.0,,,,,,,,,,,,,1.0,,,,,,,,,,,,,,,,,,,,,
2026-05-03,J.T. Realmuto,batter_hits,0.5,169,1,1,PHI,MIA,DraftKings,Under,Philadelphia Phillies @ Miami Marlins,14242,0.0,0.0,0.0,0.0,0.0,0,0.0,0.0,0,0.5,,0.0,0.0,0.0,,,,,,,,,,0.0,,,,,,,,,,,,,1.0,,,,,,,,,,,,,,,,,,,,,
2026-05-04,Juan Soto,batter_hits,0.5,,,,NYM,COL,,,,,,,,,,,,,,,,,,,,,,,,,,,,,,,,,,,,,,,,,,,,,,,Tomoyuki Sugano,,,,,0,C:\Users\RevLe\OneDrive\Documents\New project\data\predictions\prediction_grades_2026.csv,2600.0,36.35,3.7,32.65,Positive edge,Medium,,,
2026-05-04,Otto Lopez,batter_hits,1.5,,,,MIA,PHI,,,,,,,,,,,,,,,,,,,,,,,,,,,,,,,,,,,,,,,,,,,,,,,Aaron Nola,,,,,0,C:\Users\RevLe\OneDrive\Documents\New project\data\backtests\playerboard_backtest_2026.csv,197.0,54.24,33.67,20.57,Positive edge,Medium,-0.13,0.8,1.5
2026-05-04,Moisés Ballesteros,batter_hits,1.5,,,,CHC,CIN,,,,,,,,,,,,,,,,,,,,,,,,,,,,,,,,,,,,,,,,,,,,,,,Chase Petty,,,,,0,C:\Users\RevLe\OneDrive\Documents\New project\data\backtests\playerboard_backtest_2026.csv,192.0,51.61,34.25,17.36,Positive edge,Medium,-0.49,0.8,1.5
2026-05-04,Xavier Edwards,batter_hits,0.5,,,,MIA,PHI,,,,,,,,,,,,,,,,,,,,,,,,,,,,,,,,,,,,,,,,,,,,,,,Aaron Nola,,,,,1,C:\Users\RevLe\OneDrive\Documents\New project\data\backtests\playerboard_backtest_2026.csv,194.0,51.38,34.01,17.36,Positive edge,Medium,-0.13,0.8,-1.5
2026-05-04,Brice Turang,batter_hits,1.5,,,,MIL,STL,,,,,,,,,,,,,,,,,,,,,,,,,,,,,,,,,,,,,,,,,,,,,,,Kyle Leahy,,,,,1,C:\Users\RevLe\OneDrive\Documents\New project\data\backtests\playerboard_backtest_2026.csv,173.0,53.98,36.63,17.35,Positive edge,Medium,0.43,0.8,1.5
2026-05-04,Yandy Díaz,batter_hits,1.5,,,,TBR,TOR,,,,,,,,,,,,,,,,,,,,,,,,,,,,,,,,,,,,,,,,,,,,,,,Eric Lauer,,,,,0,C:\Users\RevLe\OneDrive\Documents\New project\data\backtests\playerboard_backtest_2026.csv,163.0,55.11,38.02,17.09,Positive edge,Medium-High,,0.8,1.5
2026-05-04,Chandler Simpson,batter_hits,1.5,,,,TBR,TOR,,,,,,,,,,,,,,,,,,,,,,,,,,,,,,,,,,,,,,,,,,,,,,,Eric Lauer,,,,,0,C:\Users\RevLe\OneDrive\Documents\New project\data\backtests\playerboard_backtest_2026.csv,162.0,55.17,38.17,17.0,Positive edge,Medium-High,,0.8,1.5
2026-05-04,Seiya Suzuki,batter_hits,0.5,,,,CHC,CIN,,,,,,,,,,,,,,,,,,,,,,,,,,,,,,,,,,,,,,,,,,,,,,,Chase Petty,,,,,1,C:\Users\RevLe\OneDrive\Documents\New project\data\backtests\playerboard_backtest_2026.csv,188.0,51.3,34.72,16.58,Positive edge,Medium,-0.49,0.8,-1.5
2026-05-04,Junior Caminero,batter_hits,1.5,,,,TBR,TOR,,,,,,,,,,,,,,,,,,,,,,,,,,,,,,,,,,,,,,,,,,,,,,,Eric Lauer,,,,,0,C:\Users\RevLe\OneDrive\Documents\New project\data\backtests\playerboard_backtest_2026.csv,199.0,49.62,33.44,16.18,Positive edge,Medium-High,,0.8,0.34
2026-05-04,Alec Burleson,batter_hits,0.5,,,,STL,MIL,,,,,,,,,,,,,,,,,,,,,,,,,,,,,,,,,,,,,,,,,,,,,,,Chad Patrick,,,,,0,C:\Users\RevLe\OneDrive\Documents\New project\data\backtests\playerboard_backtest_2026.csv,183.0,51.46,35.34,16.13,Positive edge,Medium,0.43,0.8,-1.5
2026-05-04,Aaron Judge,batter_hits,0.5,,,,NYY,BAL,,,,,,,,,,,,,,,,,,,,,,,,,,,,,,,,,,,,,,,,,,,,,,,Shane Baz,,,,,1,C:\Users\RevLe\OneDrive\Documents\New project\data\backtests\playerboard_backtest_2026.csv,196.0,49.79,33.78,16.01,Positive edge,Medium,-0.12,0.8,-1.5
2026-05-04,Maikel Garcia,batter_hits,0.5,,,,KCR,CLE,,,,,,,,,,,,,,,,,,,,,,,,,,,,,,,,,,,,,,,,,,,,,,,Tanner Bibee,,,,,0,C:\Users\RevLe\OneDrive\Documents\New project\data\backtests\playerboard_backtest_2026.csv,178.0,51.83,35.97,15.86,Positive edge,Medium,0.54,0.8,-1.5
2026-05-04,Nico Hoerner,batter_hits,1.5,,,,CHC,CIN,,,,,,,,,,,,,,,,,,,,,,,,,,,,,,,,,,,,,,,,,,,,,,,Chase Petty,,,,,0,C:\Users\RevLe\OneDrive\Documents\New project\data\backtests\playerboard_backtest_2026.csv,143.0,56.87,41.15,15.72,Positive edge,Medium,-0.49,0.8,1.5
2026-05-04,Bobby Witt Jr.,batter_hits,1.5,,,,KCR,CLE,,,,,,,,,,,,,,,,,,,,,,,,,,,,,,,,,,,,,,,,,,,,,,,Tanner Bibee,,,,,0,C:\Users\RevLe\OneDrive\Documents\New project\data\backtests\playerboard_backtest_2026.csv,176.0,51.93,36.23,15.7,Positive edge,Medium,0.54,0.8,-1.5
2026-05-04,Jordan Walker,batter_hits,0.5,,,,STL,MIL,,,,,,,,,,,,,,,,,,,,,,,,,,,,,,,,,,,,,,,,,,,,,,,Chad Patrick,,,,,1,C:\Users\RevLe\OneDrive\Documents\New project\data\backtests\playerboard_backtest_2026.csv,176.0,51.82,36.23,15.59,Positive edge,Medium,0.43,0.8,-1.5
2026-05-04,Dansby Swanson,batter_hits,0.5,,,,CHC,CIN,,,,,,,,,,,,,,,,,,,,,,,,,,,,,,,,,,,,,,,,,,,,,,,Chase Petty,,,,,0,C:\Users\RevLe\OneDrive\Documents\New project\data\backtests\playerboard_backtest_2026.csv,165.0,53.0,37.74,15.27,Positive edge,Medium,-0.49,0.8,1.5
2026-05-04,William Contreras,batter_hits,1.5,,,,MIL,STL,,,,,,,,,,,,,,,,,,,,,,,,,,,,,,,,,,,,,,,,,,,,,,,Kyle Leahy,,,,,0,C:\Users\RevLe\OneDrive\Documents\New project\data\backtests\playerboard_backtest_2026.csv,149.0,55.39,40.16,15.23,Positive edge,Medium,0.43,0.8,1.5
2026-05-04,Bryce Harper,batter_hits,1.5,,,,PHI,MIA,,,,,,,,,,,,,,,,,,,,,,,,,,,,,,,,,,,,,,,,,,,,,,,Janson Junk,,,,,1,C:\Users\RevLe\OneDrive\Documents\New project\data\backtests\playerboard_backtest_2026.csv,199.0,48.65,33.44,15.2,Positive edge,Medium,-0.13,0.8,1.5
2026-05-04,Steven Kwan,batter_hits,1.5,,,,CLE,KCR,,,,,,,,,,,,,,,,,,,,,,,,,,,,,,,,,,,,,,,,,,,,,,,Michael Wacha,,,,,0,C:\Users\RevLe\OneDrive\Documents\New project\data\backtests\playerboard_backtest_2026.csv,183.0,50.07,35.34,14.74,Positive edge,Medium,0.54,0.8,1.5
2026-05-04,Vladimir Guerrero Jr.,batter_hits,1.5,,,,TOR,TBR,,,,,,,,,,,,,,,,,,,,,,,,,,,,,,,,,,,,,,,,,,,,,,,Nick Martinez,,,,,0,C:\Users\RevLe\OneDrive\Documents\New project\data\backtests\playerboard_backtest_2026.csv,158.0,53.4,38.76,14.64,Positive edge,Medium,,0.8,1.5
2026-05-04,Cody Bellinger,batter_hits,0.5,,,,NYY,BAL,,,,,,,,,,,,,,,,,,,,,,,,,,,,,,,,,,,,,,,,,,,,,,,Shane Baz,,,,,1,C:\Users\RevLe\OneDrive\Documents\New project\data\backtests\playerboard_backtest_2026.csv,177.0,50.72,36.1,14.62,Positive edge,Medium,-0.12,0.8,-1.5
2026-05-04,Willi Castro,batter_hits,0.5,,,,COL,NYM,,,,,,,,,,,,,,,,,,,,,,,,,,,,,,,,,,,,,,,,,,,,,,,Huascar Brazobán,,,,,1,C:\Users\RevLe\OneDrive\Documents\New project\data\backtests\playerboard_backtest_2026.csv,188.0,49.26,34.72,14.54,Positive edge,Medium-High,-0.53,0.8,
2026-05-04,Troy Johnston,batter_hits,0.5,,,,COL,NYM,,,,,,,,,,,,,,,,,,,,,,,,,,,,,,,,,,,,,,,,,,,,,,,Huascar Brazobán,,,,,0,C:\Users\RevLe\OneDrive\Documents\New project\data\backtests\playerboard_backtest_2026.csv,156.0,53.5,39.06,14.43,Positive edge,Medium-High,-0.53,0.8,
2026-05-04,Alex Bregman,batter_hits,0.5,,,,CHC,CIN,,,,,,,,,,,,,,,,,,,,,,,,,,,,,,,,,,,,,,,,,,,,,,,Chase Petty,,,,,1,C:\Users\RevLe\OneDrive\Documents\New project\data\backtests\playerboard_backtest_2026.csv,193.0,48.56,34.13,14.43,Positive edge,Medium,-0.49,0.8,-1.5
2026-05-04,Hunter Goodman,batter_hits,1.5,,,,COL,NYM,,,,,,,,,,,,,,,,,,,,,,,,,,,,,,,,,,,,,,,,,,,,,,,Huascar Brazobán,,,,,0,C:\Users\RevLe\OneDrive\Documents\New project\data\backtests\playerboard_backtest_2026.csv,186.0,49.36,34.97,14.39,Positive edge,Medium-High,-0.53,0.8,
2026-05-04,Kyle Stowers,batter_hits,0.5,,,,MIA,PHI,,,,,,,,,,,,,,,,,,,,,,,,,,,,,,,,,,,,,,,,,,,,,,,Aaron Nola,,,,,1,C:\Users\RevLe\OneDrive\Documents\New project\data\backtests\playerboard_backtest_2026.csv,187.0,49.21,34.84,14.36,Positive edge,Medium,-0.13,0.8,-1.5
2026-05-04,Sal Stewart,batter_hits,1.5,,,,CIN,CHC,,,,,,,,,,,,,,,,,,,,,,,,,,,,,,,,,,,,,,,,,,,,,,,Edward Cabrera,,,,,0,C:\Users\RevLe\OneDrive\Documents\New project\data\backtests\playerboard_backtest_2026.csv,190.0,48.7,34.48,14.22,Positive edge,Medium,-0.49,0.8,1.5
2026-05-04,Tyler Freeman,batter_hits,1.5,,,,COL,NYM,,,,,,,,,,,,,,,,,,,,,,,,,,,,,,,,,,,,,,,,,,,,,,,Huascar Brazobán,,,,,0,C:\Users\RevLe\OneDrive\Documents\New project\data\backtests\playerboard_backtest_2026.csv,180.0,49.66,35.71,13.94,Positive edge,Medium-High,-0.53,0.8,
2026-05-04,Michael Busch,batter_hits,0.5,,,,CHC,CIN,,,,,,,,,,,,,,,,,,,,,,,,,,,,,,,,,,,,,,,,,,,,,,,Chase Petty,,,,,0,C:\Users\RevLe\OneDrive\Documents\New project\data\backtests\playerboard_backtest_2026.csv,186.0,48.9,34.97,13.93,Positive edge,Medium,-0.49,0.8,-1.5
2026-05-04,Juan Soto,batter_hits,1.5,,,,NYM,COL,,,,,,,,,,,,,,,,,,,,,,,,,,,,,,,,,,,,,,,,,,,,,,,Tomoyuki Sugano,,,,,0,C:\Users\RevLe\OneDrive\Documents\New project\data\backtests\playerboard_backtest_2026.csv,167.0,51.35,37.45,13.9,Positive edge,Medium,-0.53,0.8,1.5
2026-05-04,Elly De La Cruz,batter_hits,0.5,,,,CIN,CHC,,,,,,,,,,,,,,,,,,,,,,,,,,,,,,,,,,,,,,,,,,,,,,,Edward Cabrera,,,,,1,C:\Users\RevLe\OneDrive\Documents\New project\data\backtests\playerboard_backtest_2026.csv,187.0,48.35,34.84,13.5,Positive edge,Medium,-0.49,0.8,-1.5
2026-05-04,Brandon Marsh,batter_hits,0.5,,,,PHI,MIA,,,,,,,,,,,,,,,,,,,,,,,,,,,,,,,,,,,,,,,,,,,,,,,Janson Junk,,,,,1,C:\Users\RevLe\OneDrive\Documents\New project\data\backtests\playerboard_backtest_2026.csv,182.0,48.95,35.46,13.49,Positive edge,Medium,-0.13,0.8,-1.5
2026-05-04,Mark Vientos,batter_hits,0.5,,,,NYM,COL,,,,,,,,,,,,,,,,,,,,,,,,,,,,,,,,,,,,,,,,,,,,,,,Tomoyuki Sugano,,,,,1,C:\Users\RevLe\OneDrive\Documents\New project\data\backtests\playerboard_backtest_2026.csv,194.0,47.48,34.01,13.46,Positive edge,Medium,-0.53,0.8,1.5
2026-05-04,Brenton Doyle,batter_hits,0.5,,,,COL,NYM,,,,,,,,,,,,,,,,,,,,,,,,,,,,,,,,,,,,,,,,,,,,,,,Huascar Brazobán,,,,,0,C:\Users\RevLe\OneDrive\Documents\New project\data\backtests\playerboard_backtest_2026.csv,200.0,46.7,33.33,13.37,Positive edge,Medium-High,-0.53,0.8,
2026-05-04,Ernie Clement,batter_hits,0.5,,,,TOR,TBR,,,,,,,,,,,,,,,,,,,,,,,,,,,,,,,,,,,,,,,,,,,,,,,Nick Martinez,,,,,1,C:\Users\RevLe\OneDrive\Documents\New project\data\backtests\playerboard_backtest_2026.csv,176.0,49.39,36.23,13.16,Positive edge,Medium,,0.8,-1.5
2026-05-04,Jasson Domínguez,batter_hits,0.5,,,,NYY,BAL,,,,,,,,,,,,,,,,,,,,,,,,,,,,,,,,,,,,,,,,,,,,,,,Shane Baz,,,,,1,C:\Users\RevLe\OneDrive\Documents\New project\data\backtests\playerboard_backtest_2026.csv,159.0,51.72,38.61,13.11,Positive edge,Medium,-0.12,0.8,-1.5
2026-05-04,Liam Hicks,batter_hits,0.5,,,,MIA,PHI,,,,,,,,,,,,,,,,,,,,,,,,,,,,,,,,,,,,,,,,,,,,,,,Aaron Nola,,,,,0,C:\Users\RevLe\OneDrive\Documents\New project\data\backtests\playerboard_backtest_2026.csv,170.0,50.08,37.04,13.05,Positive edge,Medium,-0.13,0.8,-1.5
2026-05-04,Marcus Semien,batter_hits,1.5,,,,NYM,COL,,,,,,,,,,,,,,,,,,,,,,,,,,,,,,,,,,,,,,,,,,,,,,,Tomoyuki Sugano,,,,,0,C:\Users\RevLe\OneDrive\Documents\New project\data\backtests\playerboard_backtest_2026.csv,188.0,47.76,34.72,13.04,Positive edge,Medium,-0.53,0.8,1.5
2026-05-04,Mark Vientos,batter_hits,1.5,,,,NYM,COL,,,,,,,,,,,,,,,,,,,,,,,,,,,,,,,,,,,,,,,,,,,,,,,Tomoyuki Sugano,,,,,0,C:\Users\RevLe\OneDrive\Documents\New project\data\backtests\playerboard_backtest_2026.csv,186.0,47.86,34.97,12.89,Positive edge,Medium,-0.53,0.8,1.5
2026-05-04,Trea Turner,batter_hits,1.5,,,,PHI,MIA,,,,,,,,,,,,,,,,,,,,,,,,,,,,,,,,,,,,,,,,,,,,,,,Janson Junk,,,,,0,C:\Users\RevLe\OneDrive\Documents\New project\data\backtests\playerboard_backtest_2026.csv,168.0,50.2,37.31,12.88,Positive edge,Medium,-0.13,0.8,1.5
2026-05-04,Jordan Beck,batter_hits,0.5,,,,COL,NYM,,,,,,,,,,,,,,,,,,,,,,,,,,,,,,,,,,,,,,,,,,,,,,,Huascar Brazobán,,,,,1,C:\Users\RevLe\OneDrive\Documents\New project\data\backtests\playerboard_backtest_2026.csv,191.0,47.12,34.36,12.75,Positive edge,Medium-High,-0.53,0.8,
2026-05-04,José Ramírez,batter_hits,0.5,,,,CLE,KCR,,,,,,,,,,,,,,,,,,,,,,,,,,,,,,,,,,,,,,,,,,,,,,,Michael Wacha,,,,,1,C:\Users\RevLe\OneDrive\Documents\New project\data\backtests\playerboard_backtest_2026.csv,195.0,46.5,33.9,12.6,Positive edge,Medium,0.54,0.8,-1.5
2026-05-04,Pete Crow-Armstrong,batter_hits,0.5,,,,CHC,CIN,,,,,,,,,,,,,,,,,,,,,,,,,,,,,,,,,,,,,,,,,,,,,,,Chase Petty,,,,,1,C:\Users\RevLe\OneDrive\Documents\New project\data\backtests\playerboard_backtest_2026.csv,167.0,49.89,37.45,12.44,Positive edge,Medium,-0.49,0.8,-1.5
2026-05-04,Ben Williamson,batter_hits,0.5,,,,TBR,TOR,,,,,,,,,,,,,,,,,,,,,,,,,,,,,,,,,,,,,,,,,,,,,,,Eric Lauer,,,,,1,C:\Users\RevLe\OneDrive\Documents\New project\data\backtests\playerboard_backtest_2026.csv,172.0,49.11,36.76,12.34,Positive edge,Medium-High,,0.8,-1.5
2026-05-04,T.J. Rumfield,batter_hits,0.5,,,,COL,NYM,,,,,,,,,,,,,,,,,,,,,,,,,,,,,,,,,,,,,,,,,,,,,,,Huascar Brazobán,,,,,0,C:\Users\RevLe\OneDrive\Documents\New project\data\backtests\playerboard_backtest_2026.csv,159.0,50.81,38.61,12.2,Positive edge,Medium-High,-0.53,0.8,
2026-05-04,Kazuma Okamoto,batter_hits,0.5,,,,TOR,TBR,,,,,,,,,,,,,,,,,,,,,,,,,,,,,,,,,,,,,,,,,,,,,,,Nick Martinez,,,,,1,C:\Users\RevLe\OneDrive\Documents\New project\data\backtests\playerboard_backtest_2026.csv,195.0,45.96,33.9,12.06,Positive edge,Medium,,0.8,-1.5
2026-05-04,Dillon Dingler,batter_hits,0.5,,,,DET,BOS,,,,,,,,,,,,,,,,,,,,,,,,,,,,,,,,,,,,,,,,,,,,,,,Payton Tolle,,,,,1,C:\Users\RevLe\OneDrive\Documents\New project\data\backtests\playerboard_backtest_2026.csv,162.0,50.07,38.17,11.9,Positive edge,Medium,0.4,0.8,-1.5
2026-05-04,Salvador Perez,batter_hits,0.5,,,,KCR,CLE,,,,,,,,,,,,,,,,,,,,,,,,,,,,,,,,,,,,,,,,,,,,,,,Tanner Bibee,,,,,1,C:\Users\RevLe\OneDrive\Documents\New project\data\backtests\playerboard_backtest_2026.csv,158.0,50.44,38.76,11.68,Positive edge,Medium,0.54,0.8,-1.5
2026-05-04,Francisco Alvarez,batter_hits,1.5,,,,NYM,COL,,,,,,,,,,,,,,,,,,,,,,,,,,,,,,,,,,,,,,,,,,,,,,,Tomoyuki Sugano,,,,,0,C:\Users\RevLe\OneDrive\Documents\New project\data\backtests\playerboard_backtest_2026.csv,168.0,48.8,37.31,11.48,Positive edge,Medium,-0.53,0.8,1.5
2026-05-04,JJ Wetherholt,batter_hits,0.5,,,,STL,MIL,,,,,,,,,,,,,,,,,,,,,,,,,,,,,,,,,,,,,,,,,,,,,,,Chad Patrick,,,,,1,C:\Users\RevLe\OneDrive\Documents\New project\data\backtests\playerboard_backtest_2026.csv,156.0,50.45,39.06,11.39,Positive edge,Medium,0.43,0.8,-1.5
2026-05-04,Ian Happ,batter_hits,0.5,,,,CHC,CIN,,,,,,,,,,,,,,,,,,,,,,,,,,,,,,,,,,,,,,,,,,,,,,,Chase Petty,,,,,0,C:\Users\RevLe\OneDrive\Documents\New project\data\backtests\playerboard_backtest_2026.csv,152.0,50.78,39.68,11.1,Positive edge,Medium,-0.49,0.8,-1.5
2026-05-04,Jakob Marsee,batter_hits,0.5,,,,MIA,PHI,,,,,,,,,,,,,,,,,,,,,,,,,,,,,,,,,,,,,,,,,,,,,,,Aaron Nola,,,,,1,C:\Users\RevLe\OneDrive\Documents\New project\data\backtests\playerboard_backtest_2026.csv,155.0,50.16,39.22,10.94,Positive edge,Medium,-0.13,,-1.5
2026-05-04,Garrett Mitchell,batter_hits,0.5,,,,MIL,STL,,,,,,,,,,,,,,,,,,,,,,,,,,,,,,,,,,,,,,,,,,,,,,,Kyle Leahy,,,,,0,C:\Users\RevLe\OneDrive\Documents\New project\data\backtests\playerboard_backtest_2026.csv,162.0,49.1,38.17,10.93,Positive edge,Medium,0.43,0.8,-1.5
2026-05-04,Jonny DeLuca,batter_hits,0.5,,,,TBR,TOR,,,,,,,,,,,,,,,,,,,,,,,,,,,,,,,,,,,,,,,,,,,,,,,Eric Lauer,,,,,1,C:\Users\RevLe\OneDrive\Documents\New project\data\backtests\playerboard_backtest_2026.csv,155.0,50.09,39.22,10.87,Positive edge,Medium-High,,0.8,-1.5
2026-05-04,Otto Lopez,batter_hits,0.5,,,,MIA,PHI,,,,,,,,,,,,,,,,,,,,,,,,,,,,,,,,,,,,,,,,,,,,,,,Aaron Nola,,,,,1,C:\Users\RevLe\OneDrive\Documents\New project\data\backtests\playerboard_backtest_2026.csv,100.0,60.77,50.0,10.77,Positive edge,Medium,-0.13,0.8,1.5
2026-05-04,Sal Frelick,batter_hits,0.5,,,,MIL,STL,,,,,,,,,,,,,,,,,,,,,,,,,,,,,,,,,,,,,,,,,,,,,,,Kyle Leahy,,,,,1,C:\Users\RevLe\OneDrive\Documents\New project\data\backtests\playerboard_backtest_2026.csv,168.0,47.96,37.31,10.64,Positive edge,Medium,0.43,,-1.5
2026-05-04,Ezequiel Tovar,batter_hits,0.5,,,,COL,NYM,,,,,,,,,,,,,,,,,,,,,,,,,,,,,,,,,,,,,,,,,,,,,,,Huascar Brazobán,,,,,0,C:\Users\RevLe\OneDrive\Documents\New project\data\backtests\playerboard_backtest_2026.csv,141.0,51.97,41.49,10.47,Positive edge,Medium-High,-0.53,0.8,
2026-05-04,Jazz Chisholm Jr.,batter_hits,0.5,,,,NYY,BAL,,,,,,,,,,,,,,,,,,,,,,,,,,,,,,,,,,,,,,,,,,,,,,,Shane Baz,,,,,1,C:\Users\RevLe\OneDrive\Documents\New project\data\backtests\playerboard_backtest_2026.csv,132.0,53.52,43.1,10.42,Positive edge,Medium,-0.12,0.8,-1.5
2026-05-04,Jake Bauers,batter_hits,0.5,,,,MIL,STL,,,,,,,,,,,,,,,,,,,,,,,,,,,,,,,,,,,,,,,,,,,,,,,Kyle Leahy,,,,,1,C:\Users\RevLe\OneDrive\Documents\New project\data\backtests\playerboard_backtest_2026.csv,155.0,49.52,39.22,10.3,Positive edge,Medium,0.43,0.8,-1.5
2026-05-04,Wilyer Abreu,batter_hits,0.5,,,,BOS,DET,,,,,,,,,,,,,,,,,,,,,,,,,,,,,,,,,,,,,,,,,,,,,,,Tarik Skubal,,,,,1,C:\Users\RevLe\OneDrive\Documents\New project\data\backtests\playerboard_backtest_2026.csv,139.0,52.04,41.84,10.2,Positive edge,Medium,0.4,0.8,-1.5
2026-05-04,Paul Goldschmidt,batter_hits,0.5,,,,NYY,BAL,,,,,,,,,,,,,,,,,,,,,,,,,,,,,,,,,,,,,,,,,,,,,,,Shane Baz,,,,,1,C:\Users\RevLe\OneDrive\Documents\New project\data\backtests\playerboard_backtest_2026.csv,146.0,50.54,40.65,9.89,Positive edge,Medium,-0.12,0.8,-1.5
2026-05-04,Bryson Stott,batter_hits,0.5,,,,PHI,MIA,,,,,,,,,,,,,,,,,,,,,,,,,,,,,,,,,,,,,,,,,,,,,,,Janson Junk,,,,,0,C:\Users\RevLe\OneDrive\Documents\New project\data\backtests\playerboard_backtest_2026.csv,166.0,47.31,37.59,9.71,Positive edge,Medium,-0.13,0.8,-1.5
2026-05-04,Ryan Vilade,batter_hits,0.5,,,,TBR,TOR,,,,,,,,,,,,,,,,,,,,,,,,,,,,,,,,,,,,,,,,,,,,,,,Eric Lauer,,,,,1,C:\Users\RevLe\OneDrive\Documents\New project\data\backtests\playerboard_backtest_2026.csv,164.0,47.55,37.88,9.67,Positive edge,Medium-High,,0.8,-1.5
2026-05-04,Vinnie Pasquantino,batter_hits,0.5,,,,KCR,CLE,,,,,,,,,,,,,,,,,,,,,,,,,,,,,,,,,,,,,,,,,,,,,,,Tanner Bibee,,,,,1,C:\Users\RevLe\OneDrive\Documents\New project\data\backtests\playerboard_backtest_2026.csv,136.0,51.89,42.37,9.52,Positive edge,Medium,0.54,0.8,-1.5
2026-05-04,Nathaniel Lowe,batter_hits,0.5,,,,CIN,CHC,,,,,,,,,,,,,,,,,,,,,,,,,,,,,,,,,,,,,,,,,,,,,,,Edward Cabrera,,,,,0,C:\Users\RevLe\OneDrive\Documents\New project\data\backtests\playerboard_backtest_2026.csv,167.0,46.89,37.45,9.44,Positive edge,Medium,-0.49,0.8,-1.5
2026-05-04,Angel Martínez,batter_hits,0.5,,,,CLE,KCR,,,,,,,,,,,,,,,,,,,,,,,,,,,,,,,,,,,,,,,,,,,,,,,Michael Wacha,,,,,1,C:\Users\RevLe\OneDrive\Documents\New project\data\backtests\playerboard_backtest_2026.csv,155.0,48.63,39.22,9.41,Positive edge,Medium,0.54,0.8,-1.5
2026-05-04,Adolis García,batter_hits,0.5,,,,PHI,MIA,,,,,,,,,,,,,,,,,,,,,,,,,,,,,,,,,,,,,,,,,,,,,,,Janson Junk,,,,,1,C:\Users\RevLe\OneDrive\Documents\New project\data\backtests\playerboard_backtest_2026.csv,162.0,47.54,38.17,9.37,Positive edge,Medium,-0.13,0.8,-1.5
2026-05-04,Luis Rengifo,batter_hits,0.5,,,,MIL,STL,,,,,,,,,,,,,,,,,,,,,,,,,,,,,,,,,,,,,,,,,,,,,,,Kyle Leahy,,,,,1,C:\Users\RevLe\OneDrive\Documents\New project\data\backtests\playerboard_backtest_2026.csv,176.0,45.52,36.23,9.29,Positive edge,Medium,0.43,,-1.5
2026-05-04,Brett Baty,batter_hits,1.5,,,,NYM,COL,,,,,,,,,,,,,,,,,,,,,,,,,,,,,,,,,,,,,,,,,,,,,,,Tomoyuki Sugano,,,,,0,C:\Users\RevLe\OneDrive\Documents\New project\data\backtests\playerboard_backtest_2026.csv,163.0,47.08,38.02,9.06,Positive edge,Medium,-0.53,0.8,1.5
2026-05-04,Jac Caglianone,batter_hits,0.5,,,,KCR,CLE,,,,,,,,,,,,,,,,,,,,,,,,,,,,,,,,,,,,,,,,,,,,,,,Tanner Bibee,,,,,1,C:\Users\RevLe\OneDrive\Documents\New project\data\backtests\playerboard_backtest_2026.csv,131.0,52.26,43.29,8.97,Positive edge,Medium,0.54,0.8,-1.5
2026-05-04,MJ Melendez,batter_hits,0.5,,,,NYM,COL,,,,,,,,,,,,,,,,,,,,,,,,,,,,,,,,,,,,,,,,,,,,,,,Tomoyuki Sugano,,,,,0,C:\Users\RevLe\OneDrive\Documents\New project\data\backtests\playerboard_backtest_2026.csv,174.0,45.47,36.5,8.97,Positive edge,Medium,-0.53,0.8,-1.5
2026-05-04,Kyle Karros,batter_hits,0.5,,,,COL,NYM,,,,,,,,,,,,,,,,,,,,,,,,,,,,,,,,,,,,,,,,,,,,,,,Huascar Brazobán,,,,,1,C:\Users\RevLe\OneDrive\Documents\New project\data\backtests\playerboard_backtest_2026.csv,145.0,49.7,40.82,8.88,Positive edge,Medium-High,-0.53,0.8,
2026-05-04,Alec Bohm,batter_hits,0.5,,,,PHI,MIA,,,,,,,,,,,,,,,,,,,,,,,,,,,,,,,,,,,,,,,,,,,,,,,Janson Junk,,,,,0,C:\Users\RevLe\OneDrive\Documents\New project\data\backtests\playerboard_backtest_2026.csv,191.0,43.22,34.36,8.85,Positive edge,Medium,-0.13,,-1.5
2026-05-04,Riley Greene,batter_hits,0.5,,,,DET,BOS,,,,,,,,,,,,,,,,,,,,,,,,,,,,,,,,,,,,,,,,,,,,,,,Payton Tolle,,,,,1,C:\Users\RevLe\OneDrive\Documents\New project\data\backtests\playerboard_backtest_2026.csv,131.0,52.12,43.29,8.83,Positive edge,Medium,0.4,0.8,-1.5
2026-05-04,TJ Friedl,batter_hits,0.5,,,,CIN,CHC,,,,,,,,,,,,,,,,,,,,,,,,,,,,,,,,,,,,,,,,,,,,,,,Edward Cabrera,,,,,0,C:\Users\RevLe\OneDrive\Documents\New project\data\backtests\playerboard_backtest_2026.csv,169.0,45.98,37.17,8.81,Positive edge,Medium,-0.49,,-1.5
2026-05-04,Masyn Winn,batter_hits,0.5,,,,STL,MIL,,,,,,,,,,,,,,,,,,,,,,,,,,,,,,,,,,,,,,,,,,,,,,,Chad Patrick,,,,,1,C:\Users\RevLe\OneDrive\Documents\New project\data\backtests\playerboard_backtest_2026.csv,130.0,52.22,43.48,8.74,Positive edge,Medium,0.43,0.8,-1.5
2026-05-04,Jesús Sánchez,batter_hits,0.5,,,,TOR,TBR,,,,,,,,,,,,,,,,,,,,,,,,,,,,,,,,,,,,,,,,,,,,,,,Nick Martinez,,,,,1,C:\Users\RevLe\OneDrive\Documents\New project\data\backtests\playerboard_backtest_2026.csv,153.0,48.21,39.53,8.68,Positive edge,Medium,,0.8,-1.5
2026-05-04,Connor Norby,batter_hits,0.5,,,,MIA,PHI,,,,,,,,,,,,,,,,,,,,,,,,,,,,,,,,,,,,,,,,,,,,,,,Aaron Nola,,,,,0,C:\Users\RevLe\OneDrive\Documents\New project\data\backtests\playerboard_backtest_2026.csv,125.0,53.05,44.44,8.6,Positive edge,Medium,-0.13,0.8,-1.5
2026-05-04,Nathan Church,batter_hits,0.5,,,,STL,MIL,,,,,,,,,,,,,,,,,,,,,,,,,,,,,,,,,,,,,,,,,,,,,,,Chad Patrick,,,,,1,C:\Users\RevLe\OneDrive\Documents\New project\data\backtests\playerboard_backtest_2026.csv,128.0,52.37,43.86,8.51,Positive edge,Medium,0.43,0.8,-1.5
2026-05-04,Joe Mack,batter_hits,0.5,,,,MIA,PHI,,,,,,,,,,,,,,,,,,,,,,,,,,,,,,,,,,,,,,,,,,,,,,,Aaron Nola,,,,,0,C:\Users\RevLe\OneDrive\Documents\New project\data\backtests\playerboard_backtest_2026.csv,131.0,51.79,43.29,8.5,Positive edge,Medium,-0.13,,-1.5
2026-05-04,Kyle Schwarber,batter_hits,0.5,,,,PHI,MIA,,,,,,,,,,,,,,,,,,,,,,,,,,,,,,,,,,,,,,,,,,,,,,,Janson Junk,,,,,0,C:\Users\RevLe\OneDrive\Documents\New project\data\backtests\playerboard_backtest_2026.csv,151.0,48.21,39.84,8.37,Positive edge,Medium,-0.13,0.8,-1.5
2026-05-04,Adley Rutschman,batter_hits,0.5,,,,BAL,NYY,,,,,,,,,,,,,,,,,,,,,,,,,,,,,,,,,,,,,,,,,,,,,,,Cam Schlittler,,,,,1,C:\Users\RevLe\OneDrive\Documents\New project\data\backtests\playerboard_backtest_2026.csv,135.0,50.8,42.55,8.25,Positive edge,Medium,-0.12,0.8,-1.5
2026-05-04,Carson Benge,batter_hits,0.5,,,,NYM,COL,,,,,,,,,,,,,,,,,,,,,,,,,,,,,,,,,,,,,,,,,,,,,,,Tomoyuki Sugano,,,,,1,C:\Users\RevLe\OneDrive\Documents\New project\data\backtests\playerboard_backtest_2026.csv,191.0,42.62,34.36,8.25,Positive edge,Medium,-0.53,0.8,-1.5
2026-05-04,Trent Grisham,batter_hits,0.5,,,,NYY,BAL,,,,,,,,,,,,,,,,,,,,,,,,,,,,,,,,,,,,,,,,,,,,,,,Shane Baz,,,,,1,C:\Users\RevLe\OneDrive\Documents\New project\data\backtests\playerboard_backtest_2026.csv,130.0,51.67,43.48,8.19,Positive edge,Medium,-0.12,0.8,-1.5
2026-05-04,Colt Keith,batter_hits,0.5,,,,DET,BOS,,,,,,,,,,,,,,,,,,,,,,,,,,,,,,,,,,,,,,,,,,,,,,,Payton Tolle,,,,,1,C:\Users\RevLe\OneDrive\Documents\New project\data\backtests\playerboard_backtest_2026.csv,124.0,52.66,44.64,8.01,Positive edge,Medium,0.4,0.8,-1.5
2026-05-04,Roman Anthony,batter_hits,0.5,,,,BOS,DET,,,,,,,,,,,,,,,,,,,,,,,,,,,,,,,,,,,,,,,,,,,,,,,Tarik Skubal,,,,,0,C:\Users\RevLe\OneDrive\Documents\New project\data\backtests\playerboard_backtest_2026.csv,141.0,49.4,41.49,7.9,Positive edge,Medium,0.4,0.8,-1.5
2026-05-04,Zack Short,batter_hits,0.5,,,,DET,BOS,,,,,,,,,,,,,,,,,,,,,,,,,,,,,,,,,,,,,,,,,,,,,,,Payton Tolle,,,,,0,C:\Users\RevLe\OneDrive\Documents\New project\data\backtests\playerboard_backtest_2026.csv,119.0,53.26,45.66,7.6,Positive edge,Medium,0.4,,1.5
2026-05-04,Justin Crawford,batter_hits,0.5,,,,PHI,MIA,,,,,,,,,,,,,,,,,,,,,,,,,,,,,,,,,,,,,,,,,,,,,,,Janson Junk,,,,,0,C:\Users\RevLe\OneDrive\Documents\New project\data\backtests\playerboard_backtest_2026.csv,142.0,48.8,41.32,7.48,Positive edge,Medium,-0.13,0.8,-1.5
2026-05-04,JJ Bleday,batter_hits,0.5,,,,CIN,CHC,,,,,,,,,,,,,,,,,,,,,,,,,,,,,,,,,,,,,,,,,,,,,,,Edward Cabrera,,,,,1,C:\Users\RevLe\OneDrive\Documents\New project\data\backtests\playerboard_backtest_2026.csv,144.0,48.3,40.98,7.32,Positive edge,Medium,-0.49,0.8,-1.5
2026-05-04,Daulton Varsho,batter_hits,0.5,,,,TOR,TBR,,,,,,,,,,,,,,,,,,,,,,,,,,,,,,,,,,,,,,,,,,,,,,,Nick Martinez,,,,,0,C:\Users\RevLe\OneDrive\Documents\New project\data\backtests\playerboard_backtest_2026.csv,139.0,49.14,41.84,7.3,Positive edge,Medium,,0.8,-1.5
2026-05-04,José Caballero,batter_hits,0.5,,,,NYY,BAL,,,,,,,,,,,,,,,,,,,,,,,,,,,,,,,,,,,,,,,,,,,,,,,Shane Baz,,,,,1,C:\Users\RevLe\OneDrive\Documents\New project\data\backtests\playerboard_backtest_2026.csv,107.0,55.6,48.31,7.29,Positive edge,Medium,-0.12,0.8,-1.5
2026-05-04,Nick Fortes,batter_hits,0.5,,,,TBR,TOR,,,,,,,,,,,,,,,,,,,,,,,,,,,,,,,,,,,,,,,,,,,,,,,Eric Lauer,,,,,1,C:\Users\RevLe\OneDrive\Documents\New project\data\backtests\playerboard_backtest_2026.csv,121.0,52.5,45.25,7.25,Positive edge,Medium-High,,0.8,-1.5
2026-05-04,Trevor Story,batter_hits,0.5,,,,BOS,DET,,,,,,,,,,,,,,,,,,,,,,,,,,,,,,,,,,,,,,,,,,,,,,,Tarik Skubal,,,,,1,C:\Users\RevLe\OneDrive\Documents\New project\data\backtests\playerboard_backtest_2026.csv,134.0,49.89,42.74,7.16,Positive edge,Medium,0.4,0.8,-1.5
2026-05-04,Willson Contreras,batter_hits,0.5,,,,BOS,DET,,,,,,,,,,,,,,,,,,,,,,,,,,,,,,,,,,,,,,,,,,,,,,,Tarik Skubal,,,,,0,C:\Users\RevLe\OneDrive\Documents\New project\data\backtests\playerboard_backtest_2026.csv,134.0,49.89,42.74,7.16,Positive edge,Medium,0.4,0.8,-1.5
2026-05-04,Matt Vierling,batter_hits,0.5,,,,DET,BOS,,,,,,,,,,,,,,,,,,,,,,,,,,,,,,,,,,,,,,,,,,,,,,,Payton Tolle,,,,,0,C:\Users\RevLe\OneDrive\Documents\New project\data\backtests\playerboard_backtest_2026.csv,133.0,49.97,42.92,7.05,Positive edge,Medium,0.4,0.8,-1.5
2026-05-04,Daniel Schneemann,batter_hits,0.5,,,,CLE,KCR,,,,,,,,,,,,,,,,,,,,,,,,,,,,,,,,,,,,,,,,,,,,,,,Michael Wacha,,,,,0,C:\Users\RevLe\OneDrive\Documents\New project\data\backtests\playerboard_backtest_2026.csv,131.0,50.26,43.29,6.97,Positive edge,Medium,0.54,0.8,-1.5
2026-05-04,David Hamilton,batter_hits,0.5,,,,MIL,STL,,,,,,,,,,,,,,,,,,,,,,,,,,,,,,,,,,,,,,,,,,,,,,,Kyle Leahy,,,,,0,C:\Users\RevLe\OneDrive\Documents\New project\data\backtests\playerboard_backtest_2026.csv,122.0,51.85,45.05,6.8,Positive edge,Medium,0.43,0.8,-1.5
2026-05-04,Pedro Pagés,batter_hits,0.5,,,,STL,MIL,,,,,,,,,,,,,,,,,,,,,,,,,,,,,,,,,,,,,,,,,,,,,,,Chad Patrick,,,,,0,C:\Users\RevLe\OneDrive\Documents\New project\data\backtests\playerboard_backtest_2026.csv,113.0,53.61,46.95,6.66,Positive edge,Medium,0.43,0.8,-1.5
2026-05-04,Brayan Rocchio,batter_hits,0.5,,,,CLE,KCR,,,,,,,,,,,,,,,,,,,,,,,,,,,,,,,,,,,,,,,,,,,,,,,Michael Wacha,,,,,0,C:\Users\RevLe\OneDrive\Documents\New project\data\backtests\playerboard_backtest_2026.csv,128.0,50.48,43.86,6.62,Positive edge,Medium,0.54,0.8,-1.5
2026-05-04,Tyrone Taylor,batter_hits,0.5,,,,NYM,COL,,,,,,,,,,,,,,,,,,,,,,,,,,,,,,,,,,,,,,,,,,,,,,,Tomoyuki Sugano,,,,,0,C:\Users\RevLe\OneDrive\Documents\New project\data\backtests\playerboard_backtest_2026.csv,166.0,43.91,37.59,6.31,Positive edge,Medium,-0.53,0.8,-1.5
2026-05-04,Spencer Torkelson,batter_hits,0.5,,,,DET,BOS,,,,,,,,,,,,,,,,,,,,,,,,,,,,,,,,,,,,,,,,,,,,,,,Payton Tolle,,,,,0,C:\Users\RevLe\OneDrive\Documents\New project\data\backtests\playerboard_backtest_2026.csv,110.0,53.85,47.62,6.23,Positive edge,Medium,0.4,0.8,-1.5
2026-05-04,Spencer Steer,batter_hits,0.5,,,,CIN,CHC,,,,,,,,,,,,,,,,,,,,,,,,,,,,,,,,,,,,,,,,,,,,,,,Edward Cabrera,,,,,1,C:\Users\RevLe\OneDrive\Documents\New project\data\backtests\playerboard_backtest_2026.csv,133.0,49.08,42.92,6.16,Positive edge,Medium,-0.49,0.8,-1.5
2026-05-04,Austin Wells,batter_hits,0.5,,,,NYY,BAL,,,,,,,,,,,,,,,,,,,,,,,,,,,,,,,,,,,,,,,,,,,,,,,Shane Baz,,,,,0,C:\Users\RevLe\OneDrive\Documents\New project\data\backtests\playerboard_backtest_2026.csv,113.0,53.06,46.95,6.11,Positive edge,Medium,-0.12,0.8,-1.5
2026-05-04,Bo Bichette,batter_hits,1.5,,,,NYM,COL,,,,,,,,,,,,,,,,,,,,,,,,,,,,,,,,,,,,,,,,,,,,,,,Tomoyuki Sugano,,,,,0,C:\Users\RevLe\OneDrive\Documents\New project\data\backtests\playerboard_backtest_2026.csv,115.0,52.47,46.51,5.96,Positive edge,Medium,-0.53,0.8,1.5
2026-05-04,Andrés Giménez,batter_hits,0.5,,,,TOR,TBR,,,,,,,,,,,,,,,,,,,,,,,,,,,,,,,,,,,,,,,,,,,,,,,Nick Martinez,,,,,1,C:\Users\RevLe\OneDrive\Documents\New project\data\backtests\playerboard_backtest_2026.csv,134.0,48.69,42.74,5.96,Positive edge,Medium,,,-1.5
2026-05-04,Pete Alonso,batter_hits,0.5,,,,BAL,NYY,,,,,,,,,,,,,,,,,,,,,,,,,,,,,,,,,,,,,,,,,,,,,,,Cam Schlittler,,,,,1,C:\Users\RevLe\OneDrive\Documents\New project\data\backtests\playerboard_backtest_2026.csv,137.0,48.16,42.19,5.96,Positive edge,Medium,-0.12,0.8,-1.5
2026-05-04,Tyler Freeman,batter_hits,0.5,,,,COL,NYM,,,,,,,,,,,,,,,,,,,,,,,,,,,,,,,,,,,,,,,,,,,,,,,Huascar Brazobán,,,,,0,C:\Users\RevLe\OneDrive\Documents\New project\data\backtests\playerboard_backtest_2026.csv,100.0,55.37,50.0,5.37,Positive edge,Medium,-0.53,0.8,
2026-05-04,TJ Rumfield,batter_hits,0.5,,,,COL,NYM,,,,,,,,,,,,,,,,,,,,,,,,,,,,,,,,,,,,,,,,,,,,,,,Huascar Brazobán,,,,,0,C:\Users\RevLe\OneDrive\Documents\New project\data\backtests\playerboard_backtest_2026.csv,100.0,55.37,50.0,5.37,Positive edge,Medium,-0.53,0.8,
2026-05-04,Hunter Goodman,batter_hits,0.5,,,,COL,NYM,,,,,,,,,,,,,,,,,,,,,,,,,,,,,,,,,,,,,,,,,,,,,,,Huascar Brazobán,,,,,0,C:\Users\RevLe\OneDrive\Documents\New project\data\backtests\playerboard_backtest_2026.csv,100.0,55.37,50.0,5.37,Positive edge,Medium,-0.53,0.8,
2026-05-04,Ceddanne Rafaela,batter_hits,0.5,,,,BOS,DET,,,,,,,,,,,,,,,,,,,,,,,,,,,,,,,,,,,,,,,,,,,,,,,Tarik Skubal,,,,,1,C:\Users\RevLe\OneDrive\Documents\New project\data\backtests\playerboard_backtest_2026.csv,118.0,51.15,45.87,5.28,Positive edge,Medium,0.4,0.8,-1.5
2026-05-04,Bryce Harper,batter_hits,0.5,,,,PHI,MIA,,,,,,,,,,,,,,,,,,,,,,,,,,,,,,,,,,,,,,,,,,,,,,,Janson Junk,,,,,1,C:\Users\RevLe\OneDrive\Documents\New project\data\backtests\playerboard_backtest_2026.csv,100.0,55.27,50.0,5.27,Positive edge,Medium,-0.13,0.8,1.5
2026-05-04,Trea Turner,batter_hits,0.5,,,,PHI,MIA,,,,,,,,,,,,,,,,,,,,,,,,,,,,,,,,,,,,,,,,,,,,,,,Janson Junk,,,,,0,C:\Users\RevLe\OneDrive\Documents\New project\data\backtests\playerboard_backtest_2026.csv,100.0,55.27,50.0,5.27,Positive edge,Medium,-0.13,0.8,1.5
2026-05-04,Wenceel Pérez,batter_hits,0.5,,,,DET,BOS,,,,,,,,,,,,,,,,,,,,,,,,,,,,,,,,,,,,,,,,,,,,,,,Payton Tolle,,,,,0,C:\Users\RevLe\OneDrive\Documents\New project\data\backtests\playerboard_backtest_2026.csv,123.0,49.94,44.84,5.09,Positive edge,Medium,0.4,,-1.5
2026-05-04,Jahmai Jones,batter_hits,0.5,,,,DET,BOS,,,,,,,,,,,,,,,,,,,,,,,,,,,,,,,,,,,,,,,,,,,,,,,Payton Tolle,,,,,0,C:\Users\RevLe\OneDrive\Documents\New project\data\backtests\playerboard_backtest_2026.csv,116.0,51.32,46.3,5.02,Positive edge,Medium,0.4,0.8,-1.5
2026-05-04,Nolan Gorman,batter_hits,0.5,,,,STL,MIL,,,,,,,,,,,,,,,,,,,,,,,,,,,,,,,,,,,,,,,,,,,,,,,Chad Patrick,,,,,1,C:\Users\RevLe\OneDrive\Documents\New project\data\backtests\playerboard_backtest_2026.csv,100.0,54.83,50.0,4.83,Positive edge,Medium,0.43,0.8,-1.5
2026-05-04,Tyler Stephenson,batter_hits,0.5,,,,CIN,CHC,,,,,,,,,,,,,,,,,,,,,,,,,,,,,,,,,,,,,,,,,,,,,,,Edward Cabrera,,,,,1,C:\Users\RevLe\OneDrive\Documents\New project\data\backtests\playerboard_backtest_2026.csv,139.0,46.65,41.84,4.81,Positive edge,Medium,-0.49,0.8,-1.5
2026-05-04,Isaac Collins,batter_hits,0.5,,,,KCR,CLE,,,,,,,,,,,,,,,,,,,,,,,,,,,,,,,,,,,,,,,,,,,,,,,Tanner Bibee,,,,,0,C:\Users\RevLe\OneDrive\Documents\New project\data\backtests\playerboard_backtest_2026.csv,-103.0,55.24,50.74,4.5,Positive edge,Medium,0.54,0.8,-1.5
2026-05-04,Owen Caissie,batter_hits,0.5,,,,MIA,PHI,,,,,,,,,,,,,,,,,,,,,,,,,,,,,,,,,,,,,,,,,,,,,,,Aaron Nola,,,,,0,C:\Users\RevLe\OneDrive\Documents\New project\data\backtests\playerboard_backtest_2026.csv,108.0,52.5,48.08,4.42,Positive edge,Medium,-0.13,0.8,-1.5
2026-05-04,Gunnar Henderson,batter_hits,0.5,,,,BAL,NYY,,,,,,,,,,,,,,,,,,,,,,,,,,,,,,,,,,,,,,,,,,,,,,,Cam Schlittler,,,,,1,C:\Users\RevLe\OneDrive\Documents\New project\data\backtests\playerboard_backtest_2026.csv,123.0,49.22,44.84,4.37,Positive edge,Medium,-0.12,0.8,-1.5
2026-05-04,Ryan McMahon,batter_hits,0.5,,,,NYY,BAL,,,,,,,,,,,,,,,,,,,,,,,,,,,,,,,,,,,,,,,,,,,,,,,Shane Baz,,,,,1,C:\Users\RevLe\OneDrive\Documents\New project\data\backtests\playerboard_backtest_2026.csv,-102.0,54.48,50.5,3.98,No clear edge,Low-Medium,-0.12,0.8,-1.5
2026-05-04,Marcus Semien,batter_hits,0.5,,,,NYM,COL,,,,,,,,,,,,,,,,,,,,,,,,,,,,,,,,,,,,,,,,,,,,,,,Tomoyuki Sugano,,,,,0,C:\Users\RevLe\OneDrive\Documents\New project\data\backtests\playerboard_backtest_2026.csv,100.0,53.87,50.0,3.87,No clear edge,Low-Medium,-0.53,0.8,1.5
2026-05-04,Bo Bichette,batter_hits,2.5,,,,NYM,COL,,,,,,,,,,,,,,,,,,,,,,,,,,,,,,,,,,,,,,,,,,,,,,,Tomoyuki Sugano,,,,,0,C:\Users\RevLe\OneDrive\Documents\New project\data\backtests\playerboard_backtest_2026.csv,100.0,53.87,50.0,3.87,No clear edge,Low-Medium,-0.53,0.8,1.5
2026-05-04,Francisco Alvarez,batter_hits,0.5,,,,NYM,COL,,,,,,,,,,,,,,,,,,,,,,,,,,,,,,,,,,,,,,,,,,,,,,,Tomoyuki Sugano,,,,,1,C:\Users\RevLe\OneDrive\Documents\New project\data\backtests\playerboard_backtest_2026.csv,100.0,53.87,50.0,3.87,No clear edge,Low-Medium,-0.53,0.8,1.5
2026-05-04,Graham Pauley,batter_hits,0.5,,,,MIA,PHI,,,,,,,,,,,,,,,,,,,,,,,,,,,,,,,,,,,,,,,,,,,,,,,Aaron Nola,,,,,0,C:\Users\RevLe\OneDrive\Documents\New project\data\backtests\playerboard_backtest_2026.csv,100.0,53.77,50.0,3.77,No clear edge,Low-Medium,-0.13,-0.6,0.4
2026-05-04,Yohendrick Piñango,batter_hits,0.5,,,,TOR,TBR,,,,,,,,,,,,,,,,,,,,,,,,,,,,,,,,,,,,,,,,,,,,,,,Nick Martinez,,,,,1,C:\Users\RevLe\OneDrive\Documents\New project\data\backtests\playerboard_backtest_2026.csv,109.0,51.54,47.85,3.69,No clear edge,Low-Medium,,0.8,-1.5
2026-05-04,Hao-Yu Lee,batter_hits,0.5,,,,DET,BOS,,,,,,,,,,,,,,,,,,,,,,,,,,,,,,,,,,,,,,,,,,,,,,,Payton Tolle,,,,,0,C:\Users\RevLe\OneDrive\Documents\New project\data\backtests\playerboard_backtest_2026.csv,-101.0,53.72,50.25,3.47,No clear edge,Low-Medium,0.4,0.8,-0.68
2026-05-04,Matt McLain,batter_hits,0.5,,,,CIN,CHC,,,,,,,,,,,,,,,,,,,,,,,,,,,,,,,,,,,,,,,,,,,,,,,Edward Cabrera,,,,,0,C:\Users\RevLe\OneDrive\Documents\New project\data\backtests\playerboard_backtest_2026.csv,110.0,50.96,47.62,3.34,No clear edge,Low-Medium,-0.49,0.8,-1.5
2026-05-04,Owen Caissie,batter_hits,1.5,,,,MIA,PHI,,,,,,,,,,,,,,,,,,,,,,,,,,,,,,,,,,,,,,,,,,,,,,,Aaron Nola,,,,,0,C:\Users\RevLe\OneDrive\Documents\New project\data\backtests\playerboard_backtest_2026.csv,100.0,53.27,50.0,3.27,No clear edge,Low-Medium,-0.13,0.8,-1.5
2026-05-04,Travis Bazzana,batter_hits,0.5,,,,CLE,KCR,,,,,,,,,,,,,,,,,,,,,,,,,,,,,,,,,,,,,,,,,,,,,,,Michael Wacha,,,,,1,C:\Users\RevLe\OneDrive\Documents\New project\data\backtests\playerboard_backtest_2026.csv,128.0,47.08,43.86,3.22,No clear edge,Low-Medium,0.54,-0.6,-1.5
2026-05-04,Bo Naylor,batter_hits,0.5,,,,CLE,KCR,,,,,,,,,,,,,,,,,,,,,,,,,,,,,,,,,,,,,,,,,,,,,,,Michael Wacha,,,,,0,C:\Users\RevLe\OneDrive\Documents\New project\data\backtests\playerboard_backtest_2026.csv,112.0,49.81,47.17,2.64,No clear edge,Low-Medium,0.54,0.8,-1.5
2026-05-04,Ke'Bryan Hayes,batter_hits,0.5,,,,CIN,CHC,,,,,,,,,,,,,,,,,,,,,,,,,,,,,,,,,,,,,,,,,,,,,,,Edward Cabrera,,,,,1,C:\Users\RevLe\OneDrive\Documents\New project\data\backtests\playerboard_backtest_2026.csv,116.0,48.43,46.3,2.13,No clear edge,Low-Medium,-0.49,0.8,-1.5
2026-05-04,Brett Baty,batter_hits,0.5,,,,NYM,COL,,,,,,,,,,,,,,,,,,,,,,,,,,,,,,,,,,,,,,,,,,,,,,,Tomoyuki Sugano,,,,,0,C:\Users\RevLe\OneDrive\Documents\New project\data\backtests\playerboard_backtest_2026.csv,100.0,51.87,50.0,1.87,No clear edge,Low-Medium,-0.53,0.8,1.5
2026-05-04,Andruw Monasterio,batter_hits,0.5,,,,BOS,DET,,,,,,,,,,,,,,,,,,,,,,,,,,,,,,,,,,,,,,,,,,,,,,,Tarik Skubal,,,,,1,C:\Users\RevLe\OneDrive\Documents\New project\data\backtests\playerboard_backtest_2026.csv,104.0,50.41,49.02,1.39,No clear edge,Low-Medium,0.4,0.8,-1.5
2026-05-04,Leody Taveras,batter_hits,0.5,,,,BAL,NYY,,,,,,,,,,,,,,,,,,,,,,,,,,,,,,,,,,,,,,,,,,,,,,,Cam Schlittler,,,,,1,C:\Users\RevLe\OneDrive\Documents\New project\data\backtests\playerboard_backtest_2026.csv,-103.0,51.58,50.74,0.84,No clear edge,Low-Medium,-0.12,0.8,-1.5
2026-05-04,Dylan Beavers,batter_hits,0.5,,,,BAL,NYY,,,,,,,,,,,,,,,,,,,,,,,,,,,,,,,,,,,,,,,,,,,,,,,Cam Schlittler,,,,,1,C:\Users\RevLe\OneDrive\Documents\New project\data\backtests\playerboard_backtest_2026.csv,-103.0,51.58,50.74,0.84,No clear edge,Low-Medium,-0.12,0.8,-1.5
2026-05-04,Samuel Basallo,batter_hits,0.5,,,,BAL,NYY,,,,,,,,,,,,,,,,,,,,,,,,,,,,,,,,,,,,,,,,,,,,,,,Cam Schlittler,,,,,0,C:\Users\RevLe\OneDrive\Documents\New project\data\backtests\playerboard_backtest_2026.csv,-103.0,51.58,50.74,0.84,No clear edge,Low-Medium,-0.12,0.8,-1.5
2026-05-04,Jeremiah Jackson,batter_hits,0.5,,,,BAL,NYY,,,,,,,,,,,,,,,,,,,,,,,,,,,,,,,,,,,,,,,,,,,,,,,Cam Schlittler,,,,,1,C:\Users\RevLe\OneDrive\Documents\New project\data\backtests\playerboard_backtest_2026.csv,-115.0,54.18,53.49,0.69,No clear edge,Low-Medium,-0.12,0.8,
2026-05-04,Taylor Walls,batter_hits,0.5,,,,TBR,TOR,,,,,,,,,,,,,,,,,,,,,,,,,,,,,,,,,,,,,,,,,,,,,,,Eric Lauer,,,,,1,C:\Users\RevLe\OneDrive\Documents\New project\data\backtests\playerboard_backtest_2026.csv,-113.0,53.47,53.05,0.42,No clear edge,Low-Medium,,,-0.85
2026-05-04,Brandon Valenzuela,batter_hits,0.5,,,,TOR,TBR,,,,,,,,,,,,,,,,,,,,,,,,,,,,,,,,,,,,,,,,,,,,,,,Nick Martinez,,,,,1,C:\Users\RevLe\OneDrive\Documents\New project\data\backtests\playerboard_backtest_2026.csv,-106.0,50.98,51.46,-0.47,No clear edge,Low-Medium,,0.8,-1.5
2026-05-04,Caleb Durbin,batter_hits,0.5,,,,BOS,DET,,,,,,,,,,,,,,,,,,,,,,,,,,,,,,,,,,,,,,,,,,,,,,,Tarik Skubal,,,,,0,C:\Users\RevLe\OneDrive\Documents\New project\data\backtests\playerboard_backtest_2026.csv,-104.0,50.39,50.98,-0.59,No clear edge,Low-Medium,0.4,,-1.5
2026-05-05,Xavier Edwards,batter_hits,1.5,,,,MIA,BAL,,,,,,,,,,,,,,,,,,,,,,,,,,,,,,,,,,,,,,,,,,,,,,,Chris Bassitt,,,,,0,C:\Users\RevLe\OneDrive\Documents\New project\data\backtests\playerboard_backtest_2026.csv,197.0,53.93,33.67,20.26,Positive edge,Medium,,0.8,1.06
2026-05-05,Otto Lopez,batter_hits,1.5,,,,MIA,BAL,,,,,,,,,,,,,,,,,,,,,,,,,,,,,,,,,,,,,,,,,,,,,,,Chris Bassitt,,,,,0,C:\Users\RevLe\OneDrive\Documents\New project\data\backtests\playerboard_backtest_2026.csv,190.0,51.69,34.48,17.21,Positive edge,Medium,,0.8,-1.5
2026-05-05,Kyle Stowers,batter_hits,0.5,,,,MIA,BAL,,,,,,,,,,,,,,,,,,,,,,,,,,,,,,,,,,,,,,,,,,,,,,,Chris Bassitt,,,,,0,C:\Users\RevLe\OneDrive\Documents\New project\data\backtests\playerboard_backtest_2026.csv,180.0,49.69,35.71,13.97,Positive edge,Medium,,0.8,-1.5
2026-05-05,Adley Rutschman,batter_hits,0.5,,,,BAL,MIA,,,,,,,,,,,,,,,,,,,,,,,,,,,,,,,,,,,,,,,,,,,,,,,Sandy Alcantara,,,,,1,C:\Users\RevLe\OneDrive\Documents\New project\data\backtests\playerboard_backtest_2026.csv,187.0,48.04,34.84,13.19,Positive edge,Medium,,,-1.5
2026-05-05,Gunnar Henderson,batter_hits,0.5,,,,BAL,MIA,,,,,,,,,,,,,,,,,,,,,,,,,,,,,,,,,,,,,,,,,,,,,,,Sandy Alcantara,,,,,1,C:\Users\RevLe\OneDrive\Documents\New project\data\backtests\playerboard_backtest_2026.csv,192.0,46.1,34.25,11.85,Positive edge,Medium,,0.8,-1.5
2026-05-05,Liam Hicks,batter_hits,0.5,,,,MIA,BAL,,,,,,,,,,,,,,,,,,,,,,,,,,,,,,,,,,,,,,,,,,,,,,,Chris Bassitt,,,,,1,C:\Users\RevLe\OneDrive\Documents\New project\data\backtests\playerboard_backtest_2026.csv,153.0,51.21,39.53,11.68,Positive edge,Medium,,0.8,-1.5
2026-05-05,Pete Alonso,batter_hits,0.5,,,,BAL,MIA,,,,,,,,,,,,,,,,,,,,,,,,,,,,,,,,,,,,,,,,,,,,,,,Sandy Alcantara,,,,,1,C:\Users\RevLe\OneDrive\Documents\New project\data\backtests\playerboard_backtest_2026.csv,187.0,46.34,34.84,11.49,Positive edge,Medium,,0.8,-1.5
2026-05-05,Jakob Marsee,batter_hits,0.5,,,,MIA,BAL,,,,,,,,,,,,,,,,,,,,,,,,,,,,,,,,,,,,,,,,,,,,,,,Chris Bassitt,,,,,0,C:\Users\RevLe\OneDrive\Documents\New project\data\backtests\playerboard_backtest_2026.csv,154.0,50.35,39.37,10.98,Positive edge,Medium,,,-1.5
2026-05-05,Taylor Ward,batter_hits,0.5,,,,BAL,MIA,,,,,,,,,,,,,,,,,,,,,,,,,,,,,,,,,,,,,,,,,,,,,,,Sandy Alcantara,,,,,1,C:\Users\RevLe\OneDrive\Documents\New project\data\backtests\playerboard_backtest_2026.csv,145.0,51.23,40.82,10.41,Positive edge,Medium,,0.8,-1.5
2026-05-05,Connor Norby,batter_hits,0.5,,,,MIA,BAL,,,,,,,,,,,,,,,,,,,,,,,,,,,,,,,,,,,,,,,,,,,,,,,Chris Bassitt,,,,,1,C:\Users\RevLe\OneDrive\Documents\New project\data\backtests\playerboard_backtest_2026.csv,131.0,52.72,43.29,9.43,Positive edge,Medium,,0.8,-1.5
2026-05-05,Jeremiah Jackson,batter_hits,0.5,,,,BAL,MIA,,,,,,,,,,,,,,,,,,,,,,,,,,,,,,,,,,,,,,,,,,,,,,,Sandy Alcantara,,,,,0,C:\Users\RevLe\OneDrive\Documents\New project\data\backtests\playerboard_backtest_2026.csv,160.0,47.78,38.46,9.32,Positive edge,Medium,,0.8,-1.5
2026-05-05,Dylan Beavers,batter_hits,0.5,,,,BAL,MIA,,,,,,,,,,,,,,,,,,,,,,,,,,,,,,,,,,,,,,,,,,,,,,,Sandy Alcantara,,,,,0,C:\Users\RevLe\OneDrive\Documents\New project\data\backtests\playerboard_backtest_2026.csv,139.0,49.14,41.84,7.3,Positive edge,Medium,,0.8,-1.5
2026-05-05,Leody Taveras,batter_hits,0.5,,,,BAL,MIA,,,,,,,,,,,,,,,,,,,,,,,,,,,,,,,,,,,,,,,,,,,,,,,Sandy Alcantara,,,,,1,C:\Users\RevLe\OneDrive\Documents\New project\data\backtests\playerboard_backtest_2026.csv,131.0,49.72,43.29,6.43,Positive edge,Medium,,0.8,-1.5
2026-05-05,Joe Mack,batter_hits,0.5,,,,MIA,BAL,,,,,,,,,,,,,,,,,,,,,,,,,,,,,,,,,,,,,,,,,,,,,,,Chris Bassitt,,,,,1,C:\Users\RevLe\OneDrive\Documents\New project\data\backtests\playerboard_backtest_2026.csv,127.0,50.22,44.05,6.17,Positive edge,Medium,,,-1.5
2026-05-05,Samuel Basallo,batter_hits,0.5,,,,BAL,MIA,,,,,,,,,,,,,,,,,,,,,,,,,,,,,,,,,,,,,,,,,,,,,,,Sandy Alcantara,,,,,1,C:\Users\RevLe\OneDrive\Documents\New project\data\backtests\playerboard_backtest_2026.csv,127.0,50.02,44.05,5.97,Positive edge,Medium,,0.8,-1.5
2026-05-05,Owen Caissie,batter_hits,0.5,,,,MIA,BAL,,,,,,,,,,,,,,,,,,,,,,,,,,,,,,,,,,,,,,,,,,,,,,,Chris Bassitt,,,,,0,C:\Users\RevLe\OneDrive\Documents\New project\data\backtests\playerboard_backtest_2026.csv,107.0,51.92,48.31,3.61,No clear edge,Low,,,-1.5
2026-05-05,Blaze Alexander,batter_hits,0.5,,,,BAL,MIA,,,,,,,,,,,,,,,,,,,,,,,,,,,,,,,,,,,,,,,,,,,,,,,Sandy Alcantara,,,,,1,C:\Users\RevLe\OneDrive\Documents\New project\data\backtests\playerboard_backtest_2026.csv,107.0,48.92,48.31,0.61,No clear edge,Low,,,-1.5
2026-05-05,Xavier Edwards,batter_hits,0.5,,,,MIA,BAL,,,,,,,,,,,,,,,,,,,,,,,,,,,,,,,,,,,,,,,,,,,,,,,Chris Bassitt,,,,,1,C:\Users\RevLe\OneDrive\Documents\New project\data\backtests\playerboard_backtest_2026.csv,-250.0,68.23,71.43,-3.2,No clear edge,Low,,,1.06
2026-05-05,Spencer Torkelson,batter_hits,0.5,,,,DET,BOS,,,,,,,,,,,,,,,,,,,,,,,,,,,,,,,,,,,,,,,,,,,,,,,Jovani Morán,,,,,0,C:\Users\RevLe\OneDrive\Documents\New project\data\backtests\playerboard_backtest_2026.csv,-195.0,61.54,66.1,-4.56,Negative edge / avoid,Low,,,
2026-05-05,Connor Wong,batter_hits,0.5,,,,BOS,DET,,,,,,,,,,,,,,,,,,,,,,,,,,,,,,,,,,,,,,,,,,,,,,,Framber Valdez,,,,,1,C:\Users\RevLe\OneDrive\Documents\New project\data\backtests\playerboard_backtest_2026.csv,-182.0,58.92,64.54,-5.62,Negative edge / avoid,Low,,,
2026-05-05,Wilyer Abreu,batter_hits,0.5,,,,BOS,DET,,,,,,,,,,,,,,,,,,,,,,,,,,,,,,,,,,,,,,,,,,,,,,,Framber Valdez,,,,,1,C:\Users\RevLe\OneDrive\Documents\New project\data\backtests\playerboard_backtest_2026.csv,-225.0,63.29,69.23,-5.94,Negative edge / avoid,Low,,,
2026-05-05,Riley Greene,batter_hits,0.5,,,,DET,BOS,,,,,,,,,,,,,,,,,,,,,,,,,,,,,,,,,,,,,,,,,,,,,,,Jovani Morán,,,,,1,C:\Users\RevLe\OneDrive\Documents\New project\data\backtests\playerboard_backtest_2026.csv,-220.0,62.6,68.75,-6.15,Negative edge / avoid,Low,,,
2026-05-05,Andruw Monasterio,batter_hits,0.5,,,,BOS,DET,,,,,,,,,,,,,,,,,,,,,,,,,,,,,,,,,,,,,,,,,,,,,,,Framber Valdez,,,,,1,C:\Users\RevLe\OneDrive\Documents\New project\data\backtests\playerboard_backtest_2026.csv,-167.0,56.12,62.55,-6.43,Negative edge / avoid,Low,,,
2026-05-05,Kerry Carpenter,batter_hits,0.5,,,,DET,BOS,,,,,,,,,,,,,,,,,,,,,,,,,,,,,,,,,,,,,,,,,,,,,,,Jovani Morán,,,,,1,C:\Users\RevLe\OneDrive\Documents\New project\data\backtests\playerboard_backtest_2026.csv,-195.0,59.54,66.1,-6.56,Negative edge / avoid,Low,,,
2026-05-05,Isiah Kiner-Falefa,batter_hits,0.5,,,,BOS,DET,,,,,,,,,,,,,,,,,,,,,,,,,,,,,,,,,,,,,,,,,,,,,,,Framber Valdez,,,,,0,C:\Users\RevLe\OneDrive\Documents\New project\data\backtests\playerboard_backtest_2026.csv,-175.0,56.55,63.64,-7.08,Negative edge / avoid,Low,,,
2026-05-05,Dillon Dingler,batter_hits,0.5,,,,DET,BOS,,,,,,,,,,,,,,,,,,,,,,,,,,,,,,,,,,,,,,,,,,,,,,,Jovani Morán,,,,,1,C:\Users\RevLe\OneDrive\Documents\New project\data\backtests\playerboard_backtest_2026.csv,-240.0,63.34,70.59,-7.25,Negative edge / avoid,Low,,,
2026-05-05,Willson Contreras,batter_hits,0.5,,,,BOS,DET,,,,,,,,,,,,,,,,,,,,,,,,,,,,,,,,,,,,,,,,,,,,,,,Framber Valdez,,,,,1,C:\Users\RevLe\OneDrive\Documents\New project\data\backtests\playerboard_backtest_2026.csv,-220.0,60.6,68.75,-8.15,Negative edge / avoid,Low,,,
2026-05-05,Ceddanne Rafaela,batter_hits,0.5,,,,BOS,DET,,,,,,,,,,,,,,,,,,,,,,,,,,,,,,,,,,,,,,,,,,,,,,,Framber Valdez,,,,,1,C:\Users\RevLe\OneDrive\Documents\New project\data\backtests\playerboard_backtest_2026.csv,-220.0,60.6,68.75,-8.15,Negative edge / avoid,Low,,,
2026-05-05,Matt Vierling,batter_hits,0.5,,,,DET,BOS,,,,,,,,,,,,,,,,,,,,,,,,,,,,,,,,,,,,,,,,,,,,,,,Jovani Morán,,,,,1,C:\Users\RevLe\OneDrive\Documents\New project\data\backtests\playerboard_backtest_2026.csv,-230.0,60.98,69.7,-8.72,Negative edge / avoid,Low,,,
2026-05-05,Trevor Story,batter_hits,0.5,,,,BOS,DET,,,,,,,,,,,,,,,,,,,,,,,,,,,,,,,,,,,,,,,,,,,,,,,Framber Valdez,,,,,1,C:\Users\RevLe\OneDrive\Documents\New project\data\backtests\playerboard_backtest_2026.csv,-235.0,61.16,70.15,-8.99,Negative edge / avoid,Low,,,
2026-05-05,Kevin McGonigle,batter_hits,0.5,,,,DET,BOS,,,,,,,,,,,,,,,,,,,,,,,,,,,,,,,,,,,,,,,,,,,,,,,Jovani Morán,,,,,0,C:\Users\RevLe\OneDrive\Documents\New project\data\backtests\playerboard_backtest_2026.csv,-360.0,68.9,78.26,-9.36,Negative edge / avoid,Low,,,
2026-05-05,Otto Lopez,batter_hits,0.5,,,,MIA,BAL,,,,,,,,,,,,,,,,,,,,,,,,,,,,,,,,,,,,,,,,,,,,,,,Chris Bassitt,,,,,1,C:\Users\RevLe\OneDrive\Documents\New project\data\backtests\playerboard_backtest_2026.csv,-345.0,68.11,77.53,-9.42,Negative edge / avoid,Low,,,-1.5
