season,date,market,player,playerId,team,opponent,pitcher,firstSnapshotAt,latestSnapshotAt,snapshots,firstLine,latestLine,lineMove,line_move,firstAmericanOdds,latestAmericanOdds,oddsMove,odds_move,firstImpliedProbability,latestImpliedProbability,impliedProbabilityMove,movementDirection,movementSummary
2026,2026-05-04T21:41:00Z,batter_total_bases,Bo Bichette (NYM),,,,,2026-05-04T04:28:52.798836+00:00,2026-05-04T04:47:52.843209+00:00,4,1.5,1.5,0.0,0.0,-135,105,240.0,240.0,0.57447,0.4878,-0.08666,over_price_down,Market moved away from the over / lower implied probability.
2026,2026-05-04T21:41:00Z,batter_total_bases,Brett Baty (NYM),,,,,2026-05-04T04:28:52.798836+00:00,2026-05-04T04:47:52.843209+00:00,4,1.5,1.5,0.0,0.0,-105,-125,-20.0,-20.0,0.5122,0.55556,0.04336,over_price_up,Market moved toward the over / higher implied probability.
2026,2026-05-04T21:41:00Z,batter_total_bases,Carson Benge (NYM),,,,,2026-05-04T04:28:52.798836+00:00,2026-05-04T04:47:52.843209+00:00,4,1.5,1.5,0.0,0.0,110,-145,-255.0,-255.0,0.47619,0.59184,0.11565,over_price_up,Market moved toward the over / higher implied probability.
2026,2026-05-04T21:41:00Z,batter_total_bases,Francisco Alvarez (NYM),,,,,2026-05-04T04:28:52.798836+00:00,2026-05-04T04:47:52.843209+00:00,4,1.5,1.5,0.0,0.0,-115,-115,0.0,0.0,0.53488,0.53488,0.0,flat,No meaningful odds movement.
2026,2026-05-04T21:41:00Z,batter_total_bases,Juan Soto (NYM),,,,,2026-05-04T04:28:52.798836+00:00,2026-05-04T04:47:52.843209+00:00,4,1.5,1.5,0.0,0.0,-115,-115,0.0,0.0,0.53488,0.53488,0.0,flat,No meaningful odds movement.
2026,2026-05-04T21:41:00Z,batter_total_bases,Marcus Semien (NYM),,,,,2026-05-04T04:28:52.798836+00:00,2026-05-04T04:47:52.843209+00:00,4,1.5,1.5,0.0,0.0,105,-135,-240.0,-240.0,0.4878,0.57447,0.08666,over_price_up,Market moved toward the over / higher implied probability.
2026,2026-05-04T21:41:00Z,batter_total_bases,Mark Vientos (NYM),,,,,2026-05-04T04:28:52.798836+00:00,2026-05-04T04:47:52.843209+00:00,4,1.5,1.5,0.0,0.0,-105,-125,-20.0,-20.0,0.5122,0.55556,0.04336,over_price_up,Market moved toward the over / higher implied probability.
2026,2026-05-04T21:41:00Z,batter_total_bases,MJ Melendez (NYM),,,,,2026-05-04T04:28:52.798836+00:00,2026-05-04T04:47:52.843209+00:00,4,1.5,1.5,0.0,0.0,110,-145,-255.0,-255.0,0.47619,0.59184,0.11565,over_price_up,Market moved toward the over / higher implied probability.
2026,2026-05-04T21:41:00Z,batter_total_bases,Tyrone Taylor (NYM),,,,,2026-05-04T04:28:52.798836+00:00,2026-05-04T04:47:52.843209+00:00,4,1.5,1.5,0.0,0.0,135,-180,-315.0,-315.0,0.42553,0.64286,0.21733,over_price_up,Market moved toward the over / higher implied probability.
2026,2026-05-04T21:41:00Z,batter_hits,Bo Bichette,,,,,2026-05-04T04:28:52.798836+00:00,2026-05-04T04:47:52.843209+00:00,8,1.5,2.5,1.0,1.0,114,100,-14.0,-14.0,0.46729,0.5,0.03271,over_price_up,Market moved toward the over / higher implied probability.
2026,2026-05-04T21:41:00Z,batter_hits,Brett Baty,,,,,2026-05-04T04:28:52.798836+00:00,2026-05-04T04:47:52.843209+00:00,8,1.5,0.5,-1.0,-1.0,163,100,-63.0,-63.0,0.38023,0.5,0.11977,over_price_up,Market moved toward the over / higher implied probability.
2026,2026-05-04T21:41:00Z,batter_hits,Carson Benge,,,,,2026-05-04T04:28:52.798836+00:00,2026-05-04T04:47:52.843209+00:00,8,0.5,0.5,0.0,0.0,-260,100,360.0,360.0,0.72222,0.5,-0.22222,over_price_down,Market moved away from the over / lower implied probability.
2026,2026-05-04T21:41:00Z,batter_hits,Francisco Alvarez,,,,,2026-05-04T04:28:52.798836+00:00,2026-05-04T04:47:52.843209+00:00,8,1.5,0.5,-1.0,-1.0,168,100,-68.0,-68.0,0.37313,0.5,0.12687,over_price_up,Market moved toward the over / higher implied probability.
2026,2026-05-04T21:41:00Z,batter_hits,Juan Soto,,,,,2026-05-04T04:28:52.798836+00:00,2026-05-04T04:47:52.843209+00:00,8,1.5,0.5,-1.0,-1.0,167,100,-67.0,-67.0,0.37453,0.5,0.12547,over_price_up,Market moved toward the over / higher implied probability.
2026,2026-05-04T21:41:00Z,batter_hits,Marcus Semien,,,,,2026-05-04T04:28:52.798836+00:00,2026-05-04T04:47:52.843209+00:00,8,1.5,0.5,-1.0,-1.0,188,100,-88.0,-88.0,0.34722,0.5,0.15278,over_price_up,Market moved toward the over / higher implied probability.
2026,2026-05-04T21:41:00Z,batter_hits,Mark Vientos,,,,,2026-05-04T04:28:52.798836+00:00,2026-05-04T04:47:52.843209+00:00,8,1.5,0.5,-1.0,-1.0,186,100,-86.0,-86.0,0.34965,0.5,0.15035,over_price_up,Market moved toward the over / higher implied probability.
2026,2026-05-04T21:41:00Z,batter_hits,MJ Melendez,,,,,2026-05-04T04:28:52.798836+00:00,2026-05-04T04:47:52.843209+00:00,8,0.5,0.5,0.0,0.0,-213,100,313.0,313.0,0.68051,0.5,-0.18051,over_price_down,Market moved away from the over / lower implied probability.
2026,2026-05-04T21:41:00Z,batter_hits,Tyrone Taylor,,,,,2026-05-04T04:28:52.798836+00:00,2026-05-04T04:47:52.843209+00:00,8,0.5,0.5,0.0,0.0,-224,100,324.0,324.0,0.69136,0.5,-0.19136,over_price_down,Market moved away from the over / lower implied probability.
2026,2026-05-04T21:41:00Z,batter_total_bases,Bo Bichette,,,,,2026-05-04T04:28:52.798836+00:00,2026-05-04T04:47:52.843209+00:00,8,1.5,1.5,0.0,0.0,-136,100,236.0,236.0,0.57627,0.5,-0.07627,over_price_down,Market moved away from the over / lower implied probability.
2026,2026-05-04T21:41:00Z,batter_total_bases,Brett Baty,,,,,2026-05-04T04:28:52.798836+00:00,2026-05-04T04:47:52.843209+00:00,8,1.5,0.5,-1.0,-1.0,-105,100,205.0,205.0,0.5122,0.5,-0.0122,over_price_down,Market moved away from the over / lower implied probability.
2026,2026-05-04T21:41:00Z,batter_total_bases,Carson Benge,,,,,2026-05-04T04:28:52.798836+00:00,2026-05-04T04:47:52.843209+00:00,8,1.5,1.5,0.0,0.0,111,100,-11.0,-11.0,0.47393,0.5,0.02607,over_price_up,Market moved toward the over / higher implied probability.
2026,2026-05-04T21:41:00Z,batter_total_bases,Francisco Alvarez,,,,,2026-05-04T04:28:52.798836+00:00,2026-05-04T04:47:52.843209+00:00,8,1.5,0.5,-1.0,-1.0,-113,100,213.0,213.0,0.53052,0.5,-0.03052,over_price_down,Market moved away from the over / lower implied probability.
2026,2026-05-04T21:41:00Z,batter_total_bases,Juan Soto,,,,,2026-05-04T04:28:52.798836+00:00,2026-05-04T04:47:52.843209+00:00,8,1.5,0.5,-1.0,-1.0,-116,100,216.0,216.0,0.53704,0.5,-0.03704,over_price_down,Market moved away from the over / lower implied probability.
2026,2026-05-04T21:41:00Z,batter_total_bases,Marcus Semien,,,,,2026-05-04T04:28:52.798836+00:00,2026-05-04T04:47:52.843209+00:00,8,1.5,0.5,-1.0,-1.0,102,100,-2.0,-2.0,0.49505,0.5,0.00495,over_price_up,Market moved toward the over / higher implied probability.
2026,2026-05-04T21:41:00Z,batter_total_bases,Mark Vientos,,,,,2026-05-04T04:28:52.798836+00:00,2026-05-04T04:47:52.843209+00:00,8,1.5,0.5,-1.0,-1.0,-106,100,206.0,206.0,0.51456,0.5,-0.01456,over_price_down,Market moved away from the over / lower implied probability.
2026,2026-05-04T21:41:00Z,batter_total_bases,MJ Melendez,,,,,2026-05-04T04:28:52.798836+00:00,2026-05-04T04:47:52.843209+00:00,8,1.5,0.5,-1.0,-1.0,111,100,-11.0,-11.0,0.47393,0.5,0.02607,over_price_up,Market moved toward the over / higher implied probability.
2026,2026-05-04T21:41:00Z,batter_total_bases,Tyrone Taylor,,,,,2026-05-04T04:28:52.798836+00:00,2026-05-04T04:47:52.843209+00:00,8,1.5,0.5,-1.0,-1.0,132,100,-32.0,-32.0,0.43103,0.5,0.06897,over_price_up,Market moved toward the over / higher implied probability.
2026,2026-05-04T21:41:00Z,pitcher_strikeouts,Tomoyuki Sugano,,,,,2026-05-04T04:28:52.798836+00:00,2026-05-04T04:47:52.843209+00:00,8,3.5,2.5,-1.0,-1.0,109,100,-9.0,-9.0,0.47847,0.5,0.02153,over_price_up,Market moved toward the over / higher implied probability.
2026,2026-05-04T21:41:00Z,batter_hits,Brenton Doyle,,,,,2026-05-04T04:28:52.798836+00:00,2026-05-04T04:47:52.843209+00:00,4,0.5,0.5,0.0,0.0,100,100,0.0,0.0,0.5,0.5,0.0,flat,No meaningful odds movement.
2026,2026-05-04T21:41:00Z,batter_hits,Ezequiel Tovar,,,,,2026-05-04T04:28:52.798836+00:00,2026-05-04T04:47:52.843209+00:00,4,0.5,0.5,0.0,0.0,100,100,0.0,0.0,0.5,0.5,0.0,flat,No meaningful odds movement.
2026,2026-05-04T21:41:00Z,batter_hits,TJ Rumfield,,,,,2026-05-04T04:28:52.798836+00:00,2026-05-04T04:47:52.843209+00:00,4,0.5,0.5,0.0,0.0,100,100,0.0,0.0,0.5,0.5,0.0,flat,No meaningful odds movement.
2026,2026-05-04T21:41:00Z,batter_hits,Tyler Freeman,,,,,2026-05-04T04:28:52.798836+00:00,2026-05-04T04:47:52.843209+00:00,4,0.5,0.5,0.0,0.0,100,100,0.0,0.0,0.5,0.5,0.0,flat,No meaningful odds movement.
2026,2026-05-04T21:41:00Z,batter_hits,Willi Castro,,,,,2026-05-04T04:28:52.798836+00:00,2026-05-04T04:47:52.843209+00:00,4,0.5,0.5,0.0,0.0,100,100,0.0,0.0,0.5,0.5,0.0,flat,No meaningful odds movement.
2026,2026-05-04T21:41:00Z,batter_hits,Troy Johnston,,,,,2026-05-04T04:28:52.798836+00:00,2026-05-04T04:47:52.843209+00:00,4,0.5,0.5,0.0,0.0,100,100,0.0,0.0,0.5,0.5,0.0,flat,No meaningful odds movement.
2026,2026-05-04T21:41:00Z,batter_hits,Hunter Goodman,,,,,2026-05-04T04:28:52.798836+00:00,2026-05-04T04:47:52.843209+00:00,4,0.5,0.5,0.0,0.0,100,100,0.0,0.0,0.5,0.5,0.0,flat,No meaningful odds movement.
2026,2026-05-04T21:41:00Z,batter_hits,Jordan Beck,,,,,2026-05-04T04:28:52.798836+00:00,2026-05-04T04:47:52.843209+00:00,4,0.5,0.5,0.0,0.0,100,100,0.0,0.0,0.5,0.5,0.0,flat,No meaningful odds movement.
2026,2026-05-04T21:41:00Z,batter_hits,Kyle Karros,,,,,2026-05-04T04:28:52.798836+00:00,2026-05-04T04:47:52.843209+00:00,4,0.5,0.5,0.0,0.0,100,100,0.0,0.0,0.5,0.5,0.0,flat,No meaningful odds movement.
2026,2026-05-04T21:41:00Z,batter_home_runs,Bo Bichette,,,,,2026-05-04T04:28:52.798836+00:00,2026-05-04T04:47:52.843209+00:00,4,0.5,0.5,0.0,0.0,100,100,0.0,0.0,0.5,0.5,0.0,flat,No meaningful odds movement.
2026,2026-05-04T21:41:00Z,batter_home_runs,Brenton Doyle,,,,,2026-05-04T04:28:52.798836+00:00,2026-05-04T04:47:52.843209+00:00,4,0.5,0.5,0.0,0.0,100,100,0.0,0.0,0.5,0.5,0.0,flat,No meaningful odds movement.
2026,2026-05-04T21:41:00Z,batter_home_runs,Brett Baty,,,,,2026-05-04T04:28:52.798836+00:00,2026-05-04T04:47:52.843209+00:00,4,0.5,0.5,0.0,0.0,100,100,0.0,0.0,0.5,0.5,0.0,flat,No meaningful odds movement.
2026,2026-05-04T21:41:00Z,batter_home_runs,Carson Benge,,,,,2026-05-04T04:28:52.798836+00:00,2026-05-04T04:47:52.843209+00:00,4,0.5,0.5,0.0,0.0,100,100,0.0,0.0,0.5,0.5,0.0,flat,No meaningful odds movement.
2026,2026-05-04T21:41:00Z,batter_home_runs,Ezequiel Tovar,,,,,2026-05-04T04:28:52.798836+00:00,2026-05-04T04:47:52.843209+00:00,4,0.5,0.5,0.0,0.0,100,100,0.0,0.0,0.5,0.5,0.0,flat,No meaningful odds movement.
2026,2026-05-04T21:41:00Z,batter_home_runs,Francisco Alvarez,,,,,2026-05-04T04:28:52.798836+00:00,2026-05-04T04:47:52.843209+00:00,4,0.5,0.5,0.0,0.0,100,100,0.0,0.0,0.5,0.5,0.0,flat,No meaningful odds movement.
2026,2026-05-04T21:41:00Z,batter_home_runs,Hunter Goodman,,,,,2026-05-04T04:28:52.798836+00:00,2026-05-04T04:47:52.843209+00:00,4,0.5,0.5,0.0,0.0,100,100,0.0,0.0,0.5,0.5,0.0,flat,No meaningful odds movement.
2026,2026-05-04T21:41:00Z,batter_home_runs,Jordan Beck,,,,,2026-05-04T04:28:52.798836+00:00,2026-05-04T04:47:52.843209+00:00,4,0.5,0.5,0.0,0.0,100,100,0.0,0.0,0.5,0.5,0.0,flat,No meaningful odds movement.
2026,2026-05-04T21:41:00Z,batter_home_runs,Juan Soto,,,,,2026-05-04T04:28:52.798836+00:00,2026-05-04T04:47:52.843209+00:00,4,0.5,0.5,0.0,0.0,100,100,0.0,0.0,0.5,0.5,0.0,flat,No meaningful odds movement.
2026,2026-05-04T21:41:00Z,batter_home_runs,MJ Melendez,,,,,2026-05-04T04:28:52.798836+00:00,2026-05-04T04:47:52.843209+00:00,4,0.5,0.5,0.0,0.0,100,100,0.0,0.0,0.5,0.5,0.0,flat,No meaningful odds movement.
2026,2026-05-04T21:41:00Z,batter_home_runs,Marcus Semien,,,,,2026-05-04T04:28:52.798836+00:00,2026-05-04T04:47:52.843209+00:00,4,0.5,0.5,0.0,0.0,100,100,0.0,0.0,0.5,0.5,0.0,flat,No meaningful odds movement.
2026,2026-05-04T21:41:00Z,batter_home_runs,Mark Vientos,,,,,2026-05-04T04:28:52.798836+00:00,2026-05-04T04:47:52.843209+00:00,4,0.5,0.5,0.0,0.0,100,100,0.0,0.0,0.5,0.5,0.0,flat,No meaningful odds movement.
2026,2026-05-04T21:41:00Z,batter_home_runs,TJ Rumfield,,,,,2026-05-04T04:28:52.798836+00:00,2026-05-04T04:47:52.843209+00:00,4,0.5,0.5,0.0,0.0,100,100,0.0,0.0,0.5,0.5,0.0,flat,No meaningful odds movement.
2026,2026-05-04T21:41:00Z,batter_home_runs,Willi Castro,,,,,2026-05-04T04:28:52.798836+00:00,2026-05-04T04:47:52.843209+00:00,4,0.5,0.5,0.0,0.0,100,100,0.0,0.0,0.5,0.5,0.0,flat,No meaningful odds movement.
2026,2026-05-04T21:41:00Z,batter_home_runs,Troy Johnston,,,,,2026-05-04T04:28:52.798836+00:00,2026-05-04T04:47:52.843209+00:00,4,0.5,0.5,0.0,0.0,100,100,0.0,0.0,0.5,0.5,0.0,flat,No meaningful odds movement.
2026,2026-05-04T21:41:00Z,batter_total_bases,Brenton Doyle,,,,,2026-05-04T04:28:52.798836+00:00,2026-05-04T04:47:52.843209+00:00,4,0.5,0.5,0.0,0.0,100,100,0.0,0.0,0.5,0.5,0.0,flat,No meaningful odds movement.
2026,2026-05-04T21:41:00Z,batter_total_bases,Tyler Freeman,,,,,2026-05-04T04:28:52.798836+00:00,2026-05-04T04:47:52.843209+00:00,4,0.5,0.5,0.0,0.0,100,100,0.0,0.0,0.5,0.5,0.0,flat,No meaningful odds movement.
2026,2026-05-04T21:41:00Z,batter_total_bases,Willi Castro,,,,,2026-05-04T04:28:52.798836+00:00,2026-05-04T04:47:52.843209+00:00,4,0.5,0.5,0.0,0.0,100,100,0.0,0.0,0.5,0.5,0.0,flat,No meaningful odds movement.
2026,2026-05-04T21:41:00Z,batter_total_bases,Ezequiel Tovar,,,,,2026-05-04T04:28:52.798836+00:00,2026-05-04T04:47:52.843209+00:00,4,0.5,0.5,0.0,0.0,100,100,0.0,0.0,0.5,0.5,0.0,flat,No meaningful odds movement.
2026,2026-05-04T21:41:00Z,batter_total_bases,Hunter Goodman,,,,,2026-05-04T04:28:52.798836+00:00,2026-05-04T04:47:52.843209+00:00,4,0.5,0.5,0.0,0.0,100,100,0.0,0.0,0.5,0.5,0.0,flat,No meaningful odds movement.
2026,2026-05-04T21:41:00Z,batter_total_bases,Jordan Beck,,,,,2026-05-04T04:28:52.798836+00:00,2026-05-04T04:47:52.843209+00:00,4,0.5,0.5,0.0,0.0,100,100,0.0,0.0,0.5,0.5,0.0,flat,No meaningful odds movement.
2026,2026-05-04T21:41:00Z,batter_total_bases,Kyle Karros,,,,,2026-05-04T04:28:52.798836+00:00,2026-05-04T04:47:52.843209+00:00,4,0.5,0.5,0.0,0.0,100,100,0.0,0.0,0.5,0.5,0.0,flat,No meaningful odds movement.
2026,2026-05-04T21:41:00Z,batter_total_bases,TJ Rumfield,,,,,2026-05-04T04:28:52.798836+00:00,2026-05-04T04:47:52.843209+00:00,4,0.5,0.5,0.0,0.0,100,100,0.0,0.0,0.5,0.5,0.0,flat,No meaningful odds movement.
2026,2026-05-04T22:40:00Z,batter_total_bases,Chandler Simpson (TB),,,,,2026-05-04T04:28:52.798836+00:00,2026-05-04T04:47:52.843209+00:00,4,1.5,1.5,0.0,0.0,125,-165,-290.0,-290.0,0.44444,0.62264,0.1782,over_price_up,Market moved toward the over / higher implied probability.
2026,2026-05-04T22:40:00Z,batter_total_bases,Ernie Clement (TOR),,,,,2026-05-04T04:28:52.798836+00:00,2026-05-04T04:47:52.843209+00:00,4,1.5,1.5,0.0,0.0,135,-180,-315.0,-315.0,0.42553,0.64286,0.21733,over_price_up,Market moved toward the over / higher implied probability.
2026,2026-05-04T22:40:00Z,batter_total_bases,George Springer (TOR),,,,,2026-05-04T04:28:52.798836+00:00,2026-05-04T04:47:52.843209+00:00,4,1.5,1.5,0.0,0.0,105,-135,-240.0,-240.0,0.4878,0.57447,0.08666,over_price_up,Market moved toward the over / higher implied probability.
2026,2026-05-04T22:40:00Z,batter_total_bases,Junior Caminero (TB),,,,,2026-05-04T04:28:52.798836+00:00,2026-05-04T04:47:52.843209+00:00,4,1.5,1.5,0.0,0.0,115,-150,-265.0,-265.0,0.46512,0.6,0.13488,over_price_up,Market moved toward the over / higher implied probability.
2026,2026-05-04T22:40:00Z,batter_total_bases,Kazuma Okamoto (TOR),,,,,2026-05-04T04:28:52.798836+00:00,2026-05-04T04:47:52.843209+00:00,4,1.5,1.5,0.0,0.0,135,-180,-315.0,-315.0,0.42553,0.64286,0.21733,over_price_up,Market moved toward the over / higher implied probability.
2026,2026-05-04T22:40:00Z,batter_total_bases,Vladimir Guerrero Jr. (TOR),,,,,2026-05-04T04:28:52.798836+00:00,2026-05-04T04:47:52.843209+00:00,4,1.5,1.5,0.0,0.0,-110,-120,-10.0,-10.0,0.52381,0.54545,0.02165,over_price_up,Market moved toward the over / higher implied probability.
2026,2026-05-04T22:40:00Z,batter_total_bases,Yandy Diaz (TB),,,,,2026-05-04T04:28:52.798836+00:00,2026-05-04T04:47:52.843209+00:00,4,1.5,1.5,0.0,0.0,120,-160,-280.0,-280.0,0.45455,0.61538,0.16084,over_price_up,Market moved toward the over / higher implied probability.
2026,2026-05-04T22:40:00Z,batter_hits,Vladimir Guerrero Jr.,,,,,2026-05-04T04:28:52.798836+00:00,2026-05-04T04:47:52.843209+00:00,4,1.5,1.5,0.0,0.0,158,-218,-376.0,-376.0,0.3876,0.68553,0.29794,over_price_up,Market moved toward the over / higher implied probability.
2026,2026-05-04T22:40:00Z,batter_hits,Junior Caminero,,,,,2026-05-04T04:28:52.798836+00:00,2026-05-04T04:47:52.843209+00:00,4,1.5,1.5,0.0,0.0,199,-278,-477.0,-477.0,0.33445,0.73545,0.401,over_price_up,Market moved toward the over / higher implied probability.
2026,2026-05-04T22:40:00Z,batter_hits,Yandy Díaz,,,,,2026-05-04T04:28:52.798836+00:00,2026-05-04T04:47:52.843209+00:00,4,1.5,1.5,0.0,0.0,163,-223,-386.0,-386.0,0.38023,0.6904,0.31017,over_price_up,Market moved toward the over / higher implied probability.
2026,2026-05-04T22:40:00Z,batter_hits,George Springer,,,,,2026-05-04T04:28:52.798836+00:00,2026-05-04T04:47:52.843209+00:00,4,1.5,1.5,0.0,0.0,193,-271,-464.0,-464.0,0.3413,0.73046,0.38916,over_price_up,Market moved toward the over / higher implied probability.
2026,2026-05-04T22:40:00Z,batter_hits,Jesús Sánchez,,,,,2026-05-04T04:28:52.798836+00:00,2026-05-04T04:47:52.843209+00:00,4,0.5,0.5,0.0,0.0,-209,153,362.0,362.0,0.67638,0.39526,-0.28112,over_price_down,Market moved away from the over / lower implied probability.
2026,2026-05-04T22:40:00Z,batter_hits,Chandler Simpson,,,,,2026-05-04T04:28:52.798836+00:00,2026-05-04T04:47:52.843209+00:00,4,1.5,1.5,0.0,0.0,156,-213,-369.0,-369.0,0.39062,0.68051,0.28989,over_price_up,Market moved toward the over / higher implied probability.
2026,2026-05-04T22:40:00Z,batter_hits,Andrés Giménez,,,,,2026-05-04T04:28:52.798836+00:00,2026-05-04T04:47:52.843209+00:00,4,0.5,0.5,0.0,0.0,-182,134,316.0,316.0,0.64539,0.42735,-0.21804,over_price_down,Market moved away from the over / lower implied probability.
2026,2026-05-04T22:40:00Z,batter_hits,Daulton Varsho,,,,,2026-05-04T04:28:52.798836+00:00,2026-05-04T04:47:52.843209+00:00,4,0.5,0.5,0.0,0.0,-189,138,327.0,327.0,0.65398,0.42017,-0.23381,over_price_down,Market moved away from the over / lower implied probability.
2026,2026-05-04T22:40:00Z,batter_hits,Taylor Walls,,,,,2026-05-04T04:28:52.798836+00:00,2026-05-04T04:47:52.843209+00:00,4,0.5,0.5,0.0,0.0,-121,-113,8.0,8.0,0.54751,0.53052,-0.01699,over_price_down,Market moved away from the over / lower implied probability.
2026,2026-05-04T22:40:00Z,batter_hits,Jake Fraley,,,,,2026-05-04T04:28:52.798836+00:00,2026-05-04T04:47:52.843209+00:00,4,0.5,0.5,0.0,0.0,-139,102,241.0,241.0,0.58159,0.49505,-0.08654,over_price_down,Market moved away from the over / lower implied probability.
2026,2026-05-04T22:40:00Z,batter_hits,Ernie Clement,,,,,2026-05-04T04:28:52.798836+00:00,2026-05-04T04:47:52.843209+00:00,4,0.5,0.5,0.0,0.0,-244,176,420.0,420.0,0.7093,0.36232,-0.34698,over_price_down,Market moved away from the over / lower implied probability.
2026,2026-05-04T22:40:00Z,batter_hits,Ben Williamson,,,,,2026-05-04T04:28:52.798836+00:00,2026-05-04T04:47:52.843209+00:00,4,0.5,0.5,0.0,0.0,-233,167,400.0,400.0,0.6997,0.37453,-0.32517,over_price_down,Market moved away from the over / lower implied probability.
2026,2026-05-05T22:40:00Z,batter_hits,Adley Rutschman,,BAL,MIA,Sandy Alcantara,2026-05-05T18:49:18.897857+00:00,2026-05-05T18:49:18.897857+00:00,3,0.5,0.5,0.0,0.0,-210,187,397.0,397.0,0.67742,0.34843,-0.32899,over_price_down,Market moved away from the over / lower implied probability.
2026,2026-05-05T22:40:00Z,batter_hits,Connor Norby,,MIA,BAL,Chris Bassitt,2026-05-05T18:49:18.897857+00:00,2026-05-05T18:49:18.897857+00:00,3,0.5,0.5,0.0,0.0,-167,131,298.0,298.0,0.62547,0.4329,-0.19257,over_price_down,Market moved away from the over / lower implied probability.
2026,2026-05-05T22:40:00Z,batter_hits,Dylan Beavers,,BAL,MIA,Sandy Alcantara,2026-05-05T18:49:18.897857+00:00,2026-05-05T18:49:18.897857+00:00,3,0.5,0.5,0.0,0.0,-159,139,298.0,298.0,0.6139,0.41841,-0.19549,over_price_down,Market moved away from the over / lower implied probability.
2026,2026-05-05T22:40:00Z,batter_hits,Gunnar Henderson,,BAL,MIA,Sandy Alcantara,2026-05-05T18:49:18.897857+00:00,2026-05-05T18:49:18.897857+00:00,3,0.5,0.5,0.0,0.0,-235,192,427.0,427.0,0.70149,0.34247,-0.35903,over_price_down,Market moved away from the over / lower implied probability.
2026,2026-05-05T22:40:00Z,batter_hits,Jakob Marsee,,MIA,BAL,Chris Bassitt,2026-05-05T18:49:18.897857+00:00,2026-05-05T18:49:18.897857+00:00,3,0.5,0.5,0.0,0.0,-195,154,349.0,349.0,0.66102,0.3937,-0.26732,over_price_down,Market moved away from the over / lower implied probability.
2026,2026-05-05T22:40:00Z,batter_hits,Joe Mack,,MIA,BAL,Chris Bassitt,2026-05-05T18:49:18.897857+00:00,2026-05-05T18:49:18.897857+00:00,3,0.5,0.5,0.0,0.0,-165,127,292.0,292.0,0.62264,0.44053,-0.18211,over_price_down,Market moved away from the over / lower implied probability.
2026,2026-05-05T22:40:00Z,batter_hits,Kyle Stowers,,MIA,BAL,Chris Bassitt,2026-05-05T18:49:18.897857+00:00,2026-05-05T18:49:18.897857+00:00,3,0.5,0.5,0.0,0.0,-230,180,410.0,410.0,0.69697,0.35714,-0.33983,over_price_down,Market moved away from the over / lower implied probability.
2026,2026-05-05T22:40:00Z,batter_hits,Leody Taveras,,BAL,MIA,Sandy Alcantara,2026-05-05T18:49:18.897857+00:00,2026-05-05T18:49:18.897857+00:00,3,0.5,0.5,0.0,0.0,-190,131,321.0,321.0,0.65517,0.4329,-0.22227,over_price_down,Market moved away from the over / lower implied probability.
2026,2026-05-05T22:40:00Z,batter_hits,Liam Hicks,,MIA,BAL,Chris Bassitt,2026-05-05T18:49:18.897857+00:00,2026-05-05T18:49:18.897857+00:00,3,0.5,0.5,0.0,0.0,-200,153,353.0,353.0,0.66667,0.39526,-0.27141,over_price_down,Market moved away from the over / lower implied probability.
2026,2026-05-05T22:40:00Z,batter_hits,Otto Lopez,,MIA,BAL,Chris Bassitt,2026-05-05T18:49:18.897857+00:00,2026-05-05T18:49:18.897857+00:00,3,0.5,1.5,1.0,1.0,-345,-264,81.0,81.0,0.77528,0.72527,-0.05001,over_price_up,Market moved toward the over / higher implied probability.
2026,2026-05-05T22:40:00Z,batter_hits,Pete Alonso,,BAL,MIA,Sandy Alcantara,2026-05-05T18:49:18.897857+00:00,2026-05-05T18:49:18.897857+00:00,3,0.5,0.5,0.0,0.0,-210,187,397.0,397.0,0.67742,0.34843,-0.32899,over_price_down,Market moved away from the over / lower implied probability.
2026,2026-05-05T22:40:00Z,batter_hits,Samuel Basallo,,BAL,MIA,Sandy Alcantara,2026-05-05T18:49:18.897857+00:00,2026-05-05T18:49:18.897857+00:00,3,0.5,0.5,0.0,0.0,-157,127,284.0,284.0,0.61089,0.44053,-0.17037,over_price_down,Market moved away from the over / lower implied probability.
2026,2026-05-05T22:40:00Z,batter_hits,Taylor Ward,,BAL,MIA,Sandy Alcantara,2026-05-05T18:49:18.897857+00:00,2026-05-05T18:49:18.897857+00:00,3,0.5,0.5,0.0,0.0,-182,145,327.0,327.0,0.64539,0.40816,-0.23723,over_price_down,Market moved away from the over / lower implied probability.
2026,2026-05-05T22:40:00Z,batter_hits,Xavier Edwards,,MIA,BAL,Chris Bassitt,2026-05-05T18:49:18.897857+00:00,2026-05-05T18:49:18.897857+00:00,3,0.5,1.5,1.0,1.0,-250,-278,-28.0,-28.0,0.71429,0.73545,0.02116,over_price_up,Market moved toward the over / higher implied probability.
2026,2026-05-05T22:40:00Z,batter_total_bases,Adley Rutschman,,BAL,MIA,Sandy Alcantara,2026-05-05T18:49:18.897857+00:00,2026-05-05T18:49:18.897857+00:00,5,1.5,1.5,0.0,0.0,133,-162,-295.0,-295.0,0.42918,0.61832,0.18914,over_price_up,Market moved toward the over / higher implied probability.
2026,2026-05-05T22:40:00Z,batter_total_bases,Connor Norby,,MIA,BAL,Chris Bassitt,2026-05-05T18:49:18.897857+00:00,2026-05-05T18:49:18.897857+00:00,3,1.5,0.5,-1.0,-1.0,165,131,-34.0,-34.0,0.37736,0.4329,0.05554,over_price_up,Market moved toward the over / higher implied probability.
2026,2026-05-05T22:40:00Z,batter_total_bases,Dylan Beavers,,BAL,MIA,Sandy Alcantara,2026-05-05T18:49:18.897857+00:00,2026-05-05T18:49:18.897857+00:00,3,1.5,0.5,-1.0,-1.0,170,142,-28.0,-28.0,0.37037,0.41322,0.04285,over_price_up,Market moved toward the over / higher implied probability.
2026,2026-05-05T22:40:00Z,batter_total_bases,Gunnar Henderson,,BAL,MIA,Sandy Alcantara,2026-05-05T18:49:18.897857+00:00,2026-05-05T18:49:18.897857+00:00,5,1.5,1.5,0.0,0.0,106,-150,-256.0,-256.0,0.48544,0.6,0.11456,over_price_up,Market moved toward the over / higher implied probability.
2026,2026-05-05T22:40:00Z,batter_total_bases,Jakob Marsee,,MIA,BAL,Chris Bassitt,2026-05-05T18:49:18.897857+00:00,2026-05-05T18:49:18.897857+00:00,5,1.5,1.5,0.0,0.0,155,-197,-352.0,-352.0,0.39216,0.6633,0.27114,over_price_up,Market moved toward the over / higher implied probability.
2026,2026-05-05T22:40:00Z,batter_total_bases,Joe Mack,,MIA,BAL,Chris Bassitt,2026-05-05T18:49:18.897857+00:00,2026-05-05T18:49:18.897857+00:00,3,1.5,0.5,-1.0,-1.0,170,127,-43.0,-43.0,0.37037,0.44053,0.07016,over_price_up,Market moved toward the over / higher implied probability.
2026,2026-05-05T22:40:00Z,batter_total_bases,Kyle Stowers,,MIA,BAL,Chris Bassitt,2026-05-05T18:49:18.897857+00:00,2026-05-05T18:49:18.897857+00:00,5,1.5,1.5,0.0,0.0,115,-157,-272.0,-272.0,0.46512,0.61089,0.14578,over_price_up,Market moved toward the over / higher implied probability.
2026,2026-05-05T22:40:00Z,batter_total_bases,Leody Taveras,,BAL,MIA,Sandy Alcantara,2026-05-05T18:49:18.897857+00:00,2026-05-05T18:49:18.897857+00:00,3,1.5,0.5,-1.0,-1.0,163,135,-28.0,-28.0,0.38023,0.42553,0.0453,over_price_up,Market moved toward the over / higher implied probability.
2026,2026-05-05T22:40:00Z,batter_total_bases,Liam Hicks,,MIA,BAL,Chris Bassitt,2026-05-05T18:49:18.897857+00:00,2026-05-05T18:49:18.897857+00:00,3,1.5,0.5,-1.0,-1.0,155,158,3.0,3.0,0.39216,0.3876,-0.00456,over_price_down,Market moved away from the over / lower implied probability.
2026,2026-05-05T22:40:00Z,batter_total_bases,Otto Lopez,,MIA,BAL,Chris Bassitt,2026-05-05T18:49:18.897857+00:00,2026-05-05T18:49:18.897857+00:00,5,1.5,1.5,0.0,0.0,105,119,14.0,14.0,0.4878,0.45662,-0.03118,over_price_down,Market moved away from the over / lower implied probability.
2026,2026-05-05T22:40:00Z,batter_total_bases,Pete Alonso,,BAL,MIA,Sandy Alcantara,2026-05-05T18:49:18.897857+00:00,2026-05-05T18:49:18.897857+00:00,5,1.5,1.5,0.0,0.0,125,-145,-270.0,-270.0,0.44444,0.59184,0.14739,over_price_up,Market moved toward the over / higher implied probability.
2026,2026-05-05T22:40:00Z,batter_total_bases,Samuel Basallo,,BAL,MIA,Sandy Alcantara,2026-05-05T18:49:18.897857+00:00,2026-05-05T18:49:18.897857+00:00,3,1.5,0.5,-1.0,-1.0,170,138,-32.0,-32.0,0.37037,0.42017,0.0498,over_price_up,Market moved toward the over / higher implied probability.
2026,2026-05-05T22:40:00Z,batter_total_bases,Taylor Ward,,BAL,MIA,Sandy Alcantara,2026-05-05T18:49:18.897857+00:00,2026-05-05T18:49:18.897857+00:00,5,1.5,1.5,0.0,0.0,160,-197,-357.0,-357.0,0.38462,0.6633,0.27868,over_price_up,Market moved toward the over / higher implied probability.
2026,2026-05-05T22:40:00Z,batter_total_bases,Xavier Edwards,,MIA,BAL,Chris Bassitt,2026-05-05T18:49:18.897857+00:00,2026-05-05T18:49:18.897857+00:00,5,1.5,1.5,0.0,0.0,140,-179,-319.0,-319.0,0.41667,0.64158,0.22491,over_price_up,Market moved toward the over / higher implied probability.
2026,2026-05-05T22:40:00Z,pitcher_strikeouts,Chris Bassitt,,BAL,MIA,,2026-05-05T18:49:18.897857+00:00,2026-05-05T18:49:18.897857+00:00,8,4.5,4.5,0.0,0.0,-104,-118,-14.0,-14.0,0.5098,0.54128,0.03148,over_price_up,Market moved toward the over / higher implied probability.
2026,2026-05-05T22:40:00Z,pitcher_strikeouts,Sandy Alcantara,,MIA,BAL,,2026-05-05T18:49:18.897857+00:00,2026-05-05T18:49:18.897857+00:00,8,5.5,5.5,0.0,0.0,114,-164,-278.0,-278.0,0.46729,0.62121,0.15392,over_price_up,Market moved toward the over / higher implied probability.
2026,2026-05-05T22:40:00Z,batter_total_bases,Adley Rutschman (BAL),,,,,2026-05-05T18:49:18.897857+00:00,2026-05-05T18:49:18.897857+00:00,2,1.5,1.5,0.0,0.0,125,-165,-290.0,-290.0,0.44444,0.62264,0.1782,over_price_up,Market moved toward the over / higher implied probability.
2026,2026-05-05T22:40:00Z,batter_total_bases,Gunnar Henderson (BAL),,,,,2026-05-05T18:49:18.897857+00:00,2026-05-05T18:49:18.897857+00:00,2,1.5,1.5,0.0,0.0,110,-145,-255.0,-255.0,0.47619,0.59184,0.11565,over_price_up,Market moved toward the over / higher implied probability.
2026,2026-05-05T22:40:00Z,batter_total_bases,Jakob Marsee (MIA),,,,,2026-05-05T18:49:18.897857+00:00,2026-05-05T18:49:18.897857+00:00,2,1.5,1.5,0.0,0.0,150,-200,-350.0,-350.0,0.4,0.66667,0.26667,over_price_up,Market moved toward the over / higher implied probability.
2026,2026-05-05T22:40:00Z,batter_total_bases,Jeremiah Jackson (BAL),,,,,2026-05-05T18:49:18.897857+00:00,2026-05-05T18:49:18.897857+00:00,2,1.5,1.5,0.0,0.0,150,-200,-350.0,-350.0,0.4,0.66667,0.26667,over_price_up,Market moved toward the over / higher implied probability.
2026,2026-05-05T22:40:00Z,batter_total_bases,Kyle Stowers (MIA),,,,,2026-05-05T18:49:18.897857+00:00,2026-05-05T18:49:18.897857+00:00,2,1.5,1.5,0.0,0.0,115,-150,-265.0,-265.0,0.46512,0.6,0.13488,over_price_up,Market moved toward the over / higher implied probability.
2026,2026-05-05T22:40:00Z,batter_total_bases,Liam Hicks (MIA),,,,,2026-05-05T18:49:18.897857+00:00,2026-05-05T18:49:18.897857+00:00,2,1.5,1.5,0.0,0.0,150,-200,-350.0,-350.0,0.4,0.66667,0.26667,over_price_up,Market moved toward the over / higher implied probability.
2026,2026-05-05T22:40:00Z,batter_total_bases,Otto Lopez (MIA),,,,,2026-05-05T18:49:18.897857+00:00,2026-05-05T18:49:18.897857+00:00,2,1.5,1.5,0.0,0.0,115,-150,-265.0,-265.0,0.46512,0.6,0.13488,over_price_up,Market moved toward the over / higher implied probability.
2026,2026-05-05T22:40:00Z,batter_total_bases,Pete Alonso (BAL),,,,,2026-05-05T18:49:18.897857+00:00,2026-05-05T18:49:18.897857+00:00,2,1.5,1.5,0.0,0.0,120,-160,-280.0,-280.0,0.45455,0.61538,0.16084,over_price_up,Market moved toward the over / higher implied probability.
2026,2026-05-05T22:40:00Z,batter_total_bases,Xavier Edwards (MIA),,,,,2026-05-05T18:49:18.897857+00:00,2026-05-05T18:49:18.897857+00:00,2,1.5,1.5,0.0,0.0,125,-165,-290.0,-290.0,0.44444,0.62264,0.1782,over_price_up,Market moved toward the over / higher implied probability.
2026,2026-05-05T22:40:00Z,pitcher_hits_allowed,Chris Bassitt (BAL),,,,,2026-05-05T18:49:18.897857+00:00,2026-05-05T18:49:18.897857+00:00,2,5.5,5.5,0.0,0.0,-135,-105,30.0,30.0,0.57447,0.5122,-0.06227,over_price_down,Market moved away from the over / lower implied probability.
2026,2026-05-05T22:40:00Z,pitcher_hits_allowed,Sandy Alcantara (MIA),,,,,2026-05-05T18:49:18.897857+00:00,2026-05-05T18:49:18.897857+00:00,2,5.5,5.5,0.0,0.0,-135,-105,30.0,30.0,0.57447,0.5122,-0.06227,over_price_down,Market moved away from the over / lower implied probability.
2026,2026-05-05T22:40:00Z,pitcher_strikeouts,Chris Bassitt (BAL),,,,,2026-05-05T18:49:18.897857+00:00,2026-05-05T18:49:18.897857+00:00,2,4.5,4.5,0.0,0.0,-110,-120,-10.0,-10.0,0.52381,0.54545,0.02165,over_price_up,Market moved toward the over / higher implied probability.
2026,2026-05-05T22:40:00Z,pitcher_strikeouts,Sandy Alcantara (MIA),,,,,2026-05-05T18:49:18.897857+00:00,2026-05-05T18:49:18.897857+00:00,2,5.5,5.5,0.0,0.0,115,-150,-265.0,-265.0,0.46512,0.6,0.13488,over_price_up,Market moved toward the over / higher implied probability.
2026,2026-05-05T22:40:00Z,batter_home_runs,Gunnar Henderson,,BAL,MIA,Sandy Alcantara,2026-05-05T18:49:18.897857+00:00,2026-05-05T18:49:18.897857+00:00,2,0.5,0.5,0.0,0.0,539,-1054,-1593.0,-1593.0,0.15649,0.91334,0.75685,over_price_up,Market moved toward the over / higher implied probability.
2026,2026-05-05T22:40:00Z,batter_home_runs,Kyle Stowers,,MIA,BAL,Chris Bassitt,2026-05-05T18:49:18.897857+00:00,2026-05-05T18:49:18.897857+00:00,2,0.5,0.5,0.0,0.0,503,-942,-1445.0,-1445.0,0.16584,0.90403,0.73819,over_price_up,Market moved toward the over / higher implied probability.
2026,2026-05-05T22:40:00Z,batter_home_runs,Pete Alonso,,BAL,MIA,Sandy Alcantara,2026-05-05T18:49:18.897857+00:00,2026-05-05T18:49:18.897857+00:00,2,0.5,0.5,0.0,0.0,436,-756,-1192.0,-1192.0,0.18657,0.88318,0.69661,over_price_up,Market moved toward the over / higher implied probability.
2026,2026-05-05T22:40:00Z,batter_home_runs,Samuel Basallo,,BAL,MIA,Sandy Alcantara,2026-05-05T18:49:18.897857+00:00,2026-05-05T18:49:18.897857+00:00,2,0.5,0.5,0.0,0.0,486,-893,-1379.0,-1379.0,0.17065,0.8993,0.72865,over_price_up,Market moved toward the over / higher implied probability.
2026,2026-05-05T22:40:00Z,batter_total_bases,Blaze Alexander,,BAL,MIA,Sandy Alcantara,2026-05-05T18:49:18.897857+00:00,2026-05-05T18:49:18.897857+00:00,2,0.5,0.5,0.0,0.0,-145,110,255.0,255.0,0.59184,0.47619,-0.11565,over_price_down,Market moved away from the over / lower implied probability.
2026,2026-05-05T22:40:00Z,batter_total_bases,Christopher Morel,,MIA,BAL,Chris Bassitt,2026-05-05T18:49:18.897857+00:00,2026-05-05T18:49:18.897857+00:00,2,0.5,0.5,0.0,0.0,-147,110,257.0,257.0,0.59514,0.47619,-0.11895,over_price_down,Market moved away from the over / lower implied probability.
2026,2026-05-05T22:40:00Z,batter_total_bases,Jeremiah Jackson,,BAL,MIA,Sandy Alcantara,2026-05-05T18:49:18.897857+00:00,2026-05-05T18:49:18.897857+00:00,4,0.5,1.5,1.0,1.0,-218,-213,5.0,5.0,0.68553,0.68051,-0.00502,over_price_up,Market moved toward the over / higher implied probability.
2026,2026-05-05T22:40:00Z,batter_total_bases,Owen Caissie,,MIA,BAL,Chris Bassitt,2026-05-05T18:49:18.897857+00:00,2026-05-05T18:49:18.897857+00:00,2,0.5,0.5,0.0,0.0,-123,-108,15.0,15.0,0.55157,0.51923,-0.03234,over_price_down,Market moved away from the over / lower implied probability.
2026,2026-05-05T22:40:00Z,pitcher_earned_runs,Chris Bassitt,,BAL,MIA,,2026-05-05T18:49:18.897857+00:00,2026-05-05T18:49:18.897857+00:00,4,2.5,2.5,0.0,0.0,-111,-118,-7.0,-7.0,0.52607,0.54128,0.01522,over_price_up,Market moved toward the over / higher implied probability.
2026,2026-05-05T22:40:00Z,pitcher_earned_runs,Sandy Alcantara,,MIA,BAL,,2026-05-05T18:49:18.897857+00:00,2026-05-05T18:49:18.897857+00:00,4,2.5,2.5,0.0,0.0,-123,-108,15.0,15.0,0.55157,0.51923,-0.03234,over_price_down,Market moved away from the over / lower implied probability.
2026,2026-05-05T22:40:00Z,pitcher_hits_allowed,Chris Bassitt,,BAL,MIA,,2026-05-05T18:49:18.897857+00:00,2026-05-05T18:49:18.897857+00:00,4,5.5,5.5,0.0,0.0,-105,-121,-16.0,-16.0,0.5122,0.54751,0.03532,over_price_up,Market moved toward the over / higher implied probability.
2026,2026-05-05T22:40:00Z,pitcher_hits_allowed,Sandy Alcantara,,MIA,BAL,,2026-05-05T18:49:18.897857+00:00,2026-05-05T18:49:18.897857+00:00,4,5.5,5.5,0.0,0.0,-141,101,242.0,242.0,0.58506,0.49751,-0.08755,over_price_down,Market moved away from the over / lower implied probability.
2026,2026-05-05T22:40:00Z,batter_hits,Christopher Morel,,MIA,BAL,Chris Bassitt,2026-05-05T18:49:18.897857+00:00,2026-05-05T18:49:18.897857+00:00,2,0.5,0.5,0.0,0.0,-148,110,258.0,258.0,0.59677,0.47619,-0.12058,over_price_down,Market moved away from the over / lower implied probability.
2026,2026-05-05T22:40:00Z,batter_hits,Jeremiah Jackson,,BAL,MIA,Sandy Alcantara,2026-05-05T18:49:18.897857+00:00,2026-05-05T18:49:18.897857+00:00,2,0.5,0.5,0.0,0.0,-218,160,378.0,378.0,0.68553,0.38462,-0.30092,over_price_down,Market moved away from the over / lower implied probability.
2026,2026-05-05T22:40:00Z,batter_hits,Blaze Alexander,,BAL,MIA,Sandy Alcantara,2026-05-05T18:49:18.897857+00:00,2026-05-05T18:49:18.897857+00:00,2,0.5,0.5,0.0,0.0,-150,107,257.0,257.0,0.6,0.48309,-0.11691,over_price_down,Market moved away from the over / lower implied probability.
2026,2026-05-05T22:40:00Z,batter_hits,Owen Caissie,,MIA,BAL,Chris Bassitt,2026-05-05T18:49:18.897857+00:00,2026-05-05T18:49:18.897857+00:00,2,0.5,0.5,0.0,0.0,-145,107,252.0,252.0,0.59184,0.48309,-0.10874,over_price_down,Market moved away from the over / lower implied probability.
2026,2026-05-05T22:40:00Z,batter_hits,Kerry Carpenter,,DET,BOS,Jovani Morán,2026-05-05T18:49:18.897857+00:00,2026-05-05T18:49:18.897857+00:00,1,0.5,0.5,0.0,0.0,-195,-195,0.0,0.0,0.66102,0.66102,0.0,flat,Only one odds snapshot available.
2026,2026-05-05T22:40:00Z,batter_hits,Riley Greene,,DET,BOS,Jovani Morán,2026-05-05T18:49:18.897857+00:00,2026-05-05T18:49:18.897857+00:00,1,0.5,0.5,0.0,0.0,-220,-220,0.0,0.0,0.6875,0.6875,0.0,flat,Only one odds snapshot available.
2026,2026-05-05T22:40:00Z,batter_hits,Isiah Kiner-Falefa,,BOS,DET,Framber Valdez,2026-05-05T18:49:18.897857+00:00,2026-05-05T18:49:18.897857+00:00,1,0.5,0.5,0.0,0.0,-175,-175,0.0,0.0,0.63636,0.63636,0.0,flat,Only one odds snapshot available.
2026,2026-05-05T22:40:00Z,batter_hits,Connor Wong,,BOS,DET,Framber Valdez,2026-05-05T18:49:18.897857+00:00,2026-05-05T18:49:18.897857+00:00,1,0.5,0.5,0.0,0.0,-182,-182,0.0,0.0,0.64539,0.64539,0.0,flat,Only one odds snapshot available.
2026,2026-05-05T22:40:00Z,batter_hits,Trevor Story,,BOS,DET,Framber Valdez,2026-05-05T18:49:18.897857+00:00,2026-05-05T18:49:18.897857+00:00,1,0.5,0.5,0.0,0.0,-235,-235,0.0,0.0,0.70149,0.70149,0.0,flat,Only one odds snapshot available.
2026,2026-05-05T22:40:00Z,batter_hits,Willson Contreras,,BOS,DET,Framber Valdez,2026-05-05T18:49:18.897857+00:00,2026-05-05T18:49:18.897857+00:00,1,0.5,0.5,0.0,0.0,-220,-220,0.0,0.0,0.6875,0.6875,0.0,flat,Only one odds snapshot available.
2026,2026-05-05T22:40:00Z,batter_hits,Matt Vierling,,DET,BOS,Jovani Morán,2026-05-05T18:49:18.897857+00:00,2026-05-05T18:49:18.897857+00:00,1,0.5,0.5,0.0,0.0,-230,-230,0.0,0.0,0.69697,0.69697,0.0,flat,Only one odds snapshot available.
2026,2026-05-05T22:40:00Z,batter_hits,Dillon Dingler,,DET,BOS,Jovani Morán,2026-05-05T18:49:18.897857+00:00,2026-05-05T18:49:18.897857+00:00,1,0.5,0.5,0.0,0.0,-240,-240,0.0,0.0,0.70588,0.70588,0.0,flat,Only one odds snapshot available.
2026,2026-05-05T22:40:00Z,batter_hits,Ceddanne Rafaela,,BOS,DET,Framber Valdez,2026-05-05T18:49:18.897857+00:00,2026-05-05T18:49:18.897857+00:00,1,0.5,0.5,0.0,0.0,-220,-220,0.0,0.0,0.6875,0.6875,0.0,flat,Only one odds snapshot available.
2026,2026-05-05T22:40:00Z,batter_hits,Colt Keith,,DET,BOS,Jovani Morán,2026-05-05T18:49:18.897857+00:00,2026-05-05T18:49:18.897857+00:00,1,0.5,0.5,0.0,0.0,-205,-205,0.0,0.0,0.67213,0.67213,0.0,flat,Only one odds snapshot available.
2026,2026-05-05T22:40:00Z,batter_hits,Spencer Torkelson,,DET,BOS,Jovani Morán,2026-05-05T18:49:18.897857+00:00,2026-05-05T18:49:18.897857+00:00,1,0.5,0.5,0.0,0.0,-195,-195,0.0,0.0,0.66102,0.66102,0.0,flat,Only one odds snapshot available.
2026,2026-05-05T22:40:00Z,batter_hits,Wilyer Abreu,,BOS,DET,Framber Valdez,2026-05-05T18:49:18.897857+00:00,2026-05-05T18:49:18.897857+00:00,1,0.5,0.5,0.0,0.0,-225,-225,0.0,0.0,0.69231,0.69231,0.0,flat,Only one odds snapshot available.
2026,2026-05-05T22:40:00Z,batter_hits,Andruw Monasterio,,BOS,DET,Framber Valdez,2026-05-05T18:49:18.897857+00:00,2026-05-05T18:49:18.897857+00:00,1,0.5,0.5,0.0,0.0,-167,-167,0.0,0.0,0.62547,0.62547,0.0,flat,Only one odds snapshot available.
2026,2026-05-05T22:40:00Z,batter_hits,Kevin McGonigle,,DET,BOS,Jovani Morán,2026-05-05T18:49:18.897857+00:00,2026-05-05T18:49:18.897857+00:00,1,0.5,0.5,0.0,0.0,-360,-360,0.0,0.0,0.78261,0.78261,0.0,flat,Only one odds snapshot available.
2026,2026-05-05T22:40:00Z,batter_total_bases,Kevin McGonigle,,DET,BOS,Jovani Morán,2026-05-05T18:49:18.897857+00:00,2026-05-05T18:49:18.897857+00:00,1,1.5,1.5,0.0,0.0,-104,-104,0.0,0.0,0.5098,0.5098,0.0,flat,Only one odds snapshot available.
2026,2026-05-05T22:40:00Z,batter_total_bases,Kerry Carpenter,,DET,BOS,Jovani Morán,2026-05-05T18:49:18.897857+00:00,2026-05-05T18:49:18.897857+00:00,1,1.5,1.5,0.0,0.0,138,138,0.0,0.0,0.42017,0.42017,0.0,flat,Only one odds snapshot available.
2026,2026-05-05T22:40:00Z,batter_total_bases,Connor Wong,,BOS,DET,Framber Valdez,2026-05-05T18:49:18.897857+00:00,2026-05-05T18:49:18.897857+00:00,1,1.5,1.5,0.0,0.0,163,163,0.0,0.0,0.38023,0.38023,0.0,flat,Only one odds snapshot available.
2026,2026-05-05T22:40:00Z,batter_total_bases,Dillon Dingler,,DET,BOS,Jovani Morán,2026-05-05T18:49:18.897857+00:00,2026-05-05T18:49:18.897857+00:00,1,1.5,1.5,0.0,0.0,135,135,0.0,0.0,0.42553,0.42553,0.0,flat,Only one odds snapshot available.
2026,2026-05-05T22:40:00Z,batter_total_bases,Riley Greene,,DET,BOS,Jovani Morán,2026-05-05T18:49:18.897857+00:00,2026-05-05T18:49:18.897857+00:00,1,1.5,1.5,0.0,0.0,125,125,0.0,0.0,0.44444,0.44444,0.0,flat,Only one odds snapshot available.
2026,2026-05-05T22:40:00Z,batter_total_bases,Matt Vierling,,DET,BOS,Jovani Morán,2026-05-05T18:49:18.897857+00:00,2026-05-05T18:49:18.897857+00:00,1,1.5,1.5,0.0,0.0,138,138,0.0,0.0,0.42017,0.42017,0.0,flat,Only one odds snapshot available.
2026,2026-05-05T22:40:00Z,batter_total_bases,Ceddanne Rafaela,,BOS,DET,Framber Valdez,2026-05-05T18:49:18.897857+00:00,2026-05-05T18:49:18.897857+00:00,1,1.5,1.5,0.0,0.0,135,135,0.0,0.0,0.42553,0.42553,0.0,flat,Only one odds snapshot available.
2026,2026-05-05T22:40:00Z,batter_total_bases,Trevor Story,,BOS,DET,Framber Valdez,2026-05-05T18:49:18.897857+00:00,2026-05-05T18:49:18.897857+00:00,1,1.5,1.5,0.0,0.0,130,130,0.0,0.0,0.43478,0.43478,0.0,flat,Only one odds snapshot available.
2026,2026-05-05T22:40:00Z,batter_total_bases,Colt Keith,,DET,BOS,Jovani Morán,2026-05-05T18:49:18.897857+00:00,2026-05-05T18:49:18.897857+00:00,1,1.5,1.5,0.0,0.0,163,163,0.0,0.0,0.38023,0.38023,0.0,flat,Only one odds snapshot available.
