season,seasonPhase,playerId,player,team,games,last5HitsPerGame,last10HitsPerGame,last15HitsPerGame,last5TotalBasesPerGame,last10TotalBasesPerGame,last15TotalBasesPerGame,last5HomeRunsPerGame,last10HomeRunsPerGame,last15HomeRunsPerGame,last5StrikeoutsPerGame,last10StrikeoutsPerGame,last15StrikeoutsPerGame
2026,regular,663586,Austin Riley,ATL,36,1.2,0.7,0.6,2.4,1.4,1.133,0.4,0.2,0.133,1.8,1.5,1.333
2026,regular,572233,Christian Walker,HOU,36,1.6,1.6,1.333,2.2,2.7,2.333,0.2,0.3,0.267,0.8,1.0,0.867
2026,regular,702284,Cole Young,SEA,36,0.6,1.2,1.133,0.8,1.7,1.467,0.0,0.1,0.067,1.2,1.0,0.867
2026,regular,686948,Drake Baldwin,ATL,36,1.4,1.2,1.2,2.8,1.9,2.133,0.4,0.2,0.267,1.2,0.9,1.0
2026,regular,678662,Ezequiel Tovar,COL,36,0.4,0.5,0.333,0.4,0.5,0.333,0.0,0.0,0.0,0.6,1.1,1.0
2026,regular,666176,Jo Adell,LAA,36,1.2,1.1,0.867,1.2,1.4,1.067,0.0,0.1,0.067,1.2,1.1,1.067
2026,regular,608070,José Ramírez,CLE,36,0.8,0.7,0.8,1.2,1.0,1.467,0.0,0.0,0.133,0.8,0.5,0.667
2026,regular,677594,Julio Rodríguez,SEA,36,1.4,1.4,1.467,2.8,2.7,2.333,0.4,0.3,0.2,0.8,0.7,0.6
2026,regular,621566,Matt Olson,ATL,36,1.0,1.3,1.2,3.2,3.2,2.933,0.6,0.5,0.467,0.6,0.6,0.733
2026,regular,645277,Ozzie Albies,ATL,36,1.6,1.6,1.533,2.8,3.0,2.733,0.2,0.3,0.267,0.4,0.3,0.333
2026,regular,668227,Randy Arozarena,SEA,36,0.4,0.8,0.933,1.0,1.6,1.8,0.2,0.1,0.133,1.2,1.4,1.333
2026,regular,682985,Riley Greene,DET,36,1.0,1.1,1.267,1.2,1.8,2.067,0.0,0.2,0.2,1.8,1.6,1.4
2026,regular,681198,TJ Rumfield,COL,36,1.0,1.0,1.067,1.6,1.5,1.8,0.2,0.1,0.133,0.8,0.7,0.533
2026,regular,670541,Yordan Alvarez,HOU,36,1.2,1.2,1.4,1.8,1.6,2.4,0.2,0.1,0.267,1.2,0.8,0.6
2026,regular,687263,Zach Neto,LAA,36,0.0,0.6,0.6,0.0,0.8,0.867,0.0,0.0,0.0,1.8,2.0,1.733
2026,regular,592450,Aaron Judge,NYY,35,1.2,1.2,1.067,2.4,2.9,2.4,0.4,0.5,0.4,1.4,1.0,1.2
2026,regular,608324,Alex Bregman,CHC,35,0.6,0.7,1.0,1.0,1.2,1.6,0.0,0.1,0.067,0.6,0.7,0.6
2026,regular,681624,Andy Pages,LAD,35,1.0,1.0,0.8,1.2,1.4,1.067,0.0,0.0,0.0,1.2,0.8,0.733
2026,regular,666182,Bo Bichette,NYM,35,1.0,0.9,1.0,1.0,1.2,1.333,0.0,0.1,0.067,0.6,0.4,0.533
2026,regular,677951,Bobby Witt Jr.,KCR,35,0.8,1.2,1.267,1.4,2.5,2.267,0.2,0.3,0.2,1.4,0.8,0.8
2026,regular,677587,Brayan Rocchio,CLE,35,1.0,0.9,1.133,1.2,1.0,1.467,0.0,0.0,0.067,0.2,0.2,0.267
2026,regular,668804,Bryan Reynolds,PIT,35,1.2,0.9,0.867,2.8,1.7,1.467,0.2,0.1,0.067,1.4,1.3,1.267
2026,regular,547180,Bryce Harper,PHI,35,1.0,1.1,1.0,2.2,2.1,1.867,0.2,0.2,0.2,0.8,0.9,0.733
2026,regular,701358,Cam Smith,HOU,35,1.2,0.7,0.6,2.0,1.1,0.867,0.2,0.1,0.067,1.4,1.8,1.4
2026,regular,695657,Colson Montgomery,CHW,35,0.6,0.7,1.0,1.2,1.3,2.267,0.2,0.2,0.4,0.8,0.9,1.0
2026,regular,682829,Elly De La Cruz,CIN,35,1.0,1.2,1.2,1.2,1.9,2.133,0.0,0.2,0.267,1.2,1.1,1.133
2026,regular,671056,Iván Herrera,STL,35,1.2,1.1,1.133,1.6,1.9,1.867,0.0,0.1,0.133,1.4,1.1,1.0
2026,regular,695578,James Wood,WSN,35,0.8,0.6,0.667,1.0,1.0,1.533,0.0,0.1,0.267,1.6,1.7,1.467
2026,regular,802139,JJ Wetherholt,STL,35,1.0,1.3,1.067,1.6,2.8,2.133,0.2,0.4,0.267,0.6,0.5,0.867
2026,regular,808982,Jung Hoo Lee,SFG,35,0.6,1.2,1.133,0.6,1.9,1.6,0.0,0.1,0.067,0.2,0.4,0.467
2026,regular,656941,Kyle Schwarber,PHI,35,1.2,0.9,0.8,2.2,2.2,2.133,0.2,0.3,0.333,1.8,1.1,1.133
2026,regular,543760,Marcus Semien,NYM,35,0.4,0.5,0.733,0.4,0.5,0.867,0.0,0.0,0.0,0.8,0.8,0.8
2026,regular,680574,Matt McLain,CIN,35,0.0,0.5,0.733,0.0,1.2,1.333,0.0,0.2,0.133,0.8,1.1,1.067
2026,regular,545361,Mike Trout,LAA,35,1.0,1.0,0.933,1.6,1.7,1.667,0.2,0.2,0.2,2.4,1.6,1.333
2026,regular,808959,Munetaka Murakami,CHW,35,0.8,0.8,1.133,2.2,2.1,2.8,0.4,0.4,0.533,1.0,1.5,1.467
2026,regular,624413,Pete Alonso,BAL,35,1.2,0.8,0.8,2.8,1.9,1.8,0.4,0.3,0.267,1.0,0.8,1.0
2026,regular,691718,Pete Crow-Armstrong,CHC,35,0.8,0.8,0.933,2.0,1.7,1.733,0.2,0.2,0.133,0.6,1.1,1.067
2026,regular,646240,Rafael Devers,SFG,35,1.0,0.6,0.8,1.4,0.9,1.067,0.0,0.0,0.0,1.0,1.0,1.133
2026,regular,701398,Sal Stewart,CIN,35,0.2,0.6,0.8,0.2,1.0,1.333,0.0,0.1,0.133,0.6,0.8,0.733
2026,regular,679529,Spencer Torkelson,DET,35,0.8,1.0,0.867,1.4,2.5,2.267,0.2,0.4,0.4,1.6,1.3,1.267
2026,regular,665489,Vladimir Guerrero Jr.,TOR,35,0.8,1.3,1.333,0.8,1.5,1.733,0.0,0.0,0.067,0.6,0.5,0.533
2026,regular,669364,Xavier Edwards,MIA,35,1.2,1.2,1.133,2.0,1.7,1.533,0.2,0.1,0.067,0.0,0.2,0.4
2026,regular,666969,Adolis García,PHI,34,1.2,1.2,1.0,1.2,1.8,1.4,0.0,0.1,0.067,0.6,0.8,1.0
2026,regular,676475,Alec Burleson,STL,34,1.2,1.1,1.0,2.0,2.0,1.933,0.2,0.2,0.2,1.2,0.9,0.933
2026,regular,686668,Brenton Doyle,COL,34,0.6,0.5,0.467,0.8,0.6,0.6,0.0,0.0,0.0,1.0,0.9,0.867
2026,regular,802415,Chandler Simpson,TBR,34,1.0,0.9,1.0,1.0,1.0,1.067,0.0,0.0,0.0,1.0,0.8,0.667
2026,regular,682928,CJ Abrams,WSN,34,1.6,1.0,0.733,2.4,1.7,1.2,0.2,0.2,0.133,0.8,0.8,0.933
2026,regular,641355,Cody Bellinger,NYY,34,1.8,1.1,1.133,4.2,2.4,2.467,0.4,0.2,0.267,0.6,0.7,0.533
2026,regular,621020,Dansby Swanson,CHC,34,0.6,0.9,0.667,0.8,1.5,1.267,0.0,0.1,0.133,0.4,0.6,0.733
2026,regular,695734,Daylen Lile,WSN,34,0.4,0.5,0.733,0.6,0.6,1.533,0.0,0.0,0.2,1.4,1.2,1.0
2026,regular,676391,Ernie Clement,TOR,34,0.8,0.8,1.2,1.4,1.4,1.867,0.2,0.1,0.067,0.2,0.3,0.333
2026,regular,694497,Evan Carter,TEX,34,0.0,0.3,0.467,0.0,0.6,0.733,0.0,0.1,0.067,0.6,0.8,0.867
2026,regular,683002,Gunnar Henderson,BAL,34,0.8,1.0,0.867,1.0,1.8,1.667,0.0,0.2,0.2,1.6,1.6,1.6
2026,regular,671218,Heliot Ramos,SFG,34,0.8,1.1,1.2,1.4,2.0,2.133,0.0,0.1,0.133,1.0,0.9,0.933
2026,regular,669394,Jake Burger,TEX,34,0.6,0.5,0.667,1.4,0.9,0.933,0.2,0.1,0.067,1.4,1.2,1.333
2026,regular,805300,Jakob Marsee,MIA,34,0.6,0.8,0.8,0.6,1.0,1.133,0.0,0.0,0.067,2.4,1.5,1.2
2026,regular,665862,Jazz Chisholm Jr.,NYY,34,0.8,1.0,0.933,0.8,1.6,1.533,0.0,0.2,0.2,0.6,0.8,1.0
2026,regular,660821,Jesús Sánchez,TOR,34,0.8,0.7,0.733,0.8,1.1,1.2,0.0,0.1,0.133,0.4,0.5,0.533
2026,regular,666018,Jonathan Aranda,TBR,34,1.8,1.4,1.2,1.8,2.3,2.0,0.0,0.3,0.267,1.2,1.1,1.067
2026,regular,691023,Jordan Walker,STL,34,1.8,1.4,1.133,3.4,2.2,1.733,0.4,0.2,0.133,0.6,1.0,1.333
2026,regular,676609,José Caballero,NYY,34,0.8,1.0,1.133,1.6,2.0,1.867,0.2,0.3,0.2,0.6,0.4,0.533
2026,regular,691406,Junior Caminero,TBR,34,0.8,0.8,1.0,1.4,1.7,2.067,0.2,0.3,0.333,1.2,0.8,0.6
2026,regular,672960,Kazuma Okamoto,TOR,34,1.2,1.0,1.0,3.6,2.5,2.467,0.8,0.5,0.467,0.8,0.9,1.0
2026,regular,805808,Kevin McGonigle,DET,34,1.0,1.2,1.333,1.0,1.7,1.867,0.0,0.1,0.067,0.6,0.6,0.6
2026,regular,691720,Kyle Karros,COL,34,1.2,0.8,0.733,1.2,0.9,1.067,0.0,0.0,0.067,1.8,1.3,0.933
2026,regular,663656,Kyle Tucker,LAD,34,1.0,0.9,1.0,2.0,1.6,1.733,0.2,0.1,0.133,0.4,0.5,0.733
2026,regular,650333,Luis Arraez,SFG,34,1.6,1.4,1.267,2.4,2.0,1.667,0.0,0.0,0.0,0.2,0.2,0.133
2026,regular,807712,Luke Keaschall,MIN,34,0.8,0.9,0.867,1.4,1.3,1.2,0.0,0.0,0.0,0.6,0.9,0.8
2026,regular,656305,Matt Chapman,SFG,34,0.4,0.4,0.8,0.6,0.6,0.933,0.0,0.0,0.0,1.6,1.5,1.267
2026,regular,643289,Mauricio Dubón,ATL,34,0.6,0.7,0.667,1.0,1.2,1.067,0.0,0.0,0.0,0.4,0.4,0.733
2026,regular,683737,Michael Busch,CHC,34,1.0,0.9,1.0,2.0,1.6,1.867,0.0,0.0,0.133,0.6,1.1,1.133
2026,regular,678246,Miguel Vargas,CHW,34,1.2,1.1,1.133,1.8,1.8,2.2,0.2,0.2,0.333,1.0,1.0,0.733
2026,regular,663538,Nico Hoerner,CHC,34,1.2,1.0,1.0,1.8,1.3,1.4,0.0,0.0,0.067,0.0,0.2,0.333
2026,regular,669357,Nolan Gorman,STL,34,1.0,0.8,0.8,1.8,1.5,1.4,0.2,0.2,0.133,0.8,0.9,0.867
2026,regular,672640,Otto Lopez,MIA,34,1.8,1.7,1.4,2.0,2.0,1.667,0.0,0.0,0.0,0.8,1.0,0.867
2026,regular,660670,Ronald Acuña Jr.,ATL,34,1.2,1.0,0.933,1.8,1.6,1.333,0.0,0.1,0.067,1.2,1.0,0.933
2026,regular,521692,Salvador Perez,KCR,34,1.0,1.2,1.067,1.4,2.0,1.667,0.0,0.2,0.133,0.8,0.8,0.933
2026,regular,680757,Steven Kwan,CLE,34,0.8,0.7,0.6,1.0,0.9,0.733,0.0,0.0,0.0,0.4,0.5,0.533
2026,regular,621493,Taylor Ward,BAL,34,0.2,0.9,0.867,0.2,1.0,1.267,0.0,0.0,0.067,0.8,0.5,0.467
2026,regular,607208,Trea Turner,PHI,34,0.6,1.0,0.867,1.4,1.7,1.4,0.2,0.2,0.133,1.4,1.1,0.933
2026,regular,663757,Trent Grisham,NYY,34,1.0,0.7,0.667,2.4,1.7,1.533,0.2,0.2,0.2,0.4,0.5,0.6
2026,regular,575929,Willson Contreras,BOS,34,1.4,1.2,1.0,2.2,2.3,1.933,0.2,0.3,0.267,1.0,1.3,1.2
2026,regular,642715,Willy Adames,SFG,34,0.8,0.4,0.533,1.0,0.5,0.667,0.0,0.0,0.0,1.4,1.5,1.6
2026,regular,677800,Wilyer Abreu,BOS,34,1.0,1.2,1.0,1.0,1.7,1.333,0.0,0.1,0.067,1.0,0.8,0.6
2026,regular,664761,Alec Bohm,PHI,33,0.6,0.7,0.667,0.6,0.9,0.8,0.0,0.0,0.0,0.6,0.7,0.6
2026,regular,643217,Andrew Benintendi,CHW,33,1.0,0.8,0.867,1.0,1.0,1.4,0.0,0.0,0.133,0.8,1.0,1.067
2026,regular,700250,Ben Rice,NYY,33,1.6,1.5,1.267,3.0,3.0,2.867,0.4,0.4,0.467,0.4,0.6,0.867
2026,regular,607043,Brandon Nimmo,TEX,33,1.4,1.1,1.067,1.4,1.3,1.467,0.0,0.0,0.067,0.6,0.7,0.8
2026,regular,663728,Cal Raleigh,SEA,33,0.4,1.0,0.933,1.6,2.6,2.067,0.4,0.5,0.333,1.6,1.2,1.133
2026,regular,702332,Caleb Durbin,BOS,33,0.4,0.7,0.667,0.4,1.1,1.067,0.0,0.1,0.067,0.2,0.3,0.4
2026,regular,695600,Carter Jensen,KCR,33,0.2,0.5,0.8,0.2,0.5,1.267,0.0,0.0,0.133,1.6,1.3,1.133
2026,regular,678882,Ceddanne Rafaela,BOS,33,0.8,1.0,0.933,0.8,1.5,1.4,0.0,0.0,0.0,1.0,0.9,1.067
2026,regular,805367,Chase Meidroth,CHW,33,1.2,1.0,1.133,1.6,1.2,1.333,0.0,0.0,0.0,1.4,1.4,1.2
2026,regular,608369,Corey Seager,TEX,33,0.8,1.0,0.867,1.2,1.6,1.4,0.0,0.1,0.067,1.2,1.1,1.133
2026,regular,662139,Daulton Varsho,TOR,33,1.0,0.7,0.667,2.0,1.3,1.067,0.2,0.1,0.067,0.8,0.9,0.867
2026,regular,665487,Fernando Tatis Jr.,SDP,33,0.8,0.9,1.0,1.2,1.1,1.133,0.0,0.0,0.0,1.2,1.3,1.2
2026,regular,518692,Freddie Freeman,LAD,33,1.4,1.0,1.133,1.6,1.1,1.4,0.0,0.0,0.0,1.2,1.0,0.667
2026,regular,696100,Hunter Goodman,COL,33,0.2,0.9,0.933,0.4,2.4,2.333,0.0,0.4,0.333,2.0,1.8,1.6
2026,regular,664023,Ian Happ,CHC,33,1.0,0.7,0.933,2.4,1.4,1.6,0.2,0.1,0.133,1.2,1.2,1.067
2026,regular,701538,Jackson Merrill,SDP,33,1.0,0.9,0.667,1.6,1.2,0.933,0.2,0.1,0.067,0.6,1.0,1.4
2026,regular,805779,Jacob Wilson,ATH,33,1.6,1.4,1.4,2.0,1.8,1.933,0.0,0.0,0.067,0.0,0.2,0.333
2026,regular,696285,Jacob Young,WSN,33,0.8,0.6,0.867,0.8,0.7,0.933,0.0,0.0,0.0,1.4,1.2,0.933
2026,regular,643446,Jeff McNeil,ATH,33,1.6,1.2,1.067,2.2,1.5,1.533,0.0,0.0,0.067,0.0,0.0,0.067
2026,regular,669236,Jeremiah Jackson,BAL,33,0.4,0.6,0.667,0.4,1.0,0.933,0.0,0.1,0.067,0.8,0.7,0.667
2026,regular,514888,Jose Altuve,HOU,33,1.0,0.7,0.867,1.4,1.0,1.333,0.0,0.0,0.067,0.6,0.8,0.867
2026,regular,605137,Josh Bell,MIN,33,0.6,0.6,0.733,0.6,0.6,0.733,0.0,0.0,0.0,1.0,0.7,0.533
2026,regular,647304,Josh Naylor,SEA,33,1.0,1.4,1.333,1.2,2.1,1.933,0.0,0.2,0.133,0.8,0.8,0.667
2026,regular,681481,Kerry Carpenter,DET,33,0.4,0.6,0.533,0.8,1.4,1.267,0.0,0.1,0.133,1.2,0.9,0.933
2026,regular,671277,Luis García Jr.,WSN,33,0.4,0.6,0.733,0.6,0.8,0.933,0.0,0.0,0.0,1.0,0.7,0.667
2026,regular,672580,Maikel Garcia,KCR,33,1.2,0.9,0.933,2.4,1.7,1.533,0.2,0.1,0.067,0.4,0.6,0.8
2026,regular,571970,Max Muncy,LAD,33,1.0,0.9,1.133,1.4,1.6,2.0,0.0,0.1,0.2,0.6,0.4,0.467
2026,regular,671739,Michael Harris II,ATL,33,0.6,1.0,1.133,1.2,1.5,2.133,0.2,0.1,0.267,0.8,0.6,0.4
2026,regular,573262,Mike Yastrzemski,ATL,33,0.6,0.6,0.6,0.6,0.7,0.733,0.0,0.0,0.0,0.4,0.5,0.667
2026,regular,701762,Nick Kurtz,ATH,33,1.2,1.1,1.067,1.6,1.9,2.0,0.0,0.2,0.267,1.6,1.6,1.333
2026,regular,694384,Nolan Schanuel,LAA,33,1.2,1.1,1.067,1.6,1.5,1.667,0.0,0.0,0.067,0.6,0.6,0.667
2026,regular,665833,Oneil Cruz,PIT,33,1.2,1.0,1.0,1.4,2.0,2.0,0.0,0.3,0.267,1.6,2.0,1.867
2026,regular,672724,Oswald Peraza,LAA,33,0.8,0.6,0.8,1.0,0.7,0.933,0.0,0.0,0.0,0.4,0.9,0.867
2026,regular,641857,Ryan McMahon,NYY,33,1.0,1.0,0.733,1.4,1.5,1.067,0.0,0.1,0.067,0.6,0.9,0.867
2026,regular,656811,Ryan O'Hearn,PIT,33,1.0,1.1,1.067,1.2,1.6,1.6,0.0,0.1,0.133,1.2,1.1,1.0
2026,regular,686217,Sal Frelick,MIL,33,0.8,0.6,0.733,1.4,1.2,1.133,0.2,0.2,0.133,0.0,0.1,0.067
2026,regular,660271,Shohei Ohtani,LAD,33,0.0,0.7,0.8,0.0,1.2,1.267,0.0,0.1,0.067,0.8,1.0,1.067
2026,regular,668715,Spencer Steer,CIN,33,1.4,1.1,1.067,1.6,1.5,1.667,0.0,0.1,0.133,0.6,0.6,0.733
2026,regular,670770,TJ Friedl,CIN,33,1.0,1.0,0.933,2.0,2.0,1.733,0.2,0.2,0.133,0.6,0.9,0.8
2026,regular,596115,Trevor Story,BOS,33,1.2,1.0,0.8,1.4,1.1,0.933,0.0,0.0,0.0,1.2,1.1,1.333
2026,regular,687363,Victor Scott II,STL,33,0.4,0.4,0.267,0.6,0.8,0.533,0.0,0.1,0.067,1.0,1.0,0.933
2026,regular,686469,Vinnie Pasquantino,KCR,33,1.4,1.1,0.933,2.2,2.2,2.067,0.2,0.2,0.267,1.2,0.8,0.867
2026,regular,593428,Xander Bogaerts,SDP,33,0.4,0.8,0.867,0.4,1.4,1.267,0.0,0.2,0.133,1.0,1.1,0.933
2026,regular,665926,Andrés Giménez,TOR,32,0.4,0.9,0.867,0.4,1.2,1.2,0.0,0.0,0.0,0.4,0.6,0.6
2026,regular,682657,Angel Martínez,CLE,32,1.0,1.0,0.867,1.4,1.9,1.667,0.0,0.2,0.2,0.6,0.7,0.933
2026,regular,691781,Brady House,WSN,32,0.6,0.7,0.733,1.2,1.3,1.133,0.2,0.2,0.133,1.0,1.3,1.333
2026,regular,683146,Brett Baty,NYM,32,0.2,0.4,0.533,0.2,0.5,0.8,0.0,0.0,0.067,0.8,0.8,0.667
2026,regular,686797,Brooks Lee,MIN,32,1.2,1.3,1.0,1.2,2.0,1.467,0.0,0.2,0.133,1.2,0.8,0.867
2026,regular,621439,Byron Buxton,MIN,32,1.4,1.3,1.2,3.4,3.0,2.733,0.6,0.5,0.467,0.4,0.9,1.133
2026,regular,621043,Carlos Correa,HOU,32,1.2,1.0,1.067,2.0,1.9,1.733,0.2,0.2,0.133,1.2,1.0,1.0
2026,regular,701807,Carson Benge,NYM,32,0.6,0.8,0.667,1.4,1.2,1.2,0.2,0.1,0.133,0.6,0.5,0.533
2026,regular,800050,Chase DeLauter,CLE,32,2.2,1.7,1.267,3.2,2.3,1.867,0.2,0.1,0.067,0.4,0.3,0.2
2026,regular,690993,Colt Keith,DET,32,1.0,0.9,0.933,1.0,0.9,0.933,0.0,0.0,0.0,0.6,0.6,0.4
2026,regular,681393,Connor Norby,MIA,32,0.6,0.6,0.6,1.0,1.1,0.933,0.0,0.1,0.067,1.4,1.2,1.4
2026,regular,682626,Francisco Alvarez,NYM,32,0.8,0.6,0.6,1.2,0.8,0.8,0.0,0.0,0.0,1.2,1.1,0.867
2026,regular,669003,Garrett Mitchell,MIL,32,0.8,0.6,0.533,1.0,0.8,0.8,0.0,0.0,0.0,1.4,1.2,1.267
2026,regular,650402,Gleyber Torres,DET,32,1.0,1.0,1.0,1.0,1.3,1.267,0.0,0.1,0.067,0.2,0.5,0.533
2026,regular,641343,Jake Bauers,MIL,32,0.6,1.0,1.067,0.8,1.4,1.4,0.0,0.0,0.0,1.0,1.1,0.933
2026,regular,630105,Jake Cronenworth,SDP,32,0.2,0.3,0.4,0.2,0.3,0.467,0.0,0.0,0.0,0.6,0.5,0.667
2026,regular,624585,Jorge Soler,LAA,32,0.8,1.0,0.867,1.4,1.8,1.6,0.2,0.2,0.2,1.2,1.2,1.267
2026,regular,666139,Josh Lowe,LAA,32,0.0,0.4,0.467,0.0,0.7,0.867,0.0,0.1,0.133,1.2,0.7,0.667
2026,regular,606466,Ketel Marte,ARI,32,0.4,0.8,0.867,1.0,1.2,1.133,0.2,0.1,0.067,1.6,1.0,0.933
2026,regular,671732,Lawrence Butler,ATH,32,0.4,0.3,0.533,1.0,0.6,0.8,0.2,0.1,0.067,0.8,1.1,0.867
2026,regular,689414,Liam Hicks,MIA,32,0.6,0.6,0.933,1.8,1.5,1.867,0.4,0.3,0.267,0.8,0.5,0.4
2026,regular,670042,Luke Raley,SEA,32,0.4,0.2,0.2,1.0,0.5,0.6,0.2,0.1,0.133,1.0,0.9,0.867
2026,regular,592518,Manny Machado,SDP,32,0.6,1.2,1.0,1.2,2.3,1.733,0.2,0.3,0.2,1.2,0.9,1.0
2026,regular,683083,Nasim Nuñez,WSN,32,1.0,0.9,0.733,1.0,0.9,0.733,0.0,0.0,0.0,0.2,0.5,0.6
2026,regular,701675,Nathan Church,STL,32,1.2,1.1,1.067,1.8,2.3,2.067,0.0,0.3,0.267,0.6,0.7,0.8
2026,regular,693304,Nick Gonzales,PIT,32,1.2,1.6,1.533,1.2,1.8,1.667,0.0,0.0,0.0,0.8,0.8,0.667
2026,regular,683357,Owen Caissie,MIA,32,0.4,0.4,0.467,0.4,0.5,0.6,0.0,0.0,0.0,1.0,1.2,1.333
2026,regular,657656,Ramón Laureano,SDP,32,0.4,0.8,0.667,1.0,1.3,1.0,0.2,0.1,0.067,1.4,1.5,1.733
2026,regular,669127,Shea Langeliers,ATH,32,2.2,1.8,1.6,4.2,3.2,2.8,0.4,0.3,0.267,0.2,0.5,0.6
2026,regular,687462,Spencer Horwitz,PIT,32,0.6,0.7,0.867,1.4,1.1,1.4,0.2,0.1,0.133,0.0,0.2,0.267
2026,regular,671976,Tristan Peters,CHW,32,0.6,0.7,0.8,0.6,0.7,0.933,0.0,0.0,0.0,0.6,0.4,0.467
2026,regular,687859,Troy Johnston,COL,32,1.0,1.2,1.267,1.2,1.4,1.6,0.0,0.0,0.0,0.8,0.8,0.8
2026,regular,691016,Tyler Soderstrom,ATH,32,1.0,1.0,0.933,2.0,2.1,1.867,0.2,0.2,0.133,1.2,0.6,0.8
2026,regular,661388,William Contreras,MIL,32,2.0,1.3,1.133,2.8,1.7,1.467,0.2,0.1,0.067,0.2,0.3,0.4
2026,regular,650490,Yandy Díaz,TBR,32,0.8,1.1,1.0,1.4,1.7,1.467,0.2,0.2,0.133,0.4,0.4,0.533
2026,regular,660162,Yoán Moncada,LAA,32,0.2,0.4,0.4,0.4,0.5,0.467,0.0,0.0,0.0,1.2,1.0,0.867
2026,regular,682663,Agustín Ramírez,MIA,31,0.6,0.9,0.733,0.6,1.3,1.067,0.0,0.1,0.067,0.8,0.8,0.933
2026,regular,669016,Brandon Marsh,PHI,31,1.2,1.3,1.067,1.8,2.2,1.667,0.0,0.2,0.133,0.8,0.7,0.667
2026,regular,668930,Brice Turang,MIL,31,1.8,1.2,1.133,2.8,1.8,1.733,0.2,0.1,0.133,0.4,0.9,0.867
2026,regular,682998,Corbin Carroll,ARI,31,1.0,0.9,0.867,1.8,1.5,1.6,0.2,0.1,0.133,1.4,1.2,1.267
2026,regular,657757,Gavin Sheets,SDP,31,0.0,0.4,0.467,0.0,1.0,1.0,0.0,0.2,0.133,0.6,0.6,0.6
2026,regular,670623,Isaac Paredes,HOU,31,1.4,1.3,1.267,1.8,1.8,2.0,0.0,0.1,0.2,0.6,0.4,0.467
2026,regular,695506,Jac Caglianone,KCR,31,1.0,0.8,0.8,2.2,1.8,1.667,0.4,0.3,0.267,0.4,1.0,1.2
2026,regular,592626,Joc Pederson,TEX,31,0.4,0.4,0.533,1.0,0.7,0.733,0.2,0.1,0.067,0.4,0.5,0.667
2026,regular,673962,Josh Jung,TEX,31,1.6,1.4,1.467,1.8,2.1,2.6,0.0,0.1,0.2,0.4,0.4,0.467
2026,regular,669701,Josh Smith,TEX,31,0.8,0.8,0.733,0.8,0.9,0.867,0.0,0.0,0.0,0.8,0.6,0.733
2026,regular,663647,Ke'Bryan Hayes,CIN,31,0.4,0.7,0.533,1.0,1.6,1.133,0.2,0.2,0.133,0.8,0.9,0.8
2026,regular,700932,Kyle Manzardo,CLE,31,0.6,0.5,0.667,1.2,0.9,0.933,0.2,0.1,0.067,1.0,0.7,1.133
2026,regular,691785,Marcelo Mayer,BOS,31,1.0,1.1,0.933,1.0,1.2,1.133,0.0,0.0,0.0,1.0,0.5,0.4
2026,regular,807713,Matt Shaw,CHC,31,0.6,0.6,0.867,1.4,1.0,1.4,0.2,0.1,0.067,0.6,0.4,0.4
2026,regular,694208,Moisés Ballesteros,CHC,31,0.4,0.8,0.733,1.0,2.0,1.6,0.2,0.3,0.2,0.6,0.5,0.4
2026,regular,571448,Nolan Arenado,ARI,31,0.8,1.3,1.267,1.6,2.0,2.0,0.2,0.2,0.2,1.0,0.7,0.6
2026,regular,606192,Teoscar Hernández,LAD,31,1.0,0.8,0.667,1.0,0.8,0.733,0.0,0.0,0.0,0.8,1.0,1.067
2026,regular,668885,Austin Martin,MIN,30,1.2,1.0,1.0,1.2,1.1,1.4,0.0,0.0,0.067,0.4,0.5,0.6
2026,regular,810938,Ben Williamson,TBR,30,0.8,0.9,0.667,0.8,1.2,0.867,0.0,0.0,0.0,0.2,0.6,0.6
2026,regular,664040,Brandon Lowe,PIT,30,0.8,0.7,0.867,1.8,1.4,1.467,0.2,0.1,0.067,0.4,0.9,1.067
2026,regular,656775,Cedric Mullins,TBR,30,0.4,0.3,0.4,0.4,0.3,0.667,0.0,0.0,0.067,0.4,0.4,0.6
2026,regular,693307,Dillon Dingler,DET,30,1.0,0.8,0.933,2.0,1.4,1.867,0.2,0.1,0.2,0.8,0.8,0.667
2026,regular,686527,Dominic Canzone,SEA,30,0.6,0.6,0.8,0.8,0.7,1.2,0.0,0.0,0.067,0.8,0.9,0.733
2026,regular,666397,Edouard Julien,COL,30,0.6,1.0,0.867,1.2,1.6,1.333,0.2,0.1,0.067,1.6,1.4,1.333
2026,regular,672695,Geraldo Perdomo,ARI,30,0.8,1.2,1.133,1.6,2.2,1.867,0.2,0.1,0.067,0.4,0.7,0.667
2026,regular,686555,Isaac Collins,KCR,30,1.0,1.0,0.8,1.4,1.5,1.133,0.0,0.1,0.067,0.8,0.8,1.133
2026,regular,680776,Jarren Duran,BOS,30,1.4,0.9,0.933,3.2,1.8,1.667,0.6,0.3,0.2,1.0,0.9,0.867
2026,regular,702222,Justin Crawford,PHI,30,1.2,0.9,0.733,1.8,1.2,1.0,0.0,0.0,0.0,0.4,0.8,0.6
2026,regular,660844,Leo Rivas,SEA,30,0.2,0.3,0.333,0.2,0.3,0.4,0.0,0.0,0.0,1.2,1.0,0.933
2026,regular,650859,Luis Rengifo,MIL,30,0.8,0.7,0.733,1.0,0.9,0.933,0.0,0.0,0.0,0.4,0.3,0.267
2026,regular,691026,Masyn Winn,STL,30,1.4,1.1,1.4,1.6,1.2,1.933,0.0,0.0,0.067,0.4,0.7,0.933
2026,regular,701350,Roman Anthony,BOS,30,1.2,0.8,0.867,1.6,1.0,1.067,0.0,0.0,0.0,0.6,1.0,1.0
2026,regular,669257,Will Smith,LAD,30,1.4,0.8,0.933,1.8,1.3,1.333,0.0,0.1,0.067,0.6,0.7,0.733
2026,regular,690976,Alex Freeland,LAD,29,1.2,1.0,0.933,1.8,1.5,1.267,0.2,0.1,0.067,0.4,0.5,0.867
2026,regular,677942,Blaze Alexander,BAL,29,1.2,0.7,0.533,1.2,0.8,0.6,0.0,0.0,0.0,1.0,0.6,0.733
2026,regular,681082,Bryson Stott,PHI,29,0.4,0.6,0.667,1.6,1.6,1.4,0.4,0.2,0.133,0.4,0.8,0.733
2026,regular,669477,Casey Schmitt,SFG,29,1.4,1.3,1.2,2.4,2.5,2.333,0.2,0.3,0.267,0.8,0.5,0.667
2026,regular,691723,Coby Mayo,BAL,29,0.2,0.5,0.467,0.2,1.2,1.133,0.0,0.2,0.2,1.0,1.0,0.933
2026,regular,681297,Colton Cowser,BAL,29,0.2,0.4,0.267,0.2,0.5,0.333,0.0,0.0,0.0,0.4,0.6,0.8
2026,regular,667472,Dane Myers,CIN,29,0.6,0.5,0.4,0.6,0.8,0.6,0.0,0.1,0.067,0.4,0.6,0.533
2026,regular,682177,Daniel Schneemann,CLE,29,0.6,0.8,0.933,0.6,1.5,1.6,0.0,0.2,0.2,1.2,1.3,1.2
2026,regular,666152,David Hamilton,MIL,29,0.6,0.6,0.8,0.6,0.8,0.933,0.0,0.0,0.0,1.0,0.9,0.8
2026,regular,663968,Jake Mangum,PIT,29,0.2,0.4,0.733,0.2,0.4,0.8,0.0,0.0,0.0,0.2,0.8,0.667
2026,regular,804606,Konnor Griffin,PIT,29,1.6,1.5,1.133,2.4,2.5,1.8,0.0,0.2,0.133,0.8,0.9,1.133
2026,regular,542303,Marcell Ozuna,PIT,29,1.2,0.7,0.933,2.0,1.1,1.467,0.2,0.1,0.133,1.0,1.2,1.2
2026,regular,670242,Matt Wallner,MIN,29,0.4,0.5,0.4,0.6,0.6,0.467,0.0,0.0,0.0,1.0,0.9,0.933
2026,regular,656537,Derek Hill,CHW,28,0.4,0.3,0.4,1.0,0.6,0.8,0.2,0.1,0.133,0.4,0.5,0.467
2026,regular,680779,Henry Davis,PIT,28,0.4,0.4,0.267,1.6,1.0,0.667,0.4,0.2,0.133,0.4,0.6,0.467
2026,regular,641487,J.P. Crawford,SEA,28,1.2,0.8,0.867,2.4,1.4,1.6,0.4,0.2,0.2,0.4,0.4,0.467
2026,regular,687401,Joey Ortiz,MIL,28,0.4,0.3,0.2,0.4,0.3,0.2,0.0,0.0,0.0,0.4,0.3,0.333
2026,regular,678391,Jorbit Vivas,WSN,28,0.4,0.5,0.533,0.4,0.6,0.667,0.0,0.0,0.0,0.4,0.4,0.4
2026,regular,699912,Jose Fernandez,ARI,28,0.4,0.9,0.933,0.4,1.3,1.2,0.0,0.1,0.067,0.6,0.5,0.6
2026,regular,664728,Kyle Isbel,KCR,28,1.0,1.1,0.8,1.2,1.7,1.2,0.0,0.1,0.067,0.8,1.0,0.8
2026,regular,657041,Lane Thomas,KCR,28,0.4,0.7,0.733,0.4,1.0,0.933,0.0,0.1,0.067,0.6,0.5,0.467
2026,regular,665750,Leody Taveras,BAL,28,0.8,0.7,0.733,1.4,1.3,1.333,0.0,0.1,0.133,0.8,0.7,0.667
2026,regular,663837,Matt Vierling,DET,28,0.8,0.5,0.6,1.2,0.8,1.0,0.0,0.0,0.0,0.8,0.6,0.533
2026,regular,666160,Mickey Moniak,COL,28,1.6,1.6,1.533,4.2,3.5,3.267,0.6,0.5,0.4,1.0,1.2,1.0
2026,regular,664702,Myles Straw,TOR,28,0.6,0.6,0.667,1.2,1.0,1.133,0.2,0.1,0.133,0.2,0.3,0.267
2026,regular,663743,Nick Fortes,TBR,28,0.4,0.5,0.667,0.4,0.6,0.733,0.0,0.0,0.0,0.4,0.3,0.467
2026,regular,672275,Patrick Bailey,SFG,28,0.4,0.4,0.4,0.4,0.7,0.6,0.0,0.1,0.067,0.6,0.8,0.933
2026,regular,663886,Tyler Stephenson,CIN,28,1.0,0.7,0.667,1.6,1.1,0.933,0.0,0.0,0.0,0.8,1.1,1.067
2026,regular,650489,Willi Castro,COL,28,0.8,0.8,0.8,0.8,0.9,0.933,0.0,0.0,0.0,1.2,0.8,0.933
2026,regular,624428,Adam Frazier,LAA,27,0.2,0.4,0.467,0.4,0.7,0.8,0.0,0.0,0.0,0.4,0.5,0.733
2026,regular,669224,Austin Wells,NYY,27,0.8,0.7,0.667,1.4,1.3,1.067,0.2,0.2,0.133,1.0,0.7,0.467
2026,regular,694728,Brice Matthews,HOU,27,0.8,0.9,0.8,1.4,1.6,1.4,0.2,0.2,0.133,1.2,1.2,0.933
2026,regular,669326,Bryce Teodosio,LAA,27,0.4,0.6,0.467,0.6,0.7,0.533,0.0,0.0,0.0,0.6,0.7,0.6
2026,regular,666126,Carlos Cortes,ATH,27,1.2,1.5,1.467,1.2,2.5,2.4,0.0,0.2,0.2,0.6,0.5,0.333
2026,regular,676914,Davis Schneider,TOR,27,0.2,0.1,0.067,0.4,0.2,0.133,0.0,0.0,0.0,0.4,0.7,0.667
2026,regular,687637,Dylan Beavers,BAL,27,0.4,0.8,0.667,0.4,1.3,1.0,0.0,0.1,0.067,1.4,0.9,1.0
2026,regular,688363,Graham Pauley,MIA,27,0.0,0.5,0.533,0.0,0.8,0.867,0.0,0.1,0.067,0.4,0.5,0.667
2026,regular,691594,Javier Sanoja,MIA,27,0.4,0.5,0.533,0.6,0.6,0.6,0.0,0.0,0.0,0.6,0.4,0.333
2026,regular,682668,Luisangel Acuña,CHW,27,0.2,0.2,0.267,0.2,0.2,0.333,0.0,0.0,0.0,0.8,0.5,0.6
2026,regular,668901,Mark Vientos,NYM,27,1.0,1.0,0.8,2.6,1.8,1.533,0.4,0.2,0.2,1.0,1.0,0.933
2026,regular,656555,Rhys Hoskins,CLE,27,0.4,0.6,0.467,1.2,1.0,0.733,0.2,0.1,0.067,1.0,1.0,0.933
2026,regular,694212,Samuel Basallo,BAL,27,0.6,1.2,1.067,0.8,2.1,1.867,0.0,0.2,0.2,1.6,1.1,0.867
2026,regular,663616,Trevor Larnach,MIN,27,1.2,1.1,0.933,1.6,1.6,1.267,0.0,0.0,0.0,0.6,0.9,0.8
2026,regular,621438,Tyrone Taylor,NYM,27,0.2,0.5,0.4,0.2,0.8,0.6,0.0,0.1,0.067,0.2,0.3,0.467
2026,regular,666181,Will Benson,CIN,27,0.8,0.4,0.333,2.2,1.1,0.8,0.4,0.2,0.133,1.4,0.9,0.667
2026,regular,666310,Bo Naylor,CLE,26,0.4,0.3,0.4,0.6,0.4,0.733,0.0,0.0,0.067,0.6,0.8,0.733
2026,regular,663604,Brandon Lockridge,MIL,26,1.2,1.1,0.933,1.4,1.3,1.133,0.0,0.0,0.0,1.0,1.4,1.2
2026,regular,608348,Carson Kelly,CHC,26,1.2,1.1,1.133,1.2,1.5,1.667,0.0,0.1,0.133,0.4,0.8,0.6
2026,regular,678554,Curtis Mead,WSN,26,1.0,0.6,0.533,2.0,1.4,1.333,0.2,0.2,0.2,0.4,0.8,0.6
2026,regular,642086,Dominic Smith,ATL,26,0.2,0.6,0.867,0.2,0.6,1.4,0.0,0.0,0.133,0.2,0.3,0.333
2026,regular,700337,Edgar Quero,CHW,26,0.6,0.3,0.4,0.6,0.3,0.467,0.0,0.0,0.0,1.0,0.7,0.8
2026,regular,677649,Ezequiel Duran,TEX,26,0.8,0.9,0.867,1.2,1.3,1.2,0.0,0.0,0.0,0.4,0.3,0.4
2026,regular,666023,Freddy Fermin,SDP,26,0.2,0.3,0.267,0.4,0.5,0.4,0.0,0.0,0.0,0.6,0.6,0.467
2026,regular,545121,Ildemaro Vargas,ARI,26,1.8,1.7,1.533,1.8,2.9,2.6,0.0,0.3,0.267,0.2,0.3,0.267
2026,regular,664983,Jake McCarthy,COL,26,0.8,0.9,0.867,1.2,1.4,1.333,0.0,0.0,0.0,0.2,0.3,0.4
2026,regular,681546,James Outman,MIN,26,0.2,0.4,0.267,0.2,0.6,0.4,0.0,0.0,0.0,0.4,0.2,0.267
2026,regular,676356,Jonny DeLuca,TBR,26,0.8,0.7,0.8,1.0,1.0,1.333,0.0,0.0,0.067,0.8,0.7,0.667
2026,regular,678489,Jorge Barrosa,ARI,26,0.4,0.2,0.333,0.8,0.4,0.8,0.0,0.0,0.067,0.2,0.4,0.4
2026,regular,677588,José Tena,WSN,26,0.4,0.3,0.533,1.0,0.9,1.0,0.0,0.1,0.067,0.8,1.0,0.867
2026,regular,681351,Logan O'Hoppe,LAA,26,0.6,0.5,0.667,0.6,0.8,0.933,0.0,0.1,0.067,1.4,1.2,1.067
2026,regular,691777,Max Muncy,ATH,26,0.4,0.3,0.6,0.4,0.5,1.0,0.0,0.0,0.0,1.2,1.5,1.467
2026,regular,680777,Ryan Jeffers,MIN,26,1.4,1.0,1.0,2.0,1.6,1.733,0.2,0.2,0.2,0.8,0.8,0.6
2026,regular,673237,Yainer Diaz,HOU,26,1.2,1.3,1.067,1.4,1.9,1.733,0.0,0.1,0.133,0.4,0.5,0.533
2026,regular,677950,Alek Thomas,ARI,25,0.4,0.9,0.8,0.4,1.8,1.533,0.0,0.2,0.133,1.2,0.6,0.8
2026,regular,553993,Eugenio Suárez,CIN,25,0.6,0.8,0.867,0.8,1.3,1.267,0.0,0.1,0.067,1.6,1.1,1.067
2026,regular,808975,Hyeseong Kim,LAD,25,1.0,0.9,0.933,1.2,1.0,1.067,0.0,0.0,0.0,0.0,0.3,0.333
2026,regular,686894,Joey Wiemer,WSN,25,0.4,0.4,0.4,0.6,0.9,0.8,0.0,0.1,0.067,1.4,1.0,0.867
2026,regular,687597,Jordan Beck,COL,25,0.6,0.4,0.6,1.2,0.7,1.067,0.0,0.0,0.067,1.2,0.9,0.733
2026,regular,672820,Lenyn Sosa,TOR,25,1.0,0.8,0.933,1.8,1.3,1.4,0.2,0.1,0.067,1.2,1.0,0.8
2026,regular,602104,Ramón Urías,STL,25,0.2,0.2,0.267,0.2,0.2,0.333,0.0,0.0,0.0,0.2,0.4,0.333
2026,regular,605170,Victor Caratini,MIN,25,0.4,0.5,0.467,0.4,0.5,0.667,0.0,0.0,0.067,1.2,0.9,0.867
2026,regular,686452,Drew Millas,WSN,24,0.2,0.3,0.333,0.2,0.4,0.467,0.0,0.0,0.0,0.8,1.0,0.733
2026,regular,596019,Francisco Lindor,NYM,24,1.4,1.2,1.067,2.2,1.9,1.6,0.2,0.2,0.133,0.6,0.8,0.8
2026,regular,596142,Gary Sánchez,MIL,24,0.2,0.6,0.6,0.2,0.9,1.067,0.0,0.0,0.067,0.4,0.5,0.667
2026,regular,519317,Giancarlo Stanton,NYY,24,1.0,0.8,0.6,2.2,1.8,1.267,0.2,0.2,0.133,1.0,1.6,1.267
2026,regular,641584,Jake Fraley,TBR,24,0.6,0.7,0.733,0.8,1.3,1.333,0.0,0.1,0.133,1.0,0.9,1.067
2026,regular,595879,Javier Báez,DET,24,0.4,0.7,0.667,1.0,1.1,1.2,0.2,0.1,0.133,0.6,0.5,0.6
2026,regular,665019,Kody Clemens,MIN,24,0.8,0.9,0.8,1.2,1.5,1.267,0.0,0.1,0.067,1.0,0.9,0.933
2026,regular,673357,Luis Robert Jr.,NYM,24,0.4,0.5,0.6,0.6,0.8,1.0,0.0,0.0,0.067,0.2,0.4,0.8
2026,regular,609280,Miguel Andujar,SDP,24,1.0,1.0,1.067,2.2,1.8,1.733,0.4,0.2,0.133,0.4,0.6,0.533
2026,regular,663993,Nathaniel Lowe,CIN,24,0.8,1.0,0.867,1.8,2.7,2.067,0.2,0.5,0.333,1.4,0.8,0.8
2026,regular,643376,Danny Jansen,TEX,23,0.4,0.5,0.533,1.4,1.2,1.0,0.2,0.1,0.067,1.2,1.2,1.2
2026,regular,686681,Michael Massey,KCR,23,0.2,0.6,0.6,0.2,0.8,1.067,0.0,0.0,0.067,1.4,1.0,0.867
2026,regular,694377,Nick Yorke,PIT,23,0.2,0.4,0.467,0.2,0.7,0.733,0.0,0.1,0.067,0.6,0.6,0.733
2026,regular,686780,Pedro Pagés,STL,23,0.8,1.0,0.933,1.0,1.7,1.533,0.0,0.2,0.133,1.8,1.3,0.933
2026,regular,680700,Richie Palacios,TBR,23,0.0,0.2,0.4,0.0,0.3,0.467,0.0,0.0,0.0,1.2,0.9,0.733
2026,regular,670764,Taylor Walls,TBR,23,0.6,0.5,0.4,0.8,0.7,0.533,0.0,0.0,0.0,0.6,0.7,1.067
2026,regular,457705,Andrew McCutchen,TEX,22,0.2,0.3,0.2,0.2,0.3,0.2,0.0,0.0,0.0,0.4,0.5,0.8
2026,regular,695257,Billy Cook,PIT,22,0.2,0.2,0.267,0.2,0.2,0.267,0.0,0.0,0.0,0.0,0.2,0.133
2026,regular,665966,Carlos Narváez,BOS,22,0.4,0.8,0.667,1.2,1.7,1.267,0.2,0.2,0.133,1.0,0.8,1.133
2026,regular,672016,Denzel Clarke,ATH,22,0.2,0.4,0.4,0.2,0.5,0.467,0.0,0.0,0.0,0.8,1.1,0.933
2026,regular,642201,Eli White,ATL,22,1.0,0.7,0.667,1.4,1.2,1.2,0.0,0.1,0.133,1.0,0.7,0.6
2026,regular,681715,Heriberto Hernández,MIA,22,0.6,0.5,0.467,0.6,0.5,0.467,0.0,0.0,0.0,0.2,0.7,0.6
2026,regular,663330,Jahmai Jones,DET,22,0.2,0.3,0.533,0.4,0.7,1.067,0.0,0.1,0.133,1.0,0.8,0.667
2026,regular,660688,Keibert Ruiz,WSN,22,0.6,0.6,0.533,1.0,0.9,0.8,0.0,0.0,0.0,0.4,0.5,0.4
2026,regular,668904,Royce Lewis,MIN,22,0.4,0.5,0.6,0.4,0.8,0.8,0.0,0.1,0.067,1.0,1.3,1.133
2026,regular,673548,Seiya Suzuki,CHC,22,1.2,1.4,1.2,2.0,2.7,2.467,0.2,0.4,0.4,1.0,1.0,1.0
2026,regular,642708,Amed Rosario,NYY,21,0.8,0.7,0.8,1.4,1.3,1.4,0.2,0.2,0.133,1.0,0.7,0.6
2026,regular,687231,Darell Hernaiz,ATH,21,1.0,0.7,0.6,1.0,1.0,0.8,0.0,0.1,0.067,0.6,0.3,0.4
2026,regular,622761,Jorge Mateo,ATL,21,1.0,0.6,0.667,1.8,1.0,0.933,0.2,0.1,0.067,1.0,0.9,0.867
2026,regular,807799,Masataka Yoshida,BOS,21,1.0,0.8,1.067,1.2,0.9,1.333,0.0,0.0,0.0,0.2,0.1,0.267
2026,regular,500743,Miguel Rojas,LAD,21,0.0,0.5,0.667,0.0,0.9,1.0,0.0,0.1,0.067,0.4,0.2,0.267
2026,regular,592206,Nick Castellanos,SDP,21,0.6,0.3,0.533,1.4,0.7,0.933,0.2,0.1,0.067,0.6,1.1,0.867
2026,regular,672761,Wenceel Pérez,DET,21,0.6,0.7,0.533,0.6,1.1,0.8,0.0,0.1,0.067,0.4,0.3,0.333
2026,regular,668939,Adley Rutschman,BAL,20,0.6,1.2,1.2,1.2,2.4,2.2,0.2,0.4,0.267,0.6,0.5,0.6
2026,regular,681807,David Fry,CLE,20,0.6,0.8,0.533,1.8,1.7,1.133,0.4,0.3,0.2,0.6,0.9,0.8
2026,regular,694388,Joey Loperfido,HOU,20,0.8,0.8,0.733,1.0,1.0,0.933,0.0,0.0,0.0,1.0,1.2,1.067
2026,regular,665742,Juan Soto,NYM,20,0.8,1.0,0.933,1.0,1.8,1.667,0.0,0.2,0.2,1.2,0.8,0.667
2026,regular,665804,Miguel Amaya,CHC,20,0.6,0.7,0.467,1.2,1.0,0.667,0.2,0.1,0.067,0.6,0.7,0.8
2026,regular,664770,Nathan Lukes,TOR,20,1.4,1.1,0.733,2.2,1.5,1.0,0.0,0.0,0.0,0.2,0.3,0.333
2026,regular,608701,Rob Refsnyder,SEA,20,0.6,0.5,0.4,1.2,0.8,0.8,0.2,0.1,0.133,0.6,0.6,0.533
2026,regular,671289,Tyler Freeman,COL,20,0.8,0.8,0.8,1.4,1.2,1.067,0.2,0.1,0.067,0.4,0.4,0.467
2026,regular,623168,Tyler Heineman,TOR,20,0.4,0.3,0.333,0.4,0.3,0.333,0.0,0.0,0.0,1.2,1.0,0.867
2026,regular,694671,Wyatt Langford,TEX,20,1.6,1.2,1.0,1.8,1.6,1.533,0.0,0.1,0.067,1.0,0.7,0.867
2026,regular,663368,Blake Perkins,MIL,19,0.0,0.1,0.267,0.0,0.2,0.4,0.0,0.0,0.0,0.4,0.4,0.8
2026,regular,664954,Brett Sullivan,COL,19,1.0,0.8,0.867,1.6,1.2,1.267,0.0,0.0,0.0,0.4,0.6,0.533
2026,regular,592663,J.T. Realmuto,PHI,19,0.6,0.9,0.933,0.6,1.0,1.267,0.0,0.0,0.067,0.2,0.6,0.467
2026,regular,668723,Ryan Vilade,TBR,19,0.8,0.7,0.8,1.4,1.1,1.133,0.2,0.1,0.067,0.6,0.3,0.333
2026,regular,664059,Sam Haggerty,TEX,19,0.4,0.3,0.2,0.4,0.3,0.2,0.0,0.0,0.0,0.6,0.6,0.6
2026,regular,694374,Tim Tawa,ARI,19,0.4,0.4,0.333,1.0,0.8,0.6,0.2,0.1,0.067,0.8,0.8,0.667
2026,regular,664034,Ty France,SDP,19,1.2,0.8,0.933,1.8,1.7,1.8,0.0,0.2,0.2,0.2,0.2,0.2
2026,regular,680728,Adrian Del Castillo,ARI,18,0.6,0.6,0.8,1.8,1.4,1.533,0.4,0.2,0.2,1.6,1.3,1.0
2026,regular,655316,Andruw Monasterio,BOS,18,0.4,0.6,0.667,0.4,1.1,1.067,0.0,0.1,0.067,0.4,0.5,0.533
2026,regular,678218,Brandon Valenzuela,TOR,18,1.0,0.7,0.6,2.2,1.3,1.2,0.4,0.2,0.2,0.4,0.7,0.8
2026,regular,680977,Brendan Donovan,SEA,18,1.0,0.7,0.867,1.2,1.1,1.4,0.0,0.1,0.133,0.4,0.6,0.6
2026,regular,667670,Brent Rooker,ATH,18,1.0,0.7,0.667,1.6,1.6,1.267,0.2,0.3,0.2,1.2,1.1,1.133
2026,regular,669369,Bryce Johnson,SDP,18,0.2,0.4,0.267,0.2,0.5,0.333,0.0,0.0,0.0,0.6,0.5,0.467
2026,regular,543877,Christian Vázquez,HOU,18,0.8,0.8,1.067,0.8,1.1,1.533,0.0,0.1,0.067,0.4,0.4,0.533
2026,regular,687551,Drew Gilbert,SFG,18,0.8,0.8,0.8,1.0,1.2,1.067,0.0,0.1,0.067,0.0,0.4,0.533
2026,regular,624641,Edmundo Sosa,PHI,18,0.8,0.8,0.867,0.8,0.9,1.267,0.0,0.0,0.067,0.4,0.7,0.467
2026,regular,677592,Everson Pereira,CHW,18,0.6,0.9,0.933,0.6,1.2,1.6,0.0,0.0,0.133,1.2,1.1,1.067
2026,regular,543807,George Springer,TOR,18,0.8,0.9,0.8,0.8,1.2,1.2,0.0,0.0,0.067,0.2,0.3,0.733
2026,regular,676439,Hunter Feduccia,TBR,18,0.6,0.6,0.533,0.8,0.7,0.6,0.0,0.0,0.0,0.4,0.6,0.733
2026,regular,624424,Michael Conforto,CHC,18,0.6,0.6,0.667,1.4,1.2,1.133,0.2,0.1,0.067,0.0,0.3,0.4
2026,regular,803011,Sam Antonacci,CHW,18,1.4,1.0,0.933,2.0,1.4,1.533,0.0,0.0,0.067,0.8,0.5,0.467
2026,regular,695336,Thomas Saggese,STL,18,0.0,0.2,0.467,0.0,0.2,0.6,0.0,0.0,0.0,1.0,1.0,1.0
2026,regular,656484,Tristan Gray,MIN,18,1.2,0.9,0.8,1.8,1.2,1.4,0.2,0.1,0.2,1.0,1.3,1.067
2026,regular,680869,Zack Gelof,ATH,18,1.0,0.8,0.667,1.6,1.4,1.133,0.2,0.2,0.133,0.6,0.5,0.467
2026,regular,596103,Austin Slater,NYM,17,0.6,0.5,0.467,0.8,0.6,0.533,0.0,0.0,0.0,0.4,0.4,0.6
2026,regular,687221,Dalton Rushing,LAD,17,0.4,0.7,1.0,0.4,1.3,2.333,0.0,0.2,0.4,0.8,0.9,0.933
2026,regular,687957,Dustin Harris,HOU,17,1.2,0.7,0.6,1.2,0.9,0.8,0.0,0.0,0.0,0.2,0.6,0.467
2026,regular,543510,James McCann,ARI,17,0.2,0.7,0.533,0.2,0.8,0.667,0.0,0.0,0.0,0.8,1.1,0.933
2026,regular,666464,Jerar Encarnacion,SFG,17,0.0,0.1,0.333,0.0,0.1,0.333,0.0,0.0,0.0,0.6,0.5,0.467
2026,regular,663698,Joey Bart,PIT,17,0.8,0.7,0.533,0.8,1.1,0.8,0.0,0.1,0.067,0.6,0.7,1.0
2026,regular,663697,Jonathan India,KCR,17,0.2,0.3,0.533,0.4,0.7,1.0,0.0,0.1,0.133,0.4,0.8,0.667
2026,regular,669134,Luis Campusano,SDP,17,1.2,0.9,1.0,3.0,1.8,2.067,0.4,0.2,0.2,1.2,0.9,0.8
2026,regular,545341,Randal Grichuk,CHW,17,0.8,0.6,0.4,1.2,1.0,0.667,0.0,0.0,0.0,0.4,0.5,0.667
2026,regular,643396,Isiah Kiner-Falefa,BOS,16,0.6,0.7,0.533,0.6,0.7,0.533,0.0,0.0,0.0,0.4,0.4,0.4
2026,regular,641598,Mitch Garver,SEA,16,0.4,0.6,0.533,0.4,0.7,0.6,0.0,0.0,0.0,0.8,0.8,1.0
2026,regular,665561,Rafael Marchán,PHI,16,0.2,0.3,0.2,0.2,0.3,0.2,0.0,0.0,0.0,0.4,0.8,0.733
2026,regular,669289,Santiago Espinal,LAD,16,0.0,0.3,0.333,0.0,0.4,0.467,0.0,0.0,0.0,0.4,0.2,0.2
2026,regular,641933,Tyler O'Neill,BAL,16,0.2,0.7,0.533,0.2,0.7,0.733,0.0,0.0,0.067,1.0,0.8,0.8
2026,regular,687093,Vaughn Grissom,LAA,16,0.4,1.0,0.933,1.0,1.7,1.4,0.2,0.1,0.067,0.4,0.2,0.267
2026,regular,592885,Christian Yelich,MIL,15,0.2,1.0,1.067,0.2,1.4,1.533,0.0,0.0,0.067,0.6,0.9,0.933
2026,regular,672515,Gabriel Moreno,ARI,15,0.6,0.7,0.8,1.6,1.3,1.333,0.2,0.1,0.067,1.4,0.9,0.8
2026,regular,664056,Harrison Bader,SFG,15,0.4,0.3,0.4,0.4,0.3,0.667,0.0,0.0,0.067,1.0,1.1,1.133
2026,regular,682877,Juan Brito,CLE,15,0.6,0.4,0.6,1.0,0.6,0.867,0.0,0.0,0.0,1.4,1.3,1.133
2026,regular,543309,Kyle Higashioka,TEX,15,0.6,0.5,0.667,0.8,0.6,0.933,0.0,0.0,0.067,1.2,1.1,1.0
2026,regular,620443,Luis Torrens,NYM,15,0.2,0.3,0.467,0.4,0.5,0.667,0.0,0.0,0.0,0.6,0.6,0.533
2026,regular,669004,MJ Melendez,NYM,15,0.6,0.6,0.733,1.2,1.0,1.333,0.2,0.1,0.133,0.6,0.7,1.0
2026,regular,669743,Alex Call,LAD,14,0.6,0.6,0.714,0.6,0.6,0.857,0.0,0.0,0.0,0.2,0.4,0.286
2026,regular,595978,Austin Hedges,CLE,14,1.0,0.7,0.929,2.0,1.2,1.429,0.2,0.1,0.071,0.4,0.7,0.714
2026,regular,657136,Connor Wong,BOS,14,0.4,0.5,0.714,0.6,0.7,1.071,0.0,0.0,0.0,0.4,0.4,0.5
2026,regular,593871,Jorge Polanco,NYM,14,0.4,0.7,0.714,1.0,1.2,1.143,0.2,0.1,0.071,1.0,0.9,0.786
2026,regular,665877,José Fermín,STL,14,0.8,0.7,0.643,1.0,1.2,1.0,0.0,0.1,0.071,0.6,0.5,0.571
2026,regular,669397,Nick Allen,HOU,14,0.4,0.5,0.357,0.6,0.6,0.429,0.0,0.0,0.0,0.4,0.4,0.357
2026,regular,656716,Zach McKinstry,DET,14,0.6,0.7,0.643,0.8,1.2,1.0,0.0,0.1,0.071,0.4,0.7,0.714
2026,regular,642851,Austin Wynns,ATH,13,0.2,0.2,0.231,0.2,0.2,0.231,0.0,0.0,0.0,0.8,0.7,0.538
2026,regular,664238,Dylan Moore,PHI,13,0.0,0.0,0.0,0.0,0.0,0.0,0.0,0.0,0.0,0.2,0.5,0.462
2026,regular,671655,George Valera,CLE,13,0.4,0.4,0.615,0.6,0.5,0.846,0.0,0.0,0.0,1.0,0.6,0.615
2026,regular,701678,Hao-Yu  Lee,DET,13,0.4,0.5,0.538,0.4,0.9,0.923,0.0,0.1,0.077,1.0,0.9,1.0
2026,regular,669065,Kyle Stowers,MIA,13,0.8,0.9,0.923,0.8,1.1,1.154,0.0,0.0,0.0,1.4,1.1,1.0
2026,regular,502671,Paul Goldschmidt,NYY,13,0.8,0.5,0.538,1.2,0.8,1.077,0.0,0.0,0.077,0.6,0.7,0.692
2026,regular,516782,Starling Marte,KCR,13,1.0,0.8,0.769,1.2,1.0,1.0,0.0,0.0,0.0,0.6,0.5,0.769
2026,regular,695020,Tanner Murray,CHW,13,0.2,0.6,0.462,0.2,0.9,0.692,0.0,0.1,0.077,0.8,0.5,0.538
2026,regular,518595,Travis d'Arnaud,LAA,13,0.4,0.5,0.462,0.4,0.5,0.538,0.0,0.0,0.0,0.4,0.3,0.538
2026,regular,628451,Andy Ibáñez,NYM,12,0.0,0.2,0.167,0.0,0.2,0.167,0.0,0.0,0.0,0.2,0.1,0.25
2026,regular,669720,Austin Hays,CHW,12,1.0,0.8,0.833,1.0,1.1,1.167,0.0,0.1,0.083,0.2,1.1,1.083
2026,regular,650391,Eloy Jiménez,TOR,12,0.2,0.7,0.75,0.2,0.7,0.75,0.0,0.0,0.0,0.6,0.5,0.583
2026,regular,676694,Jake Meyers,HOU,12,1.0,0.7,0.75,1.8,1.1,1.167,0.2,0.1,0.083,0.4,0.6,0.667
2026,regular,641680,Jonah Heim,ATL,12,0.8,0.9,0.75,1.8,1.6,1.333,0.2,0.1,0.083,0.0,0.3,0.417
2026,regular,679845,Nick Loftin,KCR,12,1.0,0.8,0.75,1.2,1.0,1.0,0.0,0.0,0.0,0.2,0.3,0.25
2026,regular,678009,Parker Meadows,DET,12,0.8,0.8,0.75,0.8,1.1,1.0,0.0,0.0,0.0,1.0,0.8,0.833
2026,regular,677956,Rece Hinds,CIN,12,0.2,0.4,0.333,0.4,0.7,0.583,0.0,0.0,0.0,1.4,1.4,1.5
2026,regular,691740,Daniel Susac,SFG,11,0.8,1.1,1.0,1.2,1.5,1.364,0.0,0.0,0.0,0.4,0.3,0.273
2026,regular,675659,Greg Jones,MIL,11,0.0,0.1,0.182,0.0,0.1,0.182,0.0,0.0,0.0,1.2,0.9,0.818
2026,regular,665052,Griffin Conine,MIA,11,0.4,0.6,0.545,1.0,1.3,1.182,0.2,0.2,0.182,0.6,0.6,0.545
2026,regular,641555,J.C. Escarra,NYY,11,1.2,0.7,0.636,2.2,1.2,1.091,0.0,0.0,0.0,0.8,0.9,0.909
2026,regular,668670,Jake Rogers,DET,11,0.8,0.6,0.545,1.2,1.0,0.909,0.0,0.0,0.0,0.8,0.9,0.909
2026,regular,676724,Jared Young,NYM,11,1.0,0.7,0.636,1.2,0.9,0.818,0.0,0.0,0.0,0.2,0.3,0.273
2026,regular,666971,Lourdes Gurriel Jr.,ARI,11,1.4,1.0,0.909,1.6,1.2,1.091,0.0,0.0,0.0,1.2,0.7,0.727
2026,regular,682622,Noelvi Marte,CIN,11,0.6,0.4,0.364,0.6,0.4,0.364,0.0,0.0,0.0,0.8,0.8,0.909
2026,regular,624512,Reese McGuire,CHW,11,0.8,0.5,0.455,0.8,0.5,0.455,0.0,0.0,0.0,0.8,0.8,0.818
2026,regular,672356,Gabriel Arias,CLE,10,1.0,0.6,0.6,2.4,1.3,1.3,0.4,0.2,0.2,1.0,1.2,1.2
2026,regular,665161,Jeremy Peña,HOU,10,1.0,1.1,1.1,1.2,1.5,1.5,0.0,0.0,0.0,0.4,0.6,0.6
2026,regular,805249,Otto Kemp,PHI,10,0.2,0.2,0.2,0.2,0.2,0.2,0.0,0.0,0.0,0.6,0.9,0.9
2026,regular,677595,Ronny Mauricio,NYM,10,0.6,0.7,0.7,1.2,1.0,1.0,0.2,0.1,0.1,1.4,1.2,1.2
2026,regular,694376,Shay Whitcomb,HOU,10,0.0,0.1,0.1,0.0,0.4,0.4,0.0,0.1,0.1,0.6,0.8,0.8
2026,regular,666211,Taylor Trammell,HOU,10,1.2,1.0,1.0,1.6,1.3,1.3,0.0,0.0,0.0,0.6,0.9,0.9
2026,regular,696030,Alejandro Osuna,TEX,9,0.2,0.444,0.444,0.4,0.556,0.556,0.0,0.0,0.0,1.0,0.556,0.556
2026,regular,692216,CJ Kayfus,CLE,9,0.8,0.444,0.444,1.6,0.889,0.889,0.2,0.111,0.111,0.4,0.889,0.889
2026,regular,656582,Connor Joe,SEA,9,0.4,0.444,0.444,1.2,0.889,0.889,0.2,0.111,0.111,0.6,0.667,0.667
2026,regular,677870,Leo Jiménez,MIA,9,0.2,0.333,0.333,0.2,0.333,0.333,0.0,0.0,0.0,0.6,0.333,0.333
2026,regular,682641,Luis Matos,MIL,9,0.6,0.444,0.444,0.6,0.444,0.444,0.0,0.0,0.0,0.2,0.778,0.778
2026,regular,502054,Tommy Pham,NYM,9,0.0,0.0,0.0,0.0,0.0,0.0,0.0,0.0,0.0,0.6,0.778,0.778
2026,regular,650968,Yohel Pozo,STL,9,0.2,0.222,0.222,0.4,0.333,0.333,0.0,0.0,0.0,0.0,0.0,0.0
2026,regular,680718,Addison Barger,TOR,8,0.2,0.125,0.125,0.4,0.25,0.25,0.0,0.0,0.0,0.6,0.75,0.75
2026,regular,467793,Carlos Santana,ARI,8,0.2,0.25,0.25,0.2,0.375,0.375,0.0,0.0,0.0,1.0,1.0,1.0
2026,regular,669288,Daniel Johnson,HOU,8,0.2,0.25,0.25,0.2,0.25,0.25,0.0,0.0,0.0,0.4,0.375,0.375
2026,regular,665923,Esteury Ruiz,MIA,8,0.8,0.5,0.5,2.2,1.375,1.375,0.4,0.25,0.25,1.2,0.75,0.75
2026,regular,694025,Felix Reyes,PHI,8,0.2,0.5,0.5,0.4,1.0,1.0,0.0,0.125,0.125,1.0,0.875,0.875
2026,regular,571657,Kyle Farmer,ATL,8,0.6,0.5,0.5,0.8,0.625,0.625,0.0,0.0,0.0,0.4,0.25,0.25
2026,regular,605141,Mookie Betts,LAD,8,0.6,0.625,0.625,1.4,1.5,1.5,0.2,0.25,0.25,0.6,0.5,0.5
2026,regular,663624,Ryan Mountcastle,BAL,8,0.6,0.5,0.5,0.8,0.625,0.625,0.0,0.0,0.0,0.2,0.25,0.25
2026,regular,664068,Scott Kingery,CHC,8,0.2,0.125,0.125,0.2,0.125,0.125,0.0,0.0,0.0,0.0,0.0,0.0
2026,regular,642215,Weston Wilson,BAL,8,0.6,0.625,0.625,0.6,0.75,0.75,0.0,0.0,0.0,0.8,0.75,0.75
2026,regular,700246,Carson Williams,TBR,7,0.2,0.429,0.429,0.4,0.571,0.571,0.0,0.0,0.0,1.4,1.286,1.286
2026,regular,666931,Jared Oliva,SFG,7,0.2,0.143,0.143,0.2,0.143,0.143,0.0,0.0,0.0,0.2,0.143,0.143
2026,regular,669707,Jared Triolo,PIT,7,0.6,0.714,0.714,0.6,0.857,0.857,0.0,0.0,0.0,0.8,0.714,0.714
2026,regular,600869,Jeimer Candelario,LAA,7,0.2,0.286,0.286,0.4,0.571,0.571,0.0,0.0,0.0,1.2,1.143,1.143
2026,regular,668709,JJ Bleday,CIN,7,0.8,0.857,0.857,2.2,2.286,2.286,0.4,0.429,0.429,0.6,0.571,0.571
2026,regular,672012,Tyler Black,MIL,7,1.4,1.286,1.286,2.0,1.857,1.857,0.0,0.0,0.0,0.4,0.714,0.714
2026,regular,686475,Tyler Tolbert,KCR,7,0.2,0.143,0.143,0.2,0.143,0.143,0.0,0.0,0.0,0.0,0.143,0.143
2026,regular,669699,Braden Shewmake,HOU,6,0.2,0.333,0.333,0.2,0.833,0.833,0.0,0.167,0.167,0.6,0.5,0.5
2026,regular,683766,Christian Koss,SFG,6,0.2,0.167,0.167,0.4,0.333,0.333,0.0,0.0,0.0,0.2,0.167,0.167
2026,regular,687515,Colby Thomas,ATH,6,0.6,0.667,0.667,1.2,1.167,1.167,0.2,0.167,0.167,0.4,0.833,0.833
2026,regular,691011,Drew Romo,CHW,6,0.6,0.5,0.5,2.4,2.0,2.0,0.6,0.5,0.5,0.6,0.5,0.5
2026,regular,596117,Garrett Stubbs,PHI,6,0.8,0.667,0.667,0.8,0.667,0.667,0.0,0.0,0.0,0.4,0.333,0.333
2026,regular,691176,Jasson Domínguez,NYY,6,1.0,1.0,1.0,2.0,1.833,1.833,0.2,0.167,0.167,0.4,0.5,0.5
2026,regular,691783,Jordan Lawlar,ARI,6,1.0,1.0,1.0,1.6,1.667,1.667,0.2,0.167,0.167,1.0,1.0,1.0
2026,regular,624431,Jose Trevino,CIN,6,0.6,0.5,0.5,0.8,0.667,0.667,0.0,0.0,0.0,0.4,0.667,0.667
2026,regular,690022,Ryan Ritter,COL,6,0.2,0.167,0.167,0.2,0.167,0.167,0.0,0.0,0.0,0.4,0.5,0.5
2026,regular,665861,Sebastián Rivero,LAA,6,0.6,0.5,0.5,0.6,0.5,0.5,0.0,0.0,0.0,0.2,0.167,0.167
2026,regular,683953,Travis Bazzana,CLE,6,0.8,0.667,0.667,0.8,0.667,0.667,0.0,0.0,0.0,0.6,0.667,0.667
2026,regular,672386,Alejandro Kirk,TOR,5,0.6,0.6,0.6,1.4,1.4,1.4,0.2,0.2,0.2,0.4,0.4,0.4
2026,regular,666624,Christopher Morel,MIA,5,0.8,0.8,0.8,0.8,0.8,0.8,0.0,0.0,0.0,1.2,1.2,1.2
2026,regular,671286,Johnathan Rodríguez,BAL,5,0.0,0.0,0.0,0.0,0.0,0.0,0.0,0.0,0.0,0.8,0.8,0.8
2026,regular,664731,P.J. Higgins,CIN,5,0.4,0.4,0.4,0.4,0.4,0.4,0.0,0.0,0.0,0.8,0.8,0.8
2026,regular,668952,Ryan Kreidler,MIN,5,0.6,0.6,0.6,2.0,2.0,2.0,0.4,0.4,0.4,0.6,0.6,0.6
2026,regular,645302,Victor Robles,SEA,5,0.6,0.6,0.6,0.8,0.8,0.8,0.0,0.0,0.0,0.6,0.6,0.6
2026,regular,686823,Will Brennan,SFG,5,0.0,0.0,0.0,0.0,0.0,0.0,0.0,0.0,0.0,0.4,0.4,0.4
2026,regular,665953,Andrés Chaparro,WSN,4,0.5,0.5,0.5,0.75,0.75,0.75,0.0,0.0,0.0,0.5,0.5,0.5
2026,regular,553869,Elias Díaz,KCR,4,1.0,1.0,1.0,2.25,2.25,2.25,0.25,0.25,0.25,0.25,0.25,0.25
2026,regular,606992,Eric Haase,SFG,4,0.75,0.75,0.75,1.25,1.25,1.25,0.0,0.0,0.0,0.5,0.5,0.5
2026,regular,672284,Jarred Kelenic,CHW,4,1.0,1.0,1.0,1.0,1.0,1.0,0.0,0.0,0.0,0.25,0.25,0.25
2026,regular,682818,Yohendrick Pinango,TOR,4,1.25,1.25,1.25,1.25,1.25,1.25,0.0,0.0,0.0,0.0,0.0,0.0
2026,regular,605244,Aramis Garcia,ARI,3,0.333,0.333,0.333,0.333,0.333,0.333,0.0,0.0,0.0,0.333,0.333,0.333
2026,regular,690924,Braxton Fulford,COL,3,0.667,0.667,0.667,1.667,1.667,1.667,0.333,0.333,0.333,0.667,0.667,0.667
2026,regular,691277,Deyvison De Los Santos,MIA,3,0.667,0.667,0.667,1.0,1.0,1.0,0.0,0.0,0.0,1.0,1.0,1.0
2026,regular,666185,Dylan Carlson,CHC,3,0.0,0.0,0.0,0.0,0.0,0.0,0.0,0.0,0.0,0.667,0.667,0.667
2026,regular,663609,Luken Baker,ARI,3,0.333,0.333,0.333,0.333,0.333,0.333,0.0,0.0,0.0,1.0,1.0,1.0
2026,regular,680474,Max Schuemann,NYY,3,0.0,0.0,0.0,0.0,0.0,0.0,0.0,0.0,0.0,0.0,0.0,0.0
2026,regular,669087,Sam Huff,BAL,3,0.667,0.667,0.667,1.0,1.0,1.0,0.0,0.0,0.0,1.667,1.667,1.667
2026,regular,682818,Yohendrick Piñango,TOR,3,1.333,1.333,1.333,1.667,1.667,1.667,0.0,0.0,0.0,0.333,0.333,0.333
2026,regular,683734,Andrew Vaughn,MIL,2,0.5,0.5,0.5,0.5,0.5,0.5,0.0,0.0,0.0,0.5,0.5,0.5
2026,regular,547973,Aroldis Chapman,BOS,2,0.0,0.0,0.0,0.0,0.0,0.0,0.0,0.0,0.0,0.0,0.0,0.0
2026,regular,690291,Jace Jung,DET,2,0.5,0.5,0.5,0.5,0.5,0.5,0.0,0.0,0.0,0.5,0.5,0.5
2026,regular,640492,José Azocar,ATL,2,0.0,0.0,0.0,0.0,0.0,0.0,0.0,0.0,0.0,0.5,0.5,0.5
2026,regular,663897,Luke Williams,ATL,2,0.0,0.0,0.0,0.0,0.0,0.0,0.0,0.0,0.0,0.0,0.0,0.0
2026,regular,670032,Nicky Lopez,CHC,2,0.0,0.0,0.0,0.0,0.0,0.0,0.0,0.0,0.0,1.0,1.0,1.0
2026,regular,656976,Pavin Smith,ARI,2,0.5,0.5,0.5,0.5,0.5,0.5,0.0,0.0,0.0,1.0,1.0,1.0
2026,regular,690984,Petey Halpin,CLE,2,0.0,0.0,0.0,0.0,0.0,0.0,0.0,0.0,0.0,0.5,0.5,0.5
2026,regular,663158,Robert Suarez,ATL,2,0.0,0.0,0.0,0.0,0.0,0.0,0.0,0.0,0.0,0.0,0.0,0.0
2026,regular,669899,Ryan Ward,LAD,2,1.0,1.0,1.0,1.0,1.0,1.0,0.0,0.0,0.0,0.5,0.5,0.5
2026,regular,656730,Trevor Megill,MIL,2,0.0,0.0,0.0,0.0,0.0,0.0,0.0,0.0,0.0,0.0,0.0,0.0
2026,regular,669717,Will Wilson,SEA,2,0.5,0.5,0.5,2.0,2.0,2.0,0.5,0.5,0.5,0.5,0.5,0.5
2026,regular,670097,Zack Short,DET,2,0.0,0.0,0.0,0.0,0.0,0.0,0.0,0.0,0.0,0.5,0.5,0.5
2026,regular,694362,Blake Dunn,CIN,1,0.0,0.0,0.0,0.0,0.0,0.0,0.0,0.0,0.0,0.0,0.0,0.0
2026,regular,695418,Brad Lord,WSN,1,0.0,0.0,0.0,0.0,0.0,0.0,0.0,0.0,0.0,0.0,0.0,0.0
2026,regular,695391,Brett Harris,ATH,1,0.0,0.0,0.0,0.0,0.0,0.0,0.0,0.0,0.0,1.0,1.0,1.0
2026,regular,805811,Bryce Eldridge,SFG,1,0.0,0.0,0.0,0.0,0.0,0.0,0.0,0.0,0.0,1.0,1.0,1.0
2026,regular,573204,Caleb Thielbar,CHC,1,0.0,0.0,0.0,0.0,0.0,0.0,0.0,0.0,0.0,0.0,0.0,0.0
2026,regular,608032,Carlos Estévez,KCR,1,0.0,0.0,0.0,0.0,0.0,0.0,0.0,0.0,0.0,0.0,0.0,0.0
2026,regular,642207,Devin Williams,NYM,1,0.0,0.0,0.0,0.0,0.0,0.0,0.0,0.0,0.0,0.0,0.0,0.0
2026,regular,642100,Gabe Speier,SEA,1,0.0,0.0,0.0,0.0,0.0,0.0,0.0,0.0,0.0,0.0,0.0,0.0
2026,regular,676477,Garrett Whitlock,BOS,1,0.0,0.0,0.0,0.0,0.0,0.0,0.0,0.0,0.0,0.0,0.0,0.0
2026,regular,666277,George Soriano,STL,1,0.0,0.0,0.0,0.0,0.0,0.0,0.0,0.0,0.0,0.0,0.0,0.0
2026,regular,669372,J.T. Ginn,ATH,1,0.0,0.0,0.0,0.0,0.0,0.0,0.0,0.0,0.0,0.0,0.0,0.0
2026,regular,678022,Jack Perkins,ATH,1,0.0,0.0,0.0,0.0,0.0,0.0,0.0,0.0,0.0,0.0,0.0,0.0
2026,regular,694192,Jackson Chourio,MIL,1,4.0,4.0,4.0,6.0,6.0,6.0,0.0,0.0,0.0,0.0,0.0,0.0
2026,regular,691620,Jeferson Quero,MIL,1,0.0,0.0,0.0,0.0,0.0,0.0,0.0,0.0,0.0,0.0,0.0,0.0
2026,regular,683679,Jesus Rodriguez,SFG,1,0.0,0.0,0.0,0.0,0.0,0.0,0.0,0.0,0.0,0.0,0.0,0.0
2026,regular,640902,Jhonny Pereda,SEA,1,0.0,0.0,0.0,0.0,0.0,0.0,0.0,0.0,0.0,1.0,1.0,1.0
2026,regular,691788,Joe Mack,MIA,1,0.0,0.0,0.0,0.0,0.0,0.0,0.0,0.0,0.0,1.0,1.0,1.0
2026,regular,607536,Kyle Freeland,COL,1,0.0,0.0,0.0,0.0,0.0,0.0,0.0,0.0,0.0,0.0,0.0,0.0
2026,regular,596133,Luke Weaver,NYM,1,0.0,0.0,0.0,0.0,0.0,0.0,0.0,0.0,0.0,0.0,0.0,0.0
2026,regular,621550,Patrick Wisdom,SEA,1,0.0,0.0,0.0,0.0,0.0,0.0,0.0,0.0,0.0,1.0,1.0,1.0
2026,regular,621112,Paul Blackburn,NYY,1,0.0,0.0,0.0,0.0,0.0,0.0,0.0,0.0,0.0,0.0,0.0,0.0
2026,regular,628452,Raisel Iglesias,ATL,1,0.0,0.0,0.0,0.0,0.0,0.0,0.0,0.0,0.0,0.0,0.0,0.0
2026,regular,625643,Reynaldo López,ATL,1,0.0,0.0,0.0,0.0,0.0,0.0,0.0,0.0,0.0,0.0,0.0,0.0
2026,regular,669208,Ryan Bliss,SEA,1,0.0,0.0,0.0,0.0,0.0,0.0,0.0,0.0,0.0,2.0,2.0,2.0
2026,regular,669221,Sean Murphy,ATL,1,0.0,0.0,0.0,0.0,0.0,0.0,0.0,0.0,0.0,2.0,2.0,2.0
2026,regular,823550,Sung-Mun Song,SDP,1,0.0,0.0,0.0,0.0,0.0,0.0,0.0,0.0,0.0,0.0,0.0,0.0
2026,regular,680767,Victor Vodnik,COL,1,0.0,0.0,0.0,0.0,0.0,0.0,0.0,0.0,0.0,0.0,0.0,0.0
2026,regular,805904,Zach Cole,HOU,1,1.0,1.0,1.0,4.0,4.0,4.0,1.0,1.0,1.0,2.0,2.0,2.0
