season,seasonPhase,playerId,player,team,games,pa,ab,runs,hits,doubles,triples,homeRuns,rbi,walks,strikeouts,stolenBases,totalBases,avg,obp_est,slg,ops_est,hitsPerGame,totalBasesPerGame,homeRunsPerGame,runsPerGame,rbiPerGame,strikeoutsPerGame,walksPerGame,kRate,bbRate,babip,avgHome,avgAway
2026,regular,663586,Austin Riley,ATL,38,159.0,143.0,19.0,29.0,6.0,0.0,5.0,22.0,13.0,43.0,3.0,50.0,0.203,0.269,0.35,0.619,0.763,1.316,0.132,0.5,0.579,1.132,0.342,27.04,8.18,0.253,0.191,0.213
2026,regular,572233,Christian Walker,HOU,38,155.0,137.0,24.0,42.0,9.0,0.0,9.0,27.0,15.0,29.0,0.0,78.0,0.307,0.375,0.569,0.944,1.105,2.053,0.237,0.632,0.711,0.763,0.395,18.71,9.68,0.333,0.284,0.329
2026,regular,702284,Cole Young,SEA,38,149.0,134.0,20.0,36.0,6.0,1.0,3.0,20.0,12.0,36.0,2.0,53.0,0.269,0.329,0.396,0.725,0.947,1.395,0.079,0.526,0.526,0.947,0.316,24.16,8.05,0.347,0.25,0.296
2026,regular,686948,Drake Baldwin,ATL,38,174.0,155.0,33.0,47.0,5.0,0.0,9.0,30.0,16.0,35.0,1.0,79.0,0.303,0.368,0.51,0.878,1.237,2.079,0.237,0.868,0.789,0.921,0.421,20.11,9.2,0.342,0.3,0.306
2026,regular,666176,Jo Adell,LAA,38,161.0,151.0,14.0,39.0,2.0,0.0,4.0,21.0,4.0,36.0,2.0,53.0,0.258,0.277,0.351,0.628,1.026,1.395,0.105,0.368,0.553,0.947,0.105,22.36,2.48,0.315,0.254,0.262
2026,regular,608070,José Ramírez,CLE,38,165.0,139.0,22.0,29.0,8.0,0.0,6.0,14.0,26.0,22.0,14.0,55.0,0.209,0.333,0.396,0.729,0.763,1.447,0.158,0.579,0.368,0.579,0.684,13.33,15.76,0.207,0.241,0.188
2026,regular,677594,Julio Rodríguez,SEA,38,165.0,150.0,18.0,39.0,7.0,0.0,5.0,17.0,13.0,38.0,3.0,61.0,0.26,0.319,0.407,0.726,1.026,1.605,0.132,0.474,0.447,1.0,0.342,23.03,7.88,0.318,0.278,0.233
2026,regular,621566,Matt Olson,ATL,38,170.0,146.0,35.0,44.0,15.0,0.0,13.0,33.0,22.0,39.0,0.0,98.0,0.301,0.393,0.671,1.064,1.158,2.579,0.342,0.921,0.868,1.026,0.579,22.94,12.94,0.33,0.314,0.289
2026,regular,645277,Ozzie Albies,ATL,38,163.0,146.0,29.0,47.0,8.0,0.0,8.0,23.0,13.0,20.0,0.0,79.0,0.322,0.377,0.541,0.918,1.237,2.079,0.211,0.763,0.605,0.526,0.342,12.27,7.98,0.331,0.343,0.304
2026,regular,668227,Randy Arozarena,SEA,38,158.0,136.0,24.0,36.0,9.0,1.0,3.0,12.0,17.0,37.0,8.0,56.0,0.265,0.346,0.412,0.758,0.947,1.474,0.079,0.632,0.316,0.974,0.447,23.42,10.76,0.344,0.238,0.308
2026,regular,682985,Riley Greene,DET,38,157.0,135.0,24.0,40.0,10.0,0.0,4.0,19.0,22.0,44.0,1.0,62.0,0.296,0.395,0.459,0.854,1.053,1.632,0.105,0.632,0.5,1.158,0.579,28.03,14.01,0.414,0.387,0.219
2026,regular,670541,Yordan Alvarez,HOU,38,168.0,141.0,26.0,45.0,9.0,0.0,12.0,27.0,22.0,21.0,1.0,90.0,0.319,0.411,0.638,1.049,1.184,2.368,0.316,0.684,0.711,0.553,0.579,12.5,13.1,0.306,0.377,0.264
2026,regular,687263,Zach Neto,LAA,38,176.0,149.0,26.0,33.0,8.0,1.0,6.0,18.0,24.0,55.0,7.0,61.0,0.221,0.329,0.409,0.738,0.868,1.605,0.158,0.684,0.474,1.447,0.632,31.25,13.64,0.307,0.209,0.232
2026,regular,592450,Aaron Judge,NYY,37,163.0,132.0,34.0,36.0,6.0,0.0,15.0,28.0,28.0,46.0,5.0,87.0,0.273,0.4,0.659,1.059,0.973,2.351,0.405,0.919,0.757,1.243,0.757,28.22,17.18,0.296,0.319,0.222
2026,regular,608324,Alex Bregman,CHC,37,170.0,147.0,14.0,36.0,5.0,1.0,3.0,13.0,21.0,26.0,1.0,52.0,0.245,0.339,0.354,0.693,0.973,1.405,0.081,0.378,0.351,0.703,0.568,15.29,12.35,0.28,0.244,0.246
2026,regular,681624,Andy Pages,LAD,37,149.0,137.0,22.0,46.0,8.0,0.0,8.0,33.0,9.0,32.0,6.0,78.0,0.336,0.377,0.569,0.946,1.243,2.108,0.216,0.595,0.892,0.865,0.243,21.48,6.04,0.392,0.359,0.315
2026,regular,677951,Bobby Witt Jr.,KCR,37,166.0,147.0,16.0,41.0,10.0,1.0,3.0,16.0,17.0,31.0,12.0,62.0,0.279,0.354,0.422,0.776,1.108,1.676,0.081,0.432,0.432,0.838,0.459,18.67,10.24,0.336,0.263,0.296
2026,regular,668804,Bryan Reynolds,PIT,37,164.0,131.0,26.0,34.0,5.0,2.0,4.0,22.0,30.0,44.0,2.0,55.0,0.26,0.398,0.42,0.818,0.919,1.486,0.108,0.703,0.595,1.189,0.811,26.83,18.29,0.361,0.297,0.224
2026,regular,547180,Bryce Harper,PHI,37,158.0,137.0,23.0,38.0,9.0,1.0,9.0,23.0,20.0,25.0,2.0,76.0,0.277,0.369,0.555,0.924,1.027,2.054,0.243,0.622,0.622,0.676,0.541,15.82,12.66,0.282,0.267,0.29
2026,regular,701358,Cam Smith,HOU,37,147.0,128.0,17.0,28.0,6.0,0.0,4.0,17.0,14.0,41.0,4.0,46.0,0.219,0.296,0.359,0.655,0.757,1.243,0.108,0.459,0.459,1.108,0.378,27.89,9.52,0.289,0.133,0.294
2026,regular,695657,Colson Montgomery,CHW,37,154.0,132.0,16.0,30.0,7.0,0.0,9.0,23.0,15.0,44.0,1.0,64.0,0.227,0.306,0.485,0.791,0.811,1.73,0.243,0.432,0.622,1.189,0.405,28.57,9.74,0.266,0.18,0.256
2026,regular,682829,Elly De La Cruz,CIN,37,164.0,146.0,27.0,39.0,6.0,0.0,10.0,28.0,17.0,47.0,8.0,75.0,0.267,0.344,0.514,0.858,1.054,2.027,0.27,0.73,0.757,1.27,0.459,28.66,10.37,0.326,0.304,0.234
2026,regular,678662,Ezequiel Tovar,COL,37,139.0,129.0,9.0,24.0,8.0,0.0,1.0,9.0,7.0,39.0,2.0,35.0,0.186,0.228,0.271,0.499,0.649,0.946,0.027,0.243,0.243,1.054,0.189,28.06,5.04,0.258,0.13,0.227
2026,regular,695578,James Wood,WSN,37,176.0,142.0,32.0,34.0,8.0,0.0,10.0,27.0,32.0,58.0,7.0,72.0,0.239,0.379,0.507,0.886,0.919,1.946,0.27,0.865,0.73,1.568,0.865,32.95,18.18,0.324,0.279,0.203
2026,regular,808982,Jung Hoo Lee,SFG,37,145.0,133.0,15.0,35.0,8.0,1.0,2.0,12.0,10.0,18.0,0.0,51.0,0.263,0.315,0.383,0.698,0.946,1.378,0.054,0.405,0.324,0.486,0.27,12.41,6.9,0.292,0.25,0.275
2026,regular,656941,Kyle Schwarber,PHI,37,165.0,135.0,23.0,28.0,7.0,1.0,11.0,20.0,26.0,52.0,0.0,70.0,0.207,0.335,0.519,0.854,0.757,1.892,0.297,0.622,0.541,1.405,0.703,31.52,15.76,0.236,0.26,0.145
2026,regular,680574,Matt McLain,CIN,37,151.0,130.0,15.0,26.0,6.0,0.0,3.0,10.0,18.0,37.0,5.0,41.0,0.2,0.297,0.315,0.612,0.703,1.108,0.081,0.405,0.27,1.0,0.486,24.5,11.92,0.256,0.164,0.232
2026,regular,545361,Mike Trout,LAA,37,170.0,131.0,32.0,34.0,5.0,0.0,11.0,23.0,36.0,40.0,5.0,72.0,0.26,0.419,0.55,0.969,0.919,1.946,0.297,0.865,0.622,1.081,0.973,23.53,21.18,0.287,0.217,0.296
2026,regular,808959,Munetaka Murakami,CHW,37,160.0,131.0,26.0,31.0,1.0,0.0,14.0,28.0,28.0,55.0,0.0,74.0,0.237,0.371,0.565,0.936,0.838,2.0,0.378,0.703,0.757,1.486,0.757,34.38,17.5,0.274,0.18,0.272
2026,regular,624413,Pete Alonso,BAL,37,160.0,138.0,26.0,31.0,10.0,0.0,7.0,20.0,21.0,39.0,1.0,62.0,0.225,0.327,0.449,0.776,0.838,1.676,0.189,0.703,0.541,1.054,0.568,24.38,13.12,0.261,0.222,0.227
2026,regular,691718,Pete Crow-Armstrong,CHC,37,152.0,138.0,23.0,34.0,4.0,2.0,4.0,15.0,10.0,41.0,7.0,54.0,0.246,0.297,0.391,0.688,0.919,1.459,0.108,0.622,0.405,1.108,0.27,26.97,6.58,0.323,0.237,0.259
2026,regular,646240,Rafael Devers,SFG,37,151.0,140.0,10.0,31.0,6.0,0.0,3.0,15.0,9.0,45.0,0.0,46.0,0.221,0.268,0.329,0.597,0.838,1.243,0.081,0.27,0.405,1.216,0.243,29.8,5.96,0.304,0.225,0.217
2026,regular,701398,Sal Stewart,CIN,37,160.0,139.0,20.0,34.0,6.0,0.0,9.0,29.0,19.0,29.0,7.0,67.0,0.245,0.335,0.482,0.817,0.919,1.811,0.243,0.541,0.784,0.784,0.514,18.12,11.88,0.248,0.281,0.213
2026,regular,679529,Spencer Torkelson,DET,37,144.0,121.0,13.0,25.0,6.0,0.0,6.0,14.0,22.0,45.0,0.0,49.0,0.207,0.329,0.405,0.734,0.676,1.324,0.162,0.351,0.378,1.216,0.595,31.25,15.28,0.271,0.211,0.203
2026,regular,681198,TJ Rumfield,COL,37,149.0,135.0,13.0,37.0,6.0,1.0,5.0,20.0,12.0,23.0,0.0,60.0,0.274,0.333,0.444,0.777,1.0,1.622,0.135,0.351,0.541,0.622,0.324,15.44,8.05,0.299,0.292,0.257
2026,regular,665489,Vladimir Guerrero Jr.,TOR,37,154.0,135.0,21.0,43.0,7.0,0.0,2.0,16.0,17.0,19.0,2.0,56.0,0.319,0.395,0.415,0.81,1.162,1.514,0.054,0.568,0.432,0.514,0.459,12.34,11.04,0.36,0.371,0.274
2026,regular,669364,Xavier Edwards,MIA,37,158.0,136.0,24.0,44.0,7.0,2.0,2.0,12.0,21.0,15.0,4.0,61.0,0.324,0.414,0.449,0.863,1.189,1.649,0.054,0.649,0.324,0.405,0.568,9.49,13.29,0.353,0.305,0.352
2026,regular,666969,Adolis García,PHI,36,146.0,130.0,12.0,32.0,5.0,1.0,4.0,13.0,12.0,37.0,1.0,51.0,0.246,0.31,0.392,0.702,0.889,1.417,0.111,0.333,0.361,1.028,0.333,25.34,8.22,0.315,0.246,0.246
2026,regular,666182,Bo Bichette,NYM,36,159.0,149.0,16.0,36.0,5.0,0.0,2.0,16.0,8.0,30.0,1.0,47.0,0.242,0.28,0.315,0.595,1.0,1.306,0.056,0.444,0.444,0.833,0.222,18.87,5.03,0.291,0.239,0.244
2026,regular,677587,Brayan Rocchio,CLE,36,134.0,118.0,14.0,30.0,4.0,0.0,3.0,19.0,12.0,12.0,3.0,43.0,0.254,0.323,0.364,0.687,0.833,1.194,0.083,0.389,0.528,0.333,0.333,8.96,8.96,0.262,0.34,0.197
2026,regular,802415,Chandler Simpson,TBR,36,154.0,142.0,18.0,43.0,1.0,2.0,0.0,8.0,7.0,15.0,12.0,48.0,0.303,0.336,0.338,0.674,1.194,1.333,0.0,0.5,0.222,0.417,0.194,9.74,4.55,0.339,0.324,0.284
2026,regular,682928,CJ Abrams,WSN,36,152.0,127.0,21.0,38.0,6.0,0.0,9.0,33.0,17.0,27.0,7.0,71.0,0.299,0.382,0.559,0.941,1.056,1.972,0.25,0.583,0.917,0.75,0.472,17.76,11.18,0.319,0.239,0.367
2026,regular,641355,Cody Bellinger,NYY,36,155.0,130.0,22.0,37.0,10.0,2.0,5.0,26.0,22.0,20.0,4.0,66.0,0.285,0.388,0.508,0.896,1.028,1.833,0.139,0.611,0.722,0.556,0.611,12.9,14.19,0.305,0.354,0.215
2026,regular,621020,Dansby Swanson,CHC,36,146.0,121.0,25.0,25.0,2.0,1.0,6.0,24.0,21.0,31.0,2.0,47.0,0.207,0.324,0.388,0.712,0.694,1.306,0.167,0.694,0.667,0.861,0.583,21.23,14.38,0.226,0.181,0.245
2026,regular,695734,Daylen Lile,WSN,36,160.0,144.0,24.0,35.0,9.0,0.0,3.0,14.0,16.0,30.0,2.0,53.0,0.243,0.319,0.368,0.687,0.972,1.472,0.083,0.667,0.389,0.833,0.444,18.75,10.0,0.288,0.206,0.272
2026,regular,676391,Ernie Clement,TOR,36,151.0,146.0,11.0,41.0,13.0,0.0,1.0,9.0,5.0,10.0,1.0,57.0,0.281,0.305,0.39,0.695,1.139,1.583,0.028,0.306,0.25,0.278,0.139,6.62,3.31,0.296,0.292,0.27
2026,regular,694497,Evan Carter,TEX,36,130.0,107.0,13.0,19.0,5.0,0.0,4.0,11.0,18.0,31.0,5.0,36.0,0.178,0.296,0.336,0.632,0.528,1.0,0.111,0.361,0.306,0.861,0.5,23.85,13.85,0.208,0.196,0.164
2026,regular,683002,Gunnar Henderson,BAL,36,168.0,154.0,23.0,31.0,6.0,1.0,9.0,19.0,12.0,53.0,5.0,66.0,0.201,0.259,0.429,0.688,0.861,1.833,0.25,0.639,0.528,1.472,0.333,31.55,7.14,0.239,0.218,0.184
2026,regular,671218,Heliot Ramos,SFG,36,142.0,134.0,12.0,34.0,8.0,1.0,3.0,15.0,7.0,43.0,0.0,53.0,0.254,0.291,0.396,0.687,0.944,1.472,0.083,0.333,0.417,1.194,0.194,30.28,4.93,0.352,0.239,0.269
2026,regular,671056,Iván Herrera,STL,36,165.0,129.0,21.0,33.0,10.0,0.0,4.0,17.0,27.0,29.0,1.0,55.0,0.256,0.385,0.426,0.811,0.917,1.528,0.111,0.583,0.472,0.806,0.75,17.58,16.36,0.302,0.236,0.281
2026,regular,669394,Jake Burger,TEX,36,150.0,142.0,14.0,31.0,5.0,0.0,6.0,21.0,6.0,43.0,0.0,54.0,0.218,0.25,0.38,0.63,0.861,1.5,0.167,0.389,0.583,1.194,0.167,28.67,4.0,0.269,0.143,0.267
2026,regular,805300,Jakob Marsee,MIA,36,164.0,139.0,20.0,25.0,4.0,2.0,1.0,10.0,21.0,42.0,10.0,36.0,0.18,0.287,0.259,0.546,0.694,1.0,0.028,0.556,0.278,1.167,0.583,25.61,12.8,0.25,0.198,0.155
2026,regular,665862,Jazz Chisholm Jr.,NYY,36,146.0,129.0,17.0,27.0,5.0,0.0,4.0,13.0,15.0,39.0,11.0,44.0,0.209,0.292,0.341,0.633,0.75,1.222,0.111,0.472,0.361,1.083,0.417,26.71,10.27,0.267,0.175,0.236
2026,regular,660821,Jesús Sánchez,TOR,36,123.0,113.0,11.0,27.0,4.0,0.0,4.0,15.0,5.0,23.0,1.0,43.0,0.239,0.271,0.381,0.652,0.75,1.194,0.111,0.306,0.417,0.639,0.139,18.7,4.07,0.267,0.283,0.2
2026,regular,802139,JJ Wetherholt,STL,36,165.0,138.0,28.0,33.0,5.0,0.0,7.0,18.0,18.0,29.0,4.0,59.0,0.239,0.327,0.428,0.755,0.917,1.639,0.194,0.778,0.5,0.806,0.5,17.58,10.91,0.255,0.235,0.246
2026,regular,666018,Jonathan Aranda,TBR,36,154.0,128.0,19.0,35.0,5.0,0.0,7.0,29.0,21.0,36.0,0.0,61.0,0.273,0.376,0.477,0.853,0.972,1.694,0.194,0.528,0.806,1.0,0.583,23.38,13.64,0.329,0.344,0.209
2026,regular,676609,José Caballero,NYY,36,135.0,125.0,17.0,32.0,6.0,0.0,4.0,13.0,6.0,27.0,13.0,50.0,0.256,0.29,0.4,0.69,0.889,1.389,0.111,0.472,0.361,0.75,0.167,20.0,4.44,0.298,0.246,0.266
2026,regular,691406,Junior Caminero,TBR,36,155.0,135.0,21.0,34.0,3.0,0.0,9.0,16.0,19.0,27.0,0.0,64.0,0.252,0.344,0.474,0.818,0.944,1.778,0.25,0.583,0.444,0.75,0.528,17.42,12.26,0.253,0.25,0.254
2026,regular,672960,Kazuma Okamoto,TOR,36,151.0,134.0,19.0,33.0,3.0,0.0,10.0,23.0,17.0,44.0,0.0,66.0,0.246,0.331,0.493,0.824,0.917,1.833,0.278,0.528,0.639,1.222,0.472,29.14,11.26,0.287,0.25,0.243
2026,regular,805808,Kevin McGonigle,DET,36,158.0,137.0,25.0,41.0,11.0,2.0,2.0,16.0,20.0,20.0,4.0,62.0,0.299,0.389,0.453,0.842,1.139,1.722,0.056,0.694,0.444,0.556,0.556,12.66,12.66,0.339,0.254,0.338
2026,regular,663656,Kyle Tucker,LAD,36,160.0,139.0,26.0,35.0,8.0,0.0,4.0,19.0,19.0,32.0,3.0,55.0,0.252,0.342,0.396,0.738,0.972,1.528,0.111,0.722,0.528,0.889,0.528,20.0,11.88,0.301,0.191,0.31
2026,regular,807712,Luke Keaschall,MIN,36,151.0,135.0,17.0,31.0,8.0,0.0,1.0,15.0,13.0,23.0,8.0,42.0,0.23,0.297,0.311,0.608,0.861,1.167,0.028,0.472,0.417,0.639,0.361,15.23,8.61,0.27,0.224,0.237
2026,regular,543760,Marcus Semien,NYM,36,141.0,130.0,11.0,30.0,6.0,0.0,2.0,13.0,8.0,28.0,4.0,42.0,0.231,0.275,0.323,0.598,0.833,1.167,0.056,0.306,0.361,0.778,0.222,19.86,5.67,0.28,0.149,0.317
2026,regular,656305,Matt Chapman,SFG,36,152.0,137.0,16.0,32.0,6.0,1.0,1.0,12.0,14.0,36.0,0.0,43.0,0.234,0.305,0.314,0.619,0.889,1.194,0.028,0.444,0.333,1.0,0.389,23.68,9.21,0.31,0.246,0.224
2026,regular,643289,Mauricio Dubón,ATL,36,143.0,131.0,17.0,35.0,9.0,2.0,2.0,20.0,10.0,24.0,0.0,54.0,0.267,0.319,0.412,0.731,0.972,1.5,0.056,0.472,0.556,0.667,0.278,16.78,6.99,0.314,0.328,0.219
2026,regular,683737,Michael Busch,CHC,36,159.0,134.0,16.0,31.0,7.0,1.0,3.0,20.0,21.0,36.0,0.0,49.0,0.231,0.335,0.366,0.701,0.861,1.361,0.083,0.444,0.556,1.0,0.583,22.64,13.21,0.295,0.312,0.111
2026,regular,678246,Miguel Vargas,CHW,36,159.0,130.0,24.0,28.0,4.0,1.0,7.0,18.0,26.0,27.0,6.0,55.0,0.215,0.346,0.423,0.769,0.778,1.528,0.194,0.667,0.5,0.75,0.722,16.98,16.35,0.219,0.204,0.224
2026,regular,663538,Nico Hoerner,CHC,36,167.0,145.0,19.0,42.0,10.0,0.0,4.0,27.0,15.0,14.0,7.0,64.0,0.29,0.356,0.441,0.797,1.167,1.778,0.111,0.528,0.75,0.389,0.417,8.38,8.98,0.299,0.279,0.305
2026,regular,672640,Otto Lopez,MIA,36,152.0,143.0,25.0,48.0,9.0,2.0,4.0,16.0,6.0,28.0,5.0,73.0,0.336,0.362,0.51,0.872,1.333,2.028,0.111,0.694,0.444,0.778,0.167,18.42,3.95,0.396,0.333,0.339
2026,regular,521692,Salvador Perez,KCR,36,151.0,141.0,14.0,29.0,5.0,0.0,5.0,17.0,5.0,33.0,0.0,49.0,0.206,0.233,0.348,0.581,0.806,1.361,0.139,0.389,0.472,0.917,0.139,21.85,3.31,0.233,0.23,0.179
2026,regular,621493,Taylor Ward,BAL,36,166.0,130.0,25.0,37.0,13.0,0.0,1.0,12.0,34.0,27.0,1.0,53.0,0.285,0.433,0.408,0.841,1.028,1.472,0.028,0.694,0.333,0.75,0.944,16.27,20.48,0.353,0.288,0.281
2026,regular,607208,Trea Turner,PHI,36,162.0,150.0,23.0,36.0,7.0,0.0,4.0,12.0,12.0,33.0,3.0,55.0,0.24,0.296,0.367,0.663,1.0,1.528,0.111,0.639,0.333,0.917,0.333,20.37,7.41,0.283,0.267,0.203
2026,regular,663757,Trent Grisham,NYY,36,141.0,116.0,21.0,19.0,5.0,1.0,5.0,20.0,23.0,24.0,1.0,41.0,0.164,0.302,0.353,0.655,0.528,1.139,0.139,0.583,0.556,0.667,0.639,17.02,16.31,0.161,0.197,0.127
2026,regular,575929,Willson Contreras,BOS,36,157.0,129.0,19.0,34.0,4.0,0.0,8.0,23.0,18.0,45.0,1.0,62.0,0.264,0.354,0.481,0.835,0.944,1.722,0.222,0.528,0.639,1.25,0.5,28.66,11.46,0.342,0.276,0.254
2026,regular,642715,Willy Adames,SFG,36,151.0,144.0,13.0,28.0,11.0,0.0,3.0,6.0,6.0,47.0,1.0,48.0,0.194,0.227,0.333,0.56,0.778,1.333,0.083,0.361,0.167,1.306,0.167,31.13,3.97,0.266,0.157,0.23
2026,regular,677800,Wilyer Abreu,BOS,36,155.0,137.0,18.0,41.0,6.0,1.0,5.0,16.0,18.0,31.0,2.0,64.0,0.299,0.381,0.467,0.848,1.139,1.778,0.139,0.5,0.444,0.861,0.5,20.0,11.61,0.356,0.241,0.342
2026,regular,664761,Alec Bohm,PHI,35,141.0,126.0,7.0,20.0,3.0,0.0,1.0,15.0,10.0,22.0,0.0,26.0,0.159,0.221,0.206,0.427,0.571,0.743,0.029,0.2,0.429,0.629,0.286,15.6,7.09,0.184,0.111,0.206
2026,regular,676475,Alec Burleson,STL,35,156.0,138.0,18.0,37.0,9.0,0.0,5.0,29.0,17.0,24.0,1.0,61.0,0.268,0.348,0.442,0.79,1.057,1.743,0.143,0.514,0.829,0.686,0.486,15.38,10.9,0.294,0.221,0.328
2026,regular,643217,Andrew Benintendi,CHW,35,121.0,111.0,11.0,26.0,5.0,2.0,2.0,17.0,7.0,40.0,0.0,41.0,0.234,0.28,0.369,0.649,0.743,1.171,0.057,0.314,0.486,1.143,0.2,33.06,5.79,0.348,0.171,0.271
2026,regular,663728,Cal Raleigh,SEA,35,155.0,137.0,13.0,24.0,4.0,0.0,7.0,18.0,16.0,48.0,2.0,49.0,0.175,0.261,0.358,0.619,0.686,1.4,0.2,0.371,0.514,1.371,0.457,30.97,10.32,0.207,0.182,0.167
2026,regular,702332,Caleb Durbin,BOS,35,131.0,118.0,14.0,21.0,7.0,0.0,1.0,13.0,11.0,18.0,4.0,31.0,0.178,0.248,0.263,0.511,0.6,0.886,0.029,0.4,0.371,0.514,0.314,13.74,8.4,0.202,0.176,0.179
2026,regular,678882,Ceddanne Rafaela,BOS,35,131.0,118.0,16.0,32.0,4.0,2.0,2.0,14.0,8.0,29.0,2.0,46.0,0.271,0.317,0.39,0.707,0.914,1.314,0.057,0.457,0.4,0.829,0.229,22.14,6.11,0.345,0.26,0.279
2026,regular,805367,Chase Meidroth,CHW,35,153.0,133.0,24.0,37.0,7.0,0.0,2.0,5.0,16.0,37.0,1.0,50.0,0.278,0.356,0.376,0.732,1.057,1.429,0.057,0.686,0.143,1.057,0.457,24.18,10.46,0.372,0.269,0.284
2026,regular,608369,Corey Seager,TEX,35,153.0,131.0,21.0,28.0,6.0,0.0,7.0,19.0,19.0,41.0,1.0,55.0,0.214,0.313,0.42,0.733,0.8,1.571,0.2,0.6,0.543,1.171,0.543,26.8,12.42,0.253,0.196,0.227
2026,regular,662139,Daulton Varsho,TOR,35,133.0,120.0,15.0,29.0,7.0,0.0,4.0,9.0,11.0,23.0,2.0,48.0,0.242,0.305,0.4,0.705,0.829,1.371,0.114,0.429,0.257,0.657,0.314,17.29,8.27,0.269,0.22,0.262
2026,regular,665487,Fernando Tatis Jr.,SDP,35,152.0,132.0,14.0,32.0,5.0,1.0,0.0,13.0,14.0,37.0,9.0,39.0,0.242,0.315,0.295,0.61,0.914,1.114,0.0,0.4,0.371,1.057,0.4,24.34,9.21,0.337,0.306,0.186
2026,regular,518692,Freddie Freeman,LAD,35,154.0,140.0,13.0,39.0,10.0,1.0,3.0,19.0,13.0,21.0,0.0,60.0,0.279,0.34,0.429,0.769,1.114,1.714,0.086,0.371,0.543,0.6,0.371,13.64,8.44,0.31,0.194,0.368
2026,regular,664023,Ian Happ,CHC,35,161.0,133.0,28.0,33.0,6.0,1.0,9.0,17.0,26.0,47.0,2.0,68.0,0.248,0.371,0.511,0.882,0.943,1.943,0.257,0.8,0.486,1.343,0.743,29.19,16.15,0.312,0.28,0.196
2026,regular,701538,Jackson Merrill,SDP,35,150.0,136.0,22.0,32.0,8.0,0.0,4.0,18.0,11.0,35.0,7.0,52.0,0.235,0.293,0.382,0.675,0.914,1.486,0.114,0.629,0.514,1.0,0.314,23.33,7.33,0.289,0.268,0.2
2026,regular,805779,Jacob Wilson,ATH,35,153.0,147.0,16.0,43.0,8.0,0.0,2.0,16.0,4.0,17.0,2.0,57.0,0.293,0.311,0.388,0.699,1.229,1.629,0.057,0.457,0.457,0.486,0.114,11.11,2.61,0.32,0.309,0.278
2026,regular,696285,Jacob Young,WSN,35,128.0,121.0,13.0,28.0,5.0,0.0,2.0,15.0,5.0,25.0,1.0,39.0,0.231,0.262,0.322,0.584,0.8,1.114,0.057,0.371,0.429,0.714,0.143,19.53,3.91,0.277,0.234,0.228
2026,regular,669236,Jeremiah Jackson,BAL,35,120.0,116.0,10.0,29.0,3.0,0.0,6.0,24.0,2.0,26.0,1.0,50.0,0.25,0.263,0.431,0.694,0.829,1.429,0.171,0.286,0.686,0.743,0.057,21.67,1.67,0.274,0.323,0.167
2026,regular,691023,Jordan Walker,STL,35,150.0,132.0,28.0,40.0,6.0,0.0,10.0,27.0,16.0,43.0,7.0,76.0,0.303,0.378,0.576,0.954,1.143,2.171,0.286,0.8,0.771,1.229,0.457,28.67,10.67,0.38,0.329,0.274
2026,regular,605137,Josh Bell,MIN,35,144.0,128.0,21.0,27.0,5.0,0.0,3.0,18.0,14.0,26.0,0.0,41.0,0.211,0.289,0.32,0.609,0.771,1.171,0.086,0.6,0.514,0.743,0.4,18.06,9.72,0.242,0.26,0.145
2026,regular,647304,Josh Naylor,SEA,35,151.0,137.0,9.0,32.0,3.0,0.0,4.0,17.0,12.0,26.0,7.0,47.0,0.234,0.295,0.343,0.638,0.914,1.343,0.114,0.257,0.486,0.743,0.343,17.22,7.95,0.262,0.253,0.204
2026,regular,681481,Kerry Carpenter,DET,35,115.0,100.0,11.0,21.0,2.0,2.0,6.0,17.0,11.0,40.0,0.0,45.0,0.21,0.288,0.45,0.738,0.6,1.286,0.171,0.314,0.486,1.143,0.314,34.78,9.57,0.278,0.213,0.208
2026,regular,691720,Kyle Karros,COL,35,123.0,101.0,15.0,22.0,3.0,0.0,1.0,5.0,20.0,29.0,2.0,28.0,0.218,0.347,0.277,0.624,0.629,0.8,0.029,0.429,0.143,0.829,0.571,23.58,16.26,0.296,0.238,0.203
2026,regular,672580,Maikel Garcia,KCR,35,153.0,136.0,19.0,36.0,9.0,1.0,3.0,13.0,15.0,25.0,4.0,56.0,0.265,0.338,0.412,0.75,1.029,1.6,0.086,0.543,0.371,0.714,0.429,16.34,9.8,0.306,0.323,0.216
2026,regular,571970,Max Muncy,LAD,35,139.0,119.0,25.0,34.0,5.0,0.0,9.0,13.0,20.0,33.0,0.0,66.0,0.286,0.388,0.555,0.943,0.971,1.886,0.257,0.714,0.371,0.943,0.571,23.74,14.39,0.325,0.25,0.313
2026,regular,671739,Michael Harris II,ATL,35,122.0,115.0,13.0,34.0,4.0,0.0,7.0,22.0,6.0,22.0,2.0,59.0,0.296,0.331,0.513,0.844,0.971,1.686,0.2,0.371,0.629,0.629,0.171,18.03,4.92,0.314,0.259,0.328
2026,regular,573262,Mike Yastrzemski,ATL,35,119.0,110.0,14.0,23.0,4.0,1.0,0.0,6.0,8.0,28.0,1.0,29.0,0.209,0.263,0.264,0.527,0.657,0.829,0.0,0.4,0.171,0.8,0.229,23.53,6.72,0.28,0.25,0.172
2026,regular,701762,Nick Kurtz,ATH,35,162.0,127.0,19.0,32.0,5.0,0.0,5.0,17.0,35.0,51.0,4.0,52.0,0.252,0.414,0.409,0.823,0.914,1.486,0.143,0.543,0.486,1.457,1.0,31.48,21.6,0.38,0.268,0.239
2026,regular,669357,Nolan Gorman,STL,35,134.0,119.0,14.0,27.0,4.0,0.0,5.0,21.0,12.0,37.0,0.0,46.0,0.227,0.298,0.387,0.685,0.771,1.314,0.143,0.4,0.6,1.057,0.343,27.61,8.96,0.286,0.234,0.218
2026,regular,694384,Nolan Schanuel,LAA,35,150.0,137.0,13.0,35.0,9.0,0.0,3.0,20.0,10.0,22.0,0.0,53.0,0.255,0.306,0.387,0.693,1.0,1.514,0.086,0.371,0.571,0.629,0.286,14.67,6.67,0.286,0.288,0.225
2026,regular,665833,Oneil Cruz,PIT,35,160.0,148.0,25.0,37.0,6.0,0.0,9.0,28.0,11.0,55.0,12.0,70.0,0.25,0.302,0.473,0.775,1.057,2.0,0.257,0.714,0.8,1.571,0.314,34.38,6.88,0.333,0.253,0.246
2026,regular,672724,Oswald Peraza,LAA,35,107.0,97.0,10.0,27.0,5.0,0.0,4.0,9.0,7.0,26.0,5.0,44.0,0.278,0.327,0.454,0.781,0.771,1.257,0.114,0.286,0.257,0.743,0.2,24.3,6.54,0.343,0.255,0.3
2026,regular,641857,Ryan McMahon,NYY,35,101.0,91.0,10.0,19.0,2.0,0.0,3.0,11.0,10.0,31.0,1.0,30.0,0.209,0.287,0.33,0.617,0.543,0.857,0.086,0.286,0.314,0.886,0.286,30.69,9.9,0.281,0.227,0.191
2026,regular,656811,Ryan O'Hearn,PIT,35,147.0,126.0,20.0,37.0,5.0,0.0,5.0,24.0,17.0,28.0,1.0,57.0,0.294,0.378,0.452,0.83,1.057,1.629,0.143,0.571,0.686,0.8,0.486,19.05,11.56,0.344,0.294,0.293
2026,regular,668715,Spencer Steer,CIN,35,133.0,119.0,14.0,30.0,6.0,0.0,6.0,12.0,10.0,33.0,1.0,54.0,0.252,0.31,0.454,0.764,0.857,1.543,0.171,0.4,0.343,0.943,0.286,24.81,7.52,0.3,0.193,0.306
2026,regular,680757,Steven Kwan,CLE,35,153.0,133.0,15.0,28.0,5.0,0.0,1.0,9.0,16.0,17.0,2.0,36.0,0.211,0.295,0.271,0.566,0.8,1.029,0.029,0.429,0.257,0.486,0.457,11.11,10.46,0.235,0.203,0.216
2026,regular,670770,TJ Friedl,CIN,35,146.0,129.0,14.0,25.0,6.0,0.0,2.0,7.0,11.0,32.0,4.0,37.0,0.194,0.257,0.287,0.544,0.714,1.057,0.057,0.4,0.2,0.914,0.314,21.92,7.53,0.242,0.169,0.214
2026,regular,596115,Trevor Story,BOS,35,153.0,143.0,13.0,29.0,6.0,0.0,2.0,18.0,7.0,47.0,3.0,41.0,0.203,0.24,0.287,0.527,0.829,1.171,0.057,0.371,0.514,1.343,0.2,30.72,4.58,0.287,0.175,0.221
2026,regular,686469,Vinnie Pasquantino,KCR,35,150.0,129.0,15.0,25.0,4.0,2.0,4.0,17.0,16.0,31.0,1.0,45.0,0.194,0.283,0.349,0.632,0.714,1.286,0.114,0.429,0.486,0.886,0.457,20.67,10.67,0.223,0.167,0.222
2026,regular,593428,Xander Bogaerts,SDP,35,143.0,127.0,17.0,35.0,2.0,0.0,7.0,22.0,16.0,21.0,4.0,58.0,0.276,0.357,0.457,0.814,1.0,1.657,0.2,0.486,0.629,0.6,0.457,14.69,11.19,0.283,0.246,0.31
2026,regular,665926,Andrés Giménez,TOR,34,128.0,121.0,10.0,32.0,6.0,1.0,3.0,17.0,4.0,19.0,5.0,49.0,0.264,0.288,0.405,0.693,0.941,1.441,0.088,0.294,0.5,0.559,0.118,14.84,3.12,0.293,0.328,0.206
2026,regular,682657,Angel Martínez,CLE,34,121.0,111.0,13.0,30.0,7.0,0.0,5.0,16.0,5.0,24.0,5.0,52.0,0.27,0.302,0.468,0.77,0.882,1.529,0.147,0.382,0.471,0.706,0.147,19.83,4.13,0.305,0.238,0.29
2026,regular,607043,Brandon Nimmo,TEX,34,152.0,133.0,17.0,39.0,7.0,1.0,4.0,12.0,15.0,30.0,1.0,60.0,0.293,0.365,0.451,0.816,1.147,1.765,0.118,0.5,0.353,0.882,0.441,19.74,9.87,0.354,0.25,0.325
2026,regular,686668,Brenton Doyle,COL,34,100.0,91.0,14.0,19.0,3.0,0.0,1.0,3.0,9.0,35.0,7.0,25.0,0.209,0.28,0.275,0.555,0.559,0.735,0.029,0.412,0.088,1.029,0.265,35.0,9.0,0.327,0.15,0.255
2026,regular,686797,Brooks Lee,MIN,34,128.0,119.0,16.0,31.0,4.0,0.0,5.0,21.0,8.0,24.0,2.0,50.0,0.261,0.307,0.42,0.727,0.912,1.471,0.147,0.471,0.618,0.706,0.235,18.75,6.25,0.289,0.222,0.304
2026,regular,621439,Byron Buxton,MIN,34,156.0,143.0,26.0,35.0,5.0,1.0,11.0,17.0,10.0,39.0,2.0,75.0,0.245,0.294,0.524,0.818,1.029,2.206,0.324,0.765,0.5,1.147,0.294,25.0,6.41,0.258,0.312,0.167
2026,regular,695600,Carter Jensen,KCR,34,123.0,108.0,14.0,24.0,2.0,0.0,6.0,17.0,13.0,39.0,0.0,44.0,0.222,0.306,0.407,0.713,0.706,1.294,0.176,0.412,0.5,1.147,0.382,31.71,10.57,0.286,0.278,0.167
2026,regular,800050,Chase DeLauter,CLE,34,138.0,120.0,15.0,37.0,9.0,1.0,6.0,23.0,17.0,15.0,0.0,66.0,0.308,0.394,0.55,0.944,1.088,1.941,0.176,0.441,0.676,0.441,0.5,10.87,12.32,0.313,0.269,0.338
2026,regular,681393,Connor Norby,MIA,34,127.0,108.0,8.0,25.0,7.0,0.0,3.0,11.0,13.0,41.0,2.0,41.0,0.231,0.314,0.38,0.694,0.735,1.206,0.088,0.235,0.324,1.206,0.382,32.28,10.24,0.344,0.217,0.25
2026,regular,696100,Hunter Goodman,COL,34,143.0,129.0,24.0,30.0,7.0,0.0,9.0,15.0,11.0,54.0,1.0,64.0,0.233,0.293,0.496,0.789,0.882,1.882,0.265,0.706,0.441,1.588,0.324,37.76,7.69,0.318,0.197,0.265
2026,regular,643446,Jeff McNeil,ATH,34,121.0,106.0,9.0,33.0,8.0,0.0,1.0,12.0,10.0,12.0,1.0,44.0,0.311,0.371,0.415,0.786,0.971,1.294,0.029,0.265,0.353,0.353,0.294,9.92,8.26,0.344,0.292,0.328
2026,regular,624585,Jorge Soler,LAA,34,146.0,122.0,19.0,29.0,5.0,0.0,8.0,28.0,17.0,45.0,0.0,58.0,0.238,0.331,0.475,0.806,0.853,1.706,0.235,0.559,0.824,1.324,0.5,30.82,11.64,0.304,0.25,0.229
2026,regular,514888,Jose Altuve,HOU,34,151.0,133.0,22.0,32.0,9.0,0.0,3.0,9.0,17.0,30.0,1.0,50.0,0.241,0.327,0.376,0.703,0.941,1.471,0.088,0.647,0.265,0.882,0.5,19.87,11.26,0.29,0.283,0.205
2026,regular,606466,Ketel Marte,ARI,34,145.0,135.0,19.0,29.0,3.0,1.0,5.0,13.0,10.0,28.0,0.0,49.0,0.215,0.269,0.363,0.632,0.853,1.441,0.147,0.559,0.382,0.824,0.294,19.31,6.9,0.235,0.232,0.197
2026,regular,689414,Liam Hicks,MIA,34,125.0,109.0,19.0,35.0,3.0,0.0,8.0,32.0,10.0,11.0,1.0,62.0,0.321,0.378,0.569,0.947,1.029,1.824,0.235,0.559,0.941,0.324,0.294,8.8,8.0,0.3,0.364,0.256
2026,regular,650333,Luis Arraez,SFG,34,144.0,133.0,14.0,42.0,7.0,2.0,0.0,11.0,6.0,6.0,4.0,53.0,0.316,0.345,0.398,0.743,1.235,1.559,0.0,0.412,0.324,0.176,0.176,4.17,4.17,0.331,0.344,0.29
2026,regular,592518,Manny Machado,SDP,34,144.0,121.0,20.0,25.0,4.0,0.0,5.0,18.0,20.0,31.0,1.0,44.0,0.207,0.319,0.364,0.683,0.735,1.294,0.147,0.588,0.529,0.912,0.588,21.53,13.89,0.235,0.246,0.167
2026,regular,683083,Nasim Nuñez,WSN,34,124.0,106.0,16.0,23.0,1.0,1.0,0.0,13.0,15.0,23.0,14.0,26.0,0.217,0.314,0.245,0.559,0.676,0.765,0.0,0.471,0.382,0.676,0.441,18.55,12.1,0.277,0.17,0.264
2026,regular,693304,Nick Gonzales,PIT,34,134.0,123.0,15.0,38.0,5.0,0.0,0.0,17.0,8.0,25.0,2.0,43.0,0.309,0.351,0.35,0.701,1.118,1.265,0.0,0.441,0.5,0.735,0.235,18.66,5.97,0.388,0.306,0.311
2026,regular,683357,Owen Caissie,MIA,34,111.0,99.0,11.0,20.0,6.0,0.0,2.0,16.0,7.0,46.0,2.0,32.0,0.202,0.255,0.323,0.578,0.588,0.941,0.059,0.324,0.471,1.353,0.206,41.44,6.31,0.353,0.271,0.1
2026,regular,660670,Ronald Acuña Jr.,ATL,34,152.0,127.0,17.0,32.0,8.0,1.0,2.0,9.0,20.0,31.0,7.0,48.0,0.252,0.354,0.378,0.732,0.941,1.412,0.059,0.5,0.265,0.912,0.588,20.39,13.16,0.319,0.258,0.246
2026,regular,686217,Sal Frelick,MIL,34,130.0,109.0,17.0,24.0,2.0,0.0,3.0,9.0,15.0,13.0,1.0,35.0,0.22,0.315,0.321,0.636,0.706,1.029,0.088,0.5,0.265,0.382,0.441,10.0,11.54,0.226,0.13,0.309
2026,regular,660271,Shohei Ohtani,LAD,34,163.0,129.0,25.0,32.0,7.0,0.0,6.0,15.0,27.0,37.0,5.0,57.0,0.248,0.378,0.442,0.82,0.941,1.676,0.176,0.735,0.441,1.088,0.794,22.7,16.56,0.302,0.269,0.234
2026,regular,671976,Tristan Peters,CHW,34,89.0,80.0,8.0,21.0,1.0,1.0,0.0,5.0,6.0,22.0,4.0,24.0,0.263,0.314,0.3,0.614,0.618,0.706,0.0,0.235,0.147,0.647,0.176,24.72,6.74,0.362,0.235,0.283
2026,regular,691016,Tyler Soderstrom,ATH,34,146.0,129.0,18.0,28.0,11.0,1.0,5.0,20.0,16.0,31.0,1.0,56.0,0.217,0.303,0.434,0.737,0.824,1.647,0.147,0.529,0.588,0.912,0.471,21.23,10.96,0.247,0.22,0.215
2026,regular,687363,Victor Scott II,STL,34,106.0,90.0,12.0,17.0,2.0,0.0,1.0,5.0,7.0,28.0,6.0,22.0,0.189,0.247,0.244,0.491,0.5,0.647,0.029,0.353,0.147,0.824,0.206,26.42,6.6,0.262,0.269,0.079
2026,regular,650490,Yandy Díaz,TBR,34,147.0,129.0,20.0,41.0,3.0,1.0,5.0,22.0,13.0,16.0,1.0,61.0,0.318,0.38,0.473,0.853,1.206,1.794,0.147,0.588,0.647,0.471,0.382,10.88,8.84,0.333,0.286,0.342
2026,regular,700250,Ben Rice,NYY,33,134.0,108.0,30.0,37.0,9.0,0.0,12.0,27.0,23.0,32.0,2.0,82.0,0.343,0.458,0.759,1.217,1.121,2.485,0.364,0.909,0.818,0.97,0.697,23.88,17.16,0.391,0.32,0.362
2026,regular,691781,Brady House,WSN,33,133.0,123.0,16.0,29.0,5.0,0.0,5.0,18.0,10.0,40.0,1.0,49.0,0.236,0.293,0.398,0.691,0.879,1.485,0.152,0.485,0.545,1.212,0.303,30.08,7.52,0.308,0.255,0.221
2026,regular,669016,Brandon Marsh,PHI,33,127.0,119.0,18.0,40.0,7.0,1.0,4.0,19.0,5.0,25.0,3.0,61.0,0.336,0.363,0.513,0.876,1.212,1.848,0.121,0.545,0.576,0.758,0.152,19.69,3.94,0.4,0.354,0.315
2026,regular,683146,Brett Baty,NYM,33,117.0,103.0,14.0,22.0,5.0,1.0,1.0,12.0,10.0,31.0,2.0,32.0,0.214,0.283,0.311,0.594,0.667,0.97,0.03,0.424,0.364,0.939,0.303,26.5,8.55,0.296,0.246,0.174
2026,regular,701807,Carson Benge,NYM,33,114.0,104.0,14.0,21.0,4.0,0.0,3.0,10.0,10.0,25.0,6.0,34.0,0.202,0.272,0.327,0.599,0.636,1.03,0.091,0.424,0.303,0.758,0.303,21.93,8.77,0.237,0.226,0.176
2026,regular,690993,Colt Keith,DET,33,111.0,104.0,17.0,33.0,7.0,0.0,0.0,6.0,6.0,21.0,1.0,40.0,0.317,0.355,0.385,0.74,1.0,1.212,0.0,0.515,0.182,0.636,0.182,18.92,5.41,0.398,0.326,0.311
2026,regular,682998,Corbin Carroll,ARI,33,138.0,117.0,21.0,30.0,7.0,4.0,4.0,19.0,18.0,37.0,4.0,57.0,0.256,0.356,0.487,0.843,0.909,1.727,0.121,0.636,0.576,1.121,0.545,26.81,13.04,0.342,0.259,0.254
2026,regular,682626,Francisco Alvarez,NYM,33,115.0,100.0,11.0,24.0,4.0,0.0,4.0,9.0,10.0,24.0,0.0,40.0,0.24,0.309,0.4,0.709,0.727,1.212,0.121,0.333,0.273,0.727,0.303,20.87,8.7,0.278,0.22,0.26
2026,regular,657757,Gavin Sheets,SDP,33,107.0,101.0,13.0,23.0,9.0,0.0,5.0,13.0,5.0,23.0,2.0,47.0,0.228,0.264,0.465,0.729,0.697,1.424,0.152,0.394,0.394,0.697,0.152,21.5,4.67,0.247,0.234,0.222
2026,regular,670623,Isaac Paredes,HOU,33,135.0,117.0,16.0,31.0,6.0,0.0,3.0,15.0,13.0,23.0,0.0,46.0,0.265,0.338,0.393,0.731,0.939,1.394,0.091,0.485,0.455,0.697,0.394,17.04,9.63,0.308,0.186,0.345
2026,regular,695506,Jac Caglianone,KCR,33,119.0,106.0,14.0,26.0,5.0,1.0,4.0,8.0,11.0,37.0,0.0,45.0,0.245,0.316,0.425,0.741,0.788,1.364,0.121,0.424,0.242,1.121,0.333,31.09,9.24,0.338,0.224,0.271
2026,regular,641343,Jake Bauers,MIL,33,130.0,116.0,22.0,30.0,6.0,0.0,5.0,20.0,14.0,27.0,3.0,51.0,0.259,0.338,0.44,0.778,0.909,1.545,0.152,0.667,0.606,0.818,0.424,20.77,10.77,0.298,0.297,0.212
2026,regular,673962,Josh Jung,TEX,33,136.0,124.0,13.0,40.0,12.0,0.0,4.0,19.0,10.0,22.0,1.0,64.0,0.323,0.373,0.516,0.889,1.212,1.939,0.121,0.394,0.576,0.667,0.303,16.18,7.35,0.367,0.372,0.296
2026,regular,666139,Josh Lowe,LAA,33,102.0,94.0,7.0,14.0,1.0,0.0,4.0,10.0,5.0,29.0,1.0,27.0,0.149,0.192,0.287,0.479,0.424,0.818,0.121,0.212,0.303,0.879,0.152,28.43,4.9,0.164,0.093,0.196
2026,regular,663647,Ke'Bryan Hayes,CIN,33,98.0,91.0,7.0,11.0,1.0,1.0,2.0,3.0,7.0,16.0,0.0,20.0,0.121,0.184,0.22,0.404,0.333,0.606,0.061,0.212,0.091,0.485,0.212,16.33,7.14,0.123,0.122,0.119
2026,regular,700932,Kyle Manzardo,CLE,33,112.0,100.0,6.0,20.0,2.0,0.0,2.0,10.0,9.0,36.0,0.0,28.0,0.2,0.266,0.28,0.546,0.606,0.848,0.061,0.182,0.303,1.091,0.273,32.14,8.04,0.29,0.171,0.22
2026,regular,671732,Lawrence Butler,ATH,33,116.0,102.0,11.0,18.0,2.0,0.0,3.0,12.0,14.0,31.0,4.0,29.0,0.176,0.276,0.284,0.56,0.545,0.879,0.091,0.333,0.364,0.939,0.424,26.72,12.07,0.221,0.224,0.132
2026,regular,671277,Luis García Jr.,WSN,33,112.0,107.0,14.0,25.0,6.0,1.0,1.0,16.0,4.0,19.0,2.0,36.0,0.234,0.261,0.336,0.597,0.758,1.091,0.03,0.424,0.485,0.576,0.121,16.96,3.57,0.276,0.255,0.214
2026,regular,670042,Luke Raley,SEA,33,101.0,92.0,12.0,23.0,4.0,1.0,6.0,16.0,6.0,37.0,0.0,47.0,0.25,0.296,0.511,0.807,0.697,1.424,0.182,0.364,0.485,1.121,0.182,36.63,5.94,0.347,0.288,0.2
2026,regular,807713,Matt Shaw,CHC,33,88.0,81.0,10.0,23.0,6.0,0.0,3.0,10.0,5.0,16.0,2.0,38.0,0.284,0.326,0.469,0.795,0.697,1.152,0.091,0.303,0.303,0.485,0.152,18.18,5.68,0.323,0.282,0.286
2026,regular,694208,Moisés Ballesteros,CHC,33,100.0,89.0,14.0,26.0,5.0,0.0,6.0,18.0,10.0,17.0,0.0,49.0,0.292,0.364,0.551,0.915,0.788,1.485,0.182,0.424,0.545,0.515,0.303,17.0,10.0,0.303,0.286,0.303
2026,regular,701675,Nathan Church,STL,33,109.0,101.0,14.0,25.0,4.0,0.0,5.0,16.0,4.0,24.0,3.0,44.0,0.248,0.276,0.436,0.712,0.758,1.333,0.152,0.424,0.485,0.727,0.121,22.02,3.67,0.278,0.302,0.188
2026,regular,571448,Nolan Arenado,ARI,33,123.0,113.0,17.0,31.0,3.0,0.0,5.0,17.0,8.0,25.0,0.0,49.0,0.274,0.322,0.434,0.756,0.939,1.485,0.152,0.515,0.515,0.758,0.242,20.33,6.5,0.313,0.373,0.194
2026,regular,657656,Ramón Laureano,SDP,33,140.0,124.0,17.0,29.0,4.0,2.0,5.0,19.0,13.0,42.0,4.0,52.0,0.234,0.307,0.419,0.726,0.879,1.576,0.152,0.515,0.576,1.273,0.394,30.0,9.29,0.312,0.306,0.161
2026,regular,687462,Spencer Horwitz,PIT,33,120.0,99.0,11.0,24.0,3.0,1.0,3.0,13.0,18.0,16.0,0.0,38.0,0.242,0.359,0.384,0.743,0.727,1.152,0.091,0.333,0.394,0.485,0.545,13.33,15.0,0.263,0.276,0.195
2026,regular,606192,Teoscar Hernández,LAD,33,135.0,121.0,17.0,28.0,4.0,0.0,4.0,17.0,13.0,40.0,1.0,44.0,0.231,0.306,0.364,0.67,0.848,1.333,0.121,0.515,0.515,1.212,0.394,29.63,9.63,0.312,0.259,0.209
2026,regular,687859,Troy Johnston,COL,33,123.0,111.0,11.0,36.0,9.0,0.0,2.0,17.0,10.0,26.0,1.0,51.0,0.324,0.38,0.459,0.839,1.091,1.545,0.061,0.333,0.515,0.788,0.303,21.14,8.13,0.41,0.375,0.255
2026,regular,661388,William Contreras,MIL,33,148.0,133.0,21.0,38.0,7.0,0.0,3.0,23.0,14.0,16.0,0.0,54.0,0.286,0.354,0.406,0.76,1.152,1.636,0.091,0.636,0.697,0.485,0.424,10.81,9.46,0.307,0.301,0.267
2026,regular,660162,Yoán Moncada,LAA,33,111.0,94.0,9.0,17.0,1.0,1.0,3.0,9.0,15.0,40.0,0.0,29.0,0.181,0.294,0.309,0.603,0.515,0.879,0.091,0.273,0.273,1.212,0.455,36.04,13.51,0.275,0.119,0.231
2026,regular,810938,Ben Williamson,TBR,32,108.0,97.0,14.0,25.0,5.0,1.0,0.0,11.0,10.0,22.0,3.0,32.0,0.258,0.327,0.33,0.657,0.781,1.0,0.0,0.438,0.344,0.688,0.312,20.37,9.26,0.333,0.267,0.25
2026,regular,668930,Brice Turang,MIL,32,149.0,118.0,29.0,36.0,8.0,1.0,5.0,22.0,29.0,31.0,7.0,61.0,0.305,0.442,0.517,0.959,1.125,1.906,0.156,0.906,0.688,0.969,0.906,20.81,19.46,0.378,0.364,0.231
2026,regular,621043,Carlos Correa,HOU,32,141.0,122.0,22.0,34.0,8.0,0.0,3.0,16.0,18.0,26.0,1.0,51.0,0.279,0.371,0.418,0.789,1.062,1.594,0.094,0.688,0.5,0.812,0.562,18.44,12.77,0.333,0.22,0.333
2026,regular,656775,Cedric Mullins,TBR,32,120.0,108.0,9.0,15.0,2.0,1.0,2.0,9.0,6.0,24.0,6.0,25.0,0.139,0.184,0.231,0.415,0.469,0.781,0.062,0.281,0.281,0.75,0.188,20.0,5.0,0.159,0.156,0.127
2026,regular,693307,Dillon Dingler,DET,32,126.0,113.0,12.0,28.0,7.0,0.0,6.0,26.0,7.0,23.0,0.0,53.0,0.248,0.292,0.469,0.761,0.875,1.656,0.188,0.375,0.812,0.719,0.219,18.25,5.56,0.262,0.228,0.268
2026,regular,686527,Dominic Canzone,SEA,32,85.0,76.0,11.0,20.0,7.0,0.0,3.0,12.0,7.0,19.0,1.0,36.0,0.263,0.325,0.474,0.799,0.625,1.125,0.094,0.344,0.375,0.594,0.219,22.35,8.24,0.315,0.304,0.2
2026,regular,669003,Garrett Mitchell,MIL,32,119.0,96.0,15.0,21.0,6.0,1.0,1.0,21.0,21.0,42.0,5.0,32.0,0.219,0.359,0.333,0.692,0.656,1.0,0.031,0.469,0.656,1.312,0.656,35.29,17.65,0.377,0.222,0.216
2026,regular,672695,Geraldo Perdomo,ARI,32,133.0,109.0,13.0,26.0,5.0,3.0,2.0,11.0,20.0,17.0,6.0,43.0,0.239,0.357,0.394,0.751,0.812,1.344,0.062,0.406,0.344,0.531,0.625,12.78,15.04,0.267,0.24,0.237
2026,regular,650402,Gleyber Torres,DET,32,144.0,116.0,18.0,30.0,2.0,0.0,2.0,11.0,25.0,22.0,0.0,38.0,0.259,0.39,0.328,0.718,0.938,1.188,0.062,0.562,0.344,0.688,0.781,15.28,17.36,0.304,0.271,0.25
2026,regular,686555,Isaac Collins,KCR,32,116.0,98.0,14.0,24.0,4.0,0.0,3.0,12.0,15.0,34.0,2.0,37.0,0.245,0.345,0.378,0.723,0.75,1.156,0.094,0.438,0.375,1.062,0.469,29.31,12.93,0.344,0.339,0.119
2026,regular,630105,Jake Cronenworth,SDP,32,114.0,97.0,13.0,14.0,2.0,0.0,1.0,4.0,14.0,23.0,1.0,19.0,0.144,0.252,0.196,0.448,0.438,0.594,0.031,0.406,0.125,0.719,0.438,20.18,12.28,0.178,0.135,0.156
2026,regular,680776,Jarren Duran,BOS,32,137.0,126.0,18.0,24.0,5.0,0.0,4.0,18.0,10.0,37.0,7.0,41.0,0.19,0.25,0.325,0.575,0.75,1.281,0.125,0.562,0.562,1.156,0.312,27.01,7.3,0.235,0.273,0.146
2026,regular,592626,Joc Pederson,TEX,32,96.0,80.0,11.0,16.0,1.0,0.0,2.0,7.0,12.0,23.0,0.0,23.0,0.2,0.304,0.287,0.591,0.5,0.719,0.062,0.344,0.219,0.719,0.375,23.96,12.5,0.255,0.2,0.2
2026,regular,702222,Justin Crawford,PHI,32,116.0,106.0,9.0,28.0,7.0,2.0,0.0,8.0,8.0,23.0,3.0,39.0,0.264,0.316,0.368,0.684,0.875,1.219,0.0,0.281,0.25,0.719,0.25,19.83,6.9,0.337,0.333,0.184
2026,regular,660844,Leo Rivas,SEA,32,109.0,91.0,8.0,13.0,2.0,1.0,0.0,7.0,13.0,34.0,2.0,17.0,0.143,0.25,0.187,0.437,0.406,0.531,0.0,0.25,0.219,1.062,0.406,31.19,11.93,0.228,0.143,0.143
2026,regular,691785,Marcelo Mayer,BOS,32,105.0,93.0,8.0,24.0,6.0,0.0,1.0,8.0,8.0,20.0,2.0,33.0,0.258,0.317,0.355,0.672,0.75,1.031,0.031,0.25,0.25,0.625,0.25,19.05,7.62,0.319,0.194,0.298
2026,regular,669127,Shea Langeliers,ATH,32,146.0,134.0,24.0,45.0,9.0,0.0,10.0,18.0,12.0,32.0,0.0,84.0,0.336,0.39,0.627,1.017,1.406,2.625,0.312,0.75,0.562,1.0,0.375,21.92,8.22,0.38,0.367,0.311
2026,regular,682663,Agustín Ramírez,MIA,31,129.0,113.0,14.0,26.0,5.0,1.0,2.0,14.0,13.0,28.0,3.0,39.0,0.23,0.31,0.345,0.655,0.839,1.258,0.065,0.452,0.452,0.903,0.419,21.71,10.08,0.289,0.212,0.255
2026,regular,690976,Alex Freeland,LAD,31,105.0,91.0,11.0,23.0,4.0,0.0,2.0,8.0,11.0,28.0,0.0,33.0,0.253,0.333,0.363,0.696,0.742,1.065,0.065,0.355,0.258,0.903,0.355,26.67,10.48,0.344,0.231,0.269
2026,regular,668885,Austin Martin,MIN,31,100.0,77.0,12.0,25.0,4.0,0.0,1.0,7.0,20.0,15.0,4.0,32.0,0.325,0.464,0.416,0.88,0.806,1.032,0.032,0.387,0.226,0.484,0.645,15.0,20.0,0.393,0.311,0.344
2026,regular,677942,Blaze Alexander,BAL,31,90.0,82.0,8.0,19.0,2.0,1.0,0.0,3.0,5.0,26.0,3.0,23.0,0.232,0.276,0.28,0.556,0.613,0.742,0.0,0.258,0.097,0.839,0.161,28.89,5.56,0.339,0.194,0.255
2026,regular,664040,Brandon Lowe,PIT,31,139.0,119.0,20.0,30.0,8.0,0.0,9.0,22.0,19.0,30.0,0.0,65.0,0.252,0.355,0.546,0.901,0.968,2.097,0.29,0.645,0.71,0.968,0.613,21.58,13.67,0.263,0.239,0.271
2026,regular,681082,Bryson Stott,PHI,31,116.0,107.0,9.0,23.0,3.0,2.0,3.0,13.0,6.0,21.0,6.0,39.0,0.215,0.257,0.364,0.621,0.742,1.258,0.097,0.29,0.419,0.677,0.194,18.1,5.17,0.241,0.245,0.185
2026,regular,669477,Casey Schmitt,SFG,31,125.0,115.0,14.0,34.0,8.0,1.0,6.0,18.0,5.0,26.0,2.0,62.0,0.296,0.325,0.539,0.864,1.097,2.0,0.194,0.452,0.581,0.839,0.161,20.8,4.0,0.337,0.233,0.333
2026,regular,691723,Coby Mayo,BAL,31,101.0,92.0,9.0,14.0,3.0,0.0,3.0,12.0,8.0,31.0,1.0,26.0,0.152,0.22,0.283,0.503,0.452,0.839,0.097,0.29,0.387,1.0,0.258,30.69,7.92,0.19,0.178,0.128
2026,regular,681297,Colton Cowser,BAL,31,79.0,67.0,8.0,12.0,2.0,0.0,0.0,5.0,10.0,25.0,0.0,14.0,0.179,0.286,0.209,0.495,0.387,0.452,0.0,0.258,0.161,0.806,0.323,31.65,12.66,0.286,0.273,0.088
2026,regular,667472,Dane Myers,CIN,31,57.0,46.0,12.0,12.0,0.0,0.0,1.0,4.0,10.0,12.0,2.0,15.0,0.261,0.393,0.326,0.719,0.387,0.484,0.032,0.387,0.129,0.387,0.323,21.05,17.54,0.333,0.36,0.143
2026,regular,682177,Daniel Schneemann,CLE,31,105.0,95.0,12.0,27.0,8.0,0.0,4.0,14.0,10.0,32.0,2.0,47.0,0.284,0.352,0.495,0.847,0.871,1.516,0.129,0.387,0.452,1.032,0.323,30.48,9.52,0.39,0.278,0.288
2026,regular,666397,Edouard Julien,COL,31,107.0,93.0,15.0,26.0,3.0,1.0,2.0,12.0,13.0,30.0,3.0,37.0,0.28,0.368,0.398,0.766,0.839,1.194,0.065,0.484,0.387,0.968,0.419,28.04,12.15,0.393,0.275,0.286
2026,regular,669701,Josh Smith,TEX,31,108.0,92.0,6.0,20.0,2.0,0.0,0.0,6.0,14.0,20.0,2.0,22.0,0.217,0.321,0.239,0.56,0.645,0.71,0.0,0.194,0.194,0.645,0.452,18.52,12.96,0.278,0.167,0.25
2026,regular,804606,Konnor Griffin,PIT,31,121.0,109.0,13.0,29.0,5.0,2.0,2.0,16.0,9.0,34.0,8.0,44.0,0.266,0.322,0.404,0.726,0.935,1.419,0.065,0.419,0.516,1.097,0.29,28.1,7.44,0.37,0.296,0.211
2026,regular,542303,Marcell Ozuna,PIT,31,129.0,118.0,10.0,22.0,3.0,0.0,3.0,13.0,10.0,33.0,0.0,34.0,0.186,0.25,0.288,0.538,0.71,1.097,0.097,0.323,0.419,1.065,0.323,25.58,7.75,0.232,0.288,0.085
2026,regular,691026,Masyn Winn,STL,31,133.0,117.0,15.0,31.0,6.0,1.0,1.0,14.0,12.0,26.0,4.0,42.0,0.265,0.333,0.359,0.692,1.0,1.355,0.032,0.484,0.452,0.839,0.387,19.55,9.02,0.333,0.262,0.269
2026,regular,669257,Will Smith,LAD,31,116.0,104.0,12.0,28.0,3.0,0.0,3.0,16.0,11.0,19.0,0.0,40.0,0.269,0.339,0.385,0.724,0.903,1.29,0.097,0.387,0.516,0.613,0.355,16.38,9.48,0.305,0.264,0.275
2026,regular,666152,David Hamilton,MIL,30,107.0,89.0,16.0,21.0,2.0,0.0,0.0,7.0,12.0,21.0,7.0,23.0,0.236,0.327,0.258,0.585,0.7,0.767,0.0,0.533,0.233,0.7,0.4,19.63,11.21,0.309,0.178,0.295
2026,regular,656537,Derek Hill,CHW,30,49.0,43.0,6.0,10.0,0.0,0.0,2.0,3.0,5.0,15.0,4.0,16.0,0.233,0.312,0.372,0.684,0.333,0.533,0.067,0.2,0.1,0.5,0.167,30.61,10.2,0.308,0.261,0.2
2026,regular,641487,J.P. Crawford,SEA,30,128.0,102.0,17.0,21.0,3.0,0.0,4.0,11.0,24.0,20.0,1.0,36.0,0.206,0.357,0.353,0.71,0.7,1.2,0.133,0.567,0.367,0.667,0.8,15.62,18.75,0.218,0.259,0.136
2026,regular,663968,Jake Mangum,PIT,30,82.0,73.0,13.0,19.0,2.0,0.0,0.0,3.0,7.0,18.0,5.0,21.0,0.26,0.325,0.288,0.613,0.633,0.7,0.0,0.433,0.1,0.6,0.233,21.95,8.54,0.345,0.368,0.143
2026,regular,664728,Kyle Isbel,KCR,30,99.0,86.0,12.0,24.0,4.0,0.0,3.0,8.0,6.0,23.0,5.0,37.0,0.279,0.326,0.43,0.756,0.8,1.233,0.1,0.4,0.267,0.767,0.2,23.23,6.06,0.35,0.326,0.225
2026,regular,665750,Leody Taveras,BAL,30,99.0,83.0,11.0,23.0,5.0,1.0,2.0,19.0,15.0,19.0,1.0,36.0,0.277,0.388,0.434,0.822,0.767,1.2,0.067,0.367,0.633,0.633,0.5,19.19,15.15,0.339,0.297,0.261
2026,regular,650859,Luis Rengifo,MIL,30,112.0,101.0,9.0,19.0,8.0,0.0,0.0,11.0,8.0,13.0,1.0,27.0,0.188,0.248,0.267,0.515,0.633,0.9,0.0,0.3,0.367,0.433,0.267,11.61,7.14,0.216,0.14,0.224
2026,regular,663837,Matt Vierling,DET,30,90.0,80.0,9.0,18.0,7.0,0.0,2.0,15.0,8.0,14.0,1.0,31.0,0.225,0.295,0.388,0.683,0.6,1.033,0.067,0.3,0.5,0.467,0.267,15.56,8.89,0.25,0.257,0.2
2026,regular,670242,Matt Wallner,MIN,30,120.0,106.0,13.0,20.0,3.0,0.0,4.0,10.0,10.0,42.0,0.0,35.0,0.189,0.259,0.33,0.589,0.667,1.167,0.133,0.433,0.333,1.4,0.333,35.0,8.33,0.267,0.179,0.2
2026,regular,664702,Myles Straw,TOR,30,67.0,58.0,16.0,18.0,3.0,0.0,2.0,6.0,7.0,7.0,1.0,27.0,0.31,0.385,0.466,0.851,0.6,0.9,0.067,0.533,0.2,0.233,0.233,10.45,10.45,0.327,0.259,0.355
2026,regular,663743,Nick Fortes,TBR,30,95.0,90.0,5.0,24.0,5.0,0.0,1.0,8.0,2.0,12.0,0.0,32.0,0.267,0.283,0.356,0.639,0.8,1.067,0.033,0.167,0.267,0.4,0.067,12.63,2.11,0.299,0.2,0.333
2026,regular,701350,Roman Anthony,BOS,30,130.0,109.0,12.0,25.0,5.0,1.0,1.0,5.0,20.0,33.0,2.0,35.0,0.229,0.349,0.321,0.67,0.833,1.167,0.033,0.4,0.167,1.1,0.667,25.38,15.38,0.32,0.235,0.224
2026,regular,663886,Tyler Stephenson,CIN,30,102.0,88.0,6.0,18.0,4.0,0.0,2.0,6.0,13.0,29.0,0.0,28.0,0.205,0.307,0.318,0.625,0.6,0.933,0.067,0.2,0.2,0.967,0.433,28.43,12.75,0.281,0.179,0.224
2026,regular,669224,Austin Wells,NYY,29,107.0,87.0,10.0,17.0,1.0,0.0,3.0,5.0,19.0,21.0,0.0,27.0,0.195,0.34,0.31,0.65,0.586,0.931,0.103,0.345,0.172,0.724,0.655,19.63,17.76,0.222,0.19,0.2
2026,regular,694728,Brice Matthews,HOU,29,85.0,75.0,8.0,16.0,4.0,0.0,4.0,13.0,8.0,31.0,2.0,32.0,0.213,0.289,0.427,0.716,0.552,1.103,0.138,0.276,0.448,1.069,0.276,36.47,9.41,0.3,0.088,0.317
2026,regular,669326,Bryce Teodosio,LAA,29,40.0,36.0,4.0,10.0,2.0,0.0,0.0,2.0,3.0,15.0,4.0,12.0,0.278,0.333,0.333,0.666,0.345,0.414,0.0,0.138,0.069,0.517,0.103,37.5,7.5,0.476,0.417,0.208
2026,regular,687637,Dylan Beavers,BAL,29,106.0,92.0,14.0,20.0,4.0,0.0,2.0,11.0,12.0,25.0,3.0,30.0,0.217,0.308,0.326,0.634,0.69,1.034,0.069,0.483,0.379,0.862,0.414,23.58,11.32,0.277,0.222,0.213
2026,regular,680779,Henry Davis,PIT,29,88.0,77.0,10.0,12.0,3.0,0.0,2.0,7.0,8.0,17.0,1.0,21.0,0.156,0.235,0.273,0.508,0.414,0.724,0.069,0.345,0.241,0.586,0.276,19.32,9.09,0.172,0.209,0.088
2026,regular,691594,Javier Sanoja,MIA,29,80.0,73.0,2.0,22.0,4.0,0.0,0.0,10.0,7.0,11.0,2.0,26.0,0.301,0.362,0.356,0.718,0.759,0.897,0.0,0.069,0.345,0.379,0.241,13.75,8.75,0.355,0.37,0.185
2026,regular,687401,Joey Ortiz,MIL,29,87.0,76.0,12.0,14.0,0.0,0.0,0.0,8.0,8.0,19.0,4.0,14.0,0.184,0.262,0.184,0.446,0.483,0.483,0.0,0.414,0.276,0.655,0.276,21.84,9.2,0.246,0.233,0.121
2026,regular,678391,Jorbit Vivas,WSN,29,86.0,73.0,12.0,18.0,3.0,0.0,0.0,3.0,6.0,12.0,0.0,21.0,0.247,0.304,0.288,0.592,0.621,0.724,0.0,0.414,0.103,0.414,0.207,13.95,6.98,0.295,0.212,0.275
2026,regular,699912,Jose Fernandez,ARI,29,98.0,93.0,19.0,28.0,3.0,0.0,3.0,12.0,4.0,22.0,1.0,40.0,0.301,0.33,0.43,0.76,0.966,1.379,0.103,0.655,0.414,0.759,0.138,22.45,4.08,0.368,0.341,0.265
2026,regular,657041,Lane Thomas,KCR,29,82.0,66.0,7.0,15.0,1.0,0.0,1.0,6.0,15.0,14.0,3.0,19.0,0.227,0.37,0.288,0.658,0.517,0.655,0.034,0.241,0.207,0.483,0.517,17.07,18.29,0.275,0.2,0.25
2026,regular,682668,Luisangel Acuña,CHW,29,89.0,80.0,7.0,14.0,1.0,0.0,0.0,3.0,6.0,14.0,6.0,15.0,0.175,0.233,0.188,0.421,0.483,0.517,0.0,0.241,0.103,0.483,0.207,15.73,6.74,0.212,0.189,0.163
2026,regular,666160,Mickey Moniak,COL,29,116.0,107.0,20.0,35.0,7.0,1.0,11.0,21.0,7.0,29.0,1.0,77.0,0.327,0.368,0.72,1.088,1.207,2.655,0.379,0.69,0.724,1.0,0.241,25.0,6.03,0.358,0.375,0.256
2026,regular,672275,Patrick Bailey,SFG,29,89.0,82.0,5.0,12.0,0.0,0.0,1.0,5.0,7.0,22.0,2.0,15.0,0.146,0.213,0.183,0.396,0.414,0.517,0.034,0.172,0.172,0.759,0.241,24.72,7.87,0.186,0.116,0.179
2026,regular,656555,Rhys Hoskins,CLE,29,105.0,85.0,15.0,17.0,6.0,0.0,3.0,13.0,18.0,30.0,0.0,32.0,0.2,0.34,0.376,0.716,0.586,1.103,0.103,0.517,0.448,1.034,0.621,28.57,17.14,0.269,0.207,0.196
2026,regular,694212,Samuel Basallo,BAL,29,112.0,101.0,12.0,26.0,4.0,1.0,5.0,14.0,11.0,29.0,0.0,47.0,0.257,0.33,0.465,0.795,0.897,1.621,0.172,0.414,0.483,1.0,0.379,25.89,9.82,0.313,0.278,0.234
2026,regular,663616,Trevor Larnach,MIN,29,102.0,84.0,14.0,23.0,6.0,1.0,1.0,11.0,18.0,18.0,1.0,34.0,0.274,0.402,0.405,0.807,0.793,1.172,0.034,0.483,0.379,0.621,0.621,17.65,17.65,0.338,0.317,0.233
2026,regular,666126,Carlos Cortes,ATH,28,87.0,78.0,10.0,29.0,5.0,1.0,4.0,13.0,8.0,7.0,0.0,48.0,0.372,0.43,0.615,1.045,1.036,1.714,0.143,0.357,0.464,0.25,0.286,8.05,9.2,0.373,0.353,0.386
2026,regular,678554,Curtis Mead,WSN,28,90.0,78.0,14.0,17.0,6.0,0.0,4.0,13.0,11.0,15.0,2.0,35.0,0.218,0.315,0.449,0.764,0.607,1.25,0.143,0.5,0.464,0.536,0.393,16.67,12.22,0.22,0.25,0.184
2026,regular,676914,Davis Schneider,TOR,28,67.0,53.0,13.0,7.0,3.0,0.0,1.0,7.0,14.0,21.0,0.0,13.0,0.132,0.313,0.245,0.558,0.25,0.464,0.036,0.464,0.25,0.75,0.5,31.34,20.9,0.194,0.129,0.136
2026,regular,642086,Dominic Smith,ATL,28,78.0,71.0,11.0,23.0,2.0,0.0,4.0,18.0,3.0,11.0,0.0,37.0,0.324,0.351,0.521,0.872,0.821,1.321,0.143,0.393,0.643,0.393,0.107,14.1,3.85,0.339,0.395,0.242
2026,regular,677649,Ezequiel Duran,TEX,28,87.0,76.0,12.0,23.0,7.0,1.0,1.0,11.0,9.0,16.0,4.0,35.0,0.303,0.376,0.461,0.837,0.821,1.25,0.036,0.429,0.393,0.571,0.321,18.39,10.34,0.373,0.273,0.315
2026,regular,688363,Graham Pauley,MIA,28,81.0,75.0,8.0,13.0,6.0,0.0,1.0,9.0,5.0,19.0,1.0,22.0,0.173,0.225,0.293,0.518,0.464,0.786,0.036,0.286,0.321,0.679,0.179,23.46,6.17,0.218,0.15,0.2
2026,regular,545121,Ildemaro Vargas,ARI,28,116.0,110.0,19.0,40.0,7.0,2.0,6.0,22.0,4.0,11.0,0.0,69.0,0.364,0.386,0.627,1.013,1.429,2.464,0.214,0.679,0.786,0.393,0.143,9.48,3.45,0.366,0.353,0.373
2026,regular,676356,Jonny DeLuca,TBR,28,81.0,77.0,14.0,21.0,7.0,0.0,2.0,14.0,3.0,15.0,4.0,34.0,0.273,0.3,0.442,0.742,0.75,1.214,0.071,0.5,0.5,0.536,0.107,18.52,3.7,0.317,0.244,0.306
2026,regular,677588,José Tena,WSN,28,69.0,64.0,11.0,19.0,4.0,1.0,2.0,10.0,4.0,19.0,0.0,31.0,0.297,0.338,0.484,0.822,0.679,1.107,0.071,0.393,0.357,0.679,0.143,27.54,5.8,0.395,0.293,0.304
2026,regular,668901,Mark Vientos,NYM,28,100.0,92.0,10.0,22.0,4.0,0.0,4.0,14.0,7.0,24.0,0.0,38.0,0.239,0.293,0.413,0.706,0.786,1.357,0.143,0.357,0.5,0.857,0.25,24.0,7.0,0.281,0.175,0.288
2026,regular,680777,Ryan Jeffers,MIN,28,111.0,92.0,18.0,26.0,3.0,1.0,4.0,21.0,16.0,19.0,1.0,43.0,0.283,0.389,0.467,0.856,0.929,1.536,0.143,0.643,0.75,0.679,0.571,17.12,14.41,0.319,0.296,0.263
2026,regular,621438,Tyrone Taylor,NYM,28,67.0,63.0,4.0,12.0,1.0,0.0,2.0,9.0,2.0,10.0,0.0,19.0,0.19,0.215,0.302,0.517,0.429,0.679,0.071,0.143,0.321,0.357,0.071,14.93,2.99,0.196,0.259,0.139
2026,regular,666181,Will Benson,CIN,28,66.0,56.0,8.0,12.0,2.0,1.0,2.0,4.0,10.0,19.0,1.0,22.0,0.214,0.333,0.393,0.726,0.429,0.786,0.071,0.286,0.143,0.679,0.357,28.79,15.15,0.286,0.143,0.257
2026,regular,650489,Willi Castro,COL,28,102.0,94.0,13.0,23.0,5.0,0.0,1.0,11.0,7.0,34.0,2.0,31.0,0.245,0.297,0.33,0.627,0.821,1.107,0.036,0.464,0.393,1.214,0.25,33.33,6.86,0.373,0.34,0.149
2026,regular,624428,Adam Frazier,LAA,27,66.0,57.0,13.0,14.0,4.0,1.0,1.0,5.0,6.0,19.0,0.0,23.0,0.246,0.317,0.404,0.721,0.519,0.852,0.037,0.481,0.185,0.704,0.222,28.79,9.09,0.351,0.214,0.276
2026,regular,677950,Alek Thomas,ARI,27,98.0,92.0,12.0,17.0,9.0,0.0,2.0,10.0,3.0,23.0,4.0,32.0,0.185,0.211,0.348,0.559,0.63,1.185,0.074,0.444,0.37,0.852,0.111,23.47,3.06,0.224,0.267,0.106
2026,regular,666310,Bo Naylor,CLE,27,85.0,79.0,3.0,10.0,2.0,0.0,1.0,4.0,6.0,20.0,0.0,15.0,0.127,0.188,0.19,0.378,0.37,0.556,0.037,0.111,0.148,0.741,0.222,23.53,7.06,0.155,0.062,0.17
2026,regular,663604,Brandon Lockridge,MIL,27,94.0,83.0,8.0,23.0,4.0,0.0,0.0,10.0,10.0,25.0,5.0,27.0,0.277,0.355,0.325,0.68,0.852,1.0,0.0,0.296,0.37,0.926,0.37,26.6,10.64,0.397,0.25,0.308
2026,regular,608348,Carson Kelly,CHC,27,104.0,90.0,14.0,28.0,4.0,0.0,2.0,13.0,13.0,17.0,0.0,38.0,0.311,0.398,0.422,0.82,1.037,1.407,0.074,0.519,0.481,0.63,0.481,16.35,12.5,0.366,0.304,0.324
2026,regular,700337,Edgar Quero,CHW,27,93.0,78.0,3.0,12.0,1.0,0.0,0.0,6.0,9.0,22.0,1.0,13.0,0.154,0.241,0.167,0.408,0.444,0.481,0.0,0.111,0.222,0.815,0.333,23.66,9.68,0.214,0.176,0.136
2026,regular,666023,Freddy Fermin,SDP,27,72.0,60.0,10.0,9.0,4.0,0.0,0.0,3.0,8.0,15.0,0.0,13.0,0.15,0.25,0.217,0.467,0.333,0.481,0.0,0.37,0.111,0.556,0.296,20.83,11.11,0.2,0.097,0.207
2026,regular,664983,Jake McCarthy,COL,27,77.0,65.0,7.0,17.0,5.0,2.0,1.0,9.0,7.0,12.0,6.0,29.0,0.262,0.333,0.446,0.779,0.63,1.074,0.037,0.259,0.333,0.444,0.259,15.58,9.09,0.308,0.25,0.27
2026,regular,681546,James Outman,MIN,27,34.0,32.0,6.0,4.0,2.0,0.0,0.0,0.0,2.0,12.0,4.0,6.0,0.125,0.176,0.188,0.364,0.148,0.222,0.0,0.222,0.0,0.444,0.074,35.29,5.88,0.2,0.158,0.077
2026,regular,672820,Lenyn Sosa,TOR,27,82.0,80.0,8.0,19.0,6.0,0.0,1.0,9.0,0.0,18.0,0.0,28.0,0.237,0.237,0.35,0.587,0.704,1.037,0.037,0.296,0.333,0.667,0.0,21.95,0.0,0.295,0.19,0.254
2026,regular,808975,Hyeseong Kim,LAD,26,78.0,70.0,10.0,22.0,3.0,1.0,1.0,8.0,7.0,14.0,5.0,30.0,0.314,0.377,0.429,0.806,0.846,1.154,0.038,0.385,0.308,0.538,0.269,17.95,8.97,0.382,0.226,0.385
2026,regular,687597,Jordan Beck,COL,26,75.0,70.0,5.0,12.0,3.0,1.0,1.0,10.0,4.0,19.0,2.0,20.0,0.171,0.216,0.286,0.502,0.462,0.769,0.038,0.192,0.385,0.731,0.154,25.33,5.33,0.22,0.179,0.167
2026,regular,678489,Jorge Barrosa,ARI,26,76.0,69.0,9.0,14.0,9.0,1.0,1.0,7.0,4.0,22.0,0.0,28.0,0.203,0.247,0.406,0.653,0.538,1.077,0.038,0.346,0.269,0.846,0.154,28.95,5.26,0.283,0.13,0.239
2026,regular,665019,Kody Clemens,MIN,26,97.0,82.0,11.0,16.0,4.0,0.0,3.0,9.0,11.0,27.0,4.0,29.0,0.195,0.29,0.354,0.644,0.615,1.115,0.115,0.423,0.346,1.038,0.423,27.84,11.34,0.25,0.186,0.205
2026,regular,681351,Logan O'Hoppe,LAA,26,93.0,78.0,9.0,16.0,1.0,0.0,1.0,8.0,11.0,23.0,0.0,20.0,0.205,0.303,0.256,0.559,0.615,0.769,0.038,0.346,0.308,0.885,0.423,24.73,11.83,0.278,0.188,0.217
2026,regular,691777,Max Muncy,ATH,26,104.0,92.0,15.0,22.0,5.0,2.0,2.0,7.0,6.0,37.0,2.0,37.0,0.239,0.286,0.402,0.688,0.846,1.423,0.077,0.577,0.269,1.423,0.231,35.58,5.77,0.377,0.29,0.213
2026,regular,609280,Miguel Andujar,SDP,26,95.0,91.0,9.0,28.0,7.0,2.0,2.0,10.0,3.0,15.0,1.0,45.0,0.308,0.33,0.495,0.825,1.077,1.731,0.077,0.346,0.385,0.577,0.115,15.79,3.16,0.351,0.286,0.327
2026,regular,663993,Nathaniel Lowe,CIN,26,82.0,73.0,9.0,20.0,5.0,0.0,6.0,16.0,9.0,17.0,0.0,43.0,0.274,0.354,0.589,0.943,0.769,1.654,0.231,0.346,0.615,0.654,0.346,20.73,10.98,0.28,0.323,0.238
2026,regular,605170,Victor Caratini,MIN,26,104.0,86.0,6.0,18.0,1.0,0.0,1.0,13.0,9.0,18.0,0.0,22.0,0.209,0.284,0.256,0.54,0.692,0.846,0.038,0.231,0.5,0.692,0.346,17.31,8.65,0.254,0.255,0.154
2026,regular,673237,Yainer Diaz,HOU,26,106.0,101.0,7.0,25.0,5.0,0.0,2.0,14.0,3.0,16.0,0.0,36.0,0.248,0.269,0.356,0.625,0.962,1.385,0.077,0.269,0.538,0.615,0.115,15.09,2.83,0.277,0.179,0.29
2026,regular,686452,Drew Millas,WSN,25,65.0,58.0,7.0,10.0,3.0,0.0,1.0,5.0,5.0,18.0,0.0,16.0,0.172,0.238,0.276,0.514,0.4,0.64,0.04,0.28,0.2,0.72,0.2,27.69,7.69,0.231,0.179,0.167
2026,regular,553993,Eugenio Suárez,CIN,25,100.0,91.0,10.0,21.0,3.0,0.0,3.0,11.0,9.0,30.0,0.0,33.0,0.231,0.3,0.363,0.663,0.84,1.32,0.12,0.4,0.44,1.2,0.36,30.0,9.0,0.31,0.268,0.2
2026,regular,641584,Jake Fraley,TBR,25,78.0,71.0,5.0,18.0,6.0,0.0,2.0,5.0,7.0,20.0,2.0,30.0,0.254,0.321,0.423,0.744,0.72,1.2,0.08,0.2,0.2,0.8,0.28,25.64,8.97,0.327,0.242,0.263
2026,regular,686894,Joey Wiemer,WSN,25,66.0,58.0,13.0,18.0,3.0,1.0,3.0,8.0,8.0,25.0,1.0,32.0,0.31,0.394,0.552,0.946,0.72,1.28,0.12,0.52,0.32,1.0,0.32,37.88,12.12,0.5,0.2,0.368
2026,regular,602104,Ramón Urías,STL,25,68.0,57.0,9.0,9.0,3.0,0.0,2.0,5.0,6.0,12.0,0.0,18.0,0.158,0.238,0.316,0.554,0.36,0.72,0.08,0.36,0.2,0.48,0.24,17.65,8.82,0.163,0.152,0.167
2026,regular,670764,Taylor Walls,TBR,25,88.0,73.0,12.0,15.0,3.0,0.0,0.0,6.0,10.0,21.0,5.0,18.0,0.205,0.301,0.247,0.548,0.6,0.72,0.0,0.48,0.24,0.84,0.4,23.86,11.36,0.288,0.261,0.111
2026,regular,457705,Andrew McCutchen,TEX,24,56.0,51.0,6.0,12.0,2.0,0.0,1.0,5.0,4.0,18.0,0.0,17.0,0.235,0.291,0.333,0.624,0.5,0.708,0.042,0.25,0.208,0.75,0.167,32.14,7.14,0.344,0.125,0.286
2026,regular,695257,Billy Cook,PIT,24,13.0,13.0,5.0,4.0,0.0,0.0,0.0,0.0,0.0,5.0,2.0,4.0,0.308,0.308,0.308,0.616,0.167,0.167,0.0,0.208,0.0,0.208,0.0,38.46,0.0,0.5,0.667,0.0
2026,regular,643376,Danny Jansen,TEX,24,85.0,76.0,6.0,15.0,4.0,1.0,2.0,8.0,7.0,27.0,0.0,27.0,0.197,0.265,0.355,0.62,0.625,1.125,0.083,0.25,0.333,1.125,0.292,31.76,8.24,0.277,0.172,0.213
2026,regular,642201,Eli White,ATL,24,57.0,54.0,7.0,12.0,1.0,1.0,2.0,9.0,2.0,11.0,0.0,21.0,0.222,0.25,0.389,0.639,0.5,0.875,0.083,0.292,0.375,0.458,0.083,19.3,3.51,0.244,0.2,0.235
2026,regular,596019,Francisco Lindor,NYM,24,105.0,93.0,14.0,21.0,2.0,2.0,2.0,5.0,11.0,19.0,2.0,33.0,0.226,0.308,0.355,0.663,0.875,1.375,0.083,0.583,0.208,0.792,0.458,18.1,10.48,0.264,0.279,0.18
2026,regular,596142,Gary Sánchez,MIL,24,89.0,71.0,11.0,15.0,2.0,1.0,5.0,14.0,17.0,18.0,0.0,34.0,0.211,0.364,0.479,0.843,0.625,1.417,0.208,0.458,0.583,0.75,0.708,20.22,19.1,0.208,0.308,0.156
2026,regular,519317,Giancarlo Stanton,NYY,24,96.0,90.0,8.0,23.0,6.0,0.0,3.0,14.0,6.0,29.0,1.0,38.0,0.256,0.302,0.422,0.724,0.958,1.583,0.125,0.333,0.583,1.208,0.25,30.21,6.25,0.345,0.146,0.381
2026,regular,663330,Jahmai Jones,DET,24,45.0,43.0,6.0,9.0,2.0,0.0,2.0,5.0,2.0,15.0,0.0,17.0,0.209,0.244,0.395,0.639,0.375,0.708,0.083,0.25,0.208,0.625,0.083,33.33,4.44,0.269,0.25,0.185
2026,regular,595879,Javier Báez,DET,24,82.0,78.0,10.0,20.0,5.0,0.0,2.0,6.0,2.0,16.0,1.0,31.0,0.256,0.275,0.397,0.672,0.833,1.292,0.083,0.417,0.25,0.667,0.083,19.51,2.44,0.3,0.219,0.283
2026,regular,673357,Luis Robert Jr.,NYM,24,98.0,85.0,10.0,19.0,3.0,0.0,2.0,8.0,13.0,17.0,2.0,28.0,0.224,0.327,0.329,0.656,0.792,1.167,0.083,0.417,0.333,0.708,0.542,17.35,13.27,0.258,0.233,0.214
2026,regular,686681,Michael Massey,KCR,24,70.0,65.0,7.0,14.0,5.0,0.0,2.0,9.0,3.0,18.0,1.0,25.0,0.215,0.25,0.385,0.635,0.583,1.042,0.083,0.292,0.375,0.75,0.125,25.71,4.29,0.267,0.333,0.094
2026,regular,686780,Pedro Pagés,STL,24,87.0,79.0,8.0,18.0,3.0,0.0,3.0,8.0,4.0,22.0,2.0,30.0,0.228,0.265,0.38,0.645,0.75,1.25,0.125,0.333,0.333,0.917,0.167,25.29,4.6,0.278,0.227,0.229
2026,regular,680700,Richie Palacios,TBR,24,66.0,52.0,8.0,10.0,1.0,0.0,1.0,5.0,10.0,14.0,4.0,14.0,0.192,0.323,0.269,0.592,0.417,0.583,0.042,0.333,0.208,0.583,0.417,21.21,15.15,0.243,0.105,0.242
2026,regular,673548,Seiya Suzuki,CHC,24,106.0,89.0,17.0,27.0,3.0,0.0,6.0,14.0,14.0,24.0,0.0,48.0,0.303,0.398,0.539,0.937,1.125,2.0,0.25,0.708,0.583,1.0,0.583,22.64,13.21,0.356,0.286,0.333
2026,regular,665966,Carlos Narváez,BOS,23,82.0,75.0,9.0,16.0,3.0,0.0,2.0,3.0,5.0,22.0,1.0,25.0,0.213,0.263,0.333,0.596,0.696,1.087,0.087,0.391,0.13,0.957,0.217,26.83,6.1,0.275,0.229,0.2
2026,regular,687231,Darell Hernaiz,ATH,23,61.0,52.0,5.0,11.0,0.0,0.0,1.0,5.0,8.0,10.0,2.0,14.0,0.212,0.317,0.269,0.586,0.478,0.609,0.043,0.217,0.217,0.435,0.348,16.39,13.11,0.244,0.25,0.15
2026,regular,622761,Jorge Mateo,ATL,23,50.0,48.0,12.0,13.0,2.0,0.0,2.0,5.0,2.0,18.0,4.0,21.0,0.271,0.3,0.438,0.738,0.565,0.913,0.087,0.522,0.217,0.783,0.087,36.0,4.0,0.393,0.294,0.258
2026,regular,660688,Keibert Ruiz,WSN,23,69.0,66.0,4.0,12.0,5.0,0.0,1.0,9.0,1.0,11.0,0.0,20.0,0.182,0.194,0.303,0.497,0.522,0.87,0.043,0.174,0.391,0.478,0.043,15.94,1.45,0.204,0.219,0.147
2026,regular,500743,Miguel Rojas,LAD,23,61.0,55.0,4.0,15.0,3.0,0.0,1.0,5.0,4.0,8.0,0.0,21.0,0.273,0.322,0.382,0.704,0.652,0.913,0.043,0.174,0.217,0.348,0.174,13.11,6.56,0.304,0.435,0.156
2026,regular,592206,Nick Castellanos,SDP,23,73.0,68.0,4.0,13.0,4.0,0.0,1.0,11.0,4.0,18.0,1.0,20.0,0.191,0.236,0.294,0.53,0.565,0.87,0.043,0.174,0.478,0.783,0.174,24.66,5.48,0.245,0.146,0.259
2026,regular,694377,Nick Yorke,PIT,23,78.0,68.0,6.0,15.0,3.0,0.0,1.0,6.0,7.0,15.0,0.0,21.0,0.221,0.293,0.309,0.602,0.652,0.913,0.043,0.261,0.261,0.652,0.304,19.23,8.97,0.269,0.25,0.179
2026,regular,668904,Royce Lewis,MIN,23,89.0,77.0,8.0,13.0,2.0,0.0,3.0,11.0,9.0,27.0,2.0,24.0,0.169,0.256,0.312,0.568,0.565,1.043,0.13,0.348,0.478,1.174,0.391,30.34,10.11,0.213,0.171,0.167
2026,regular,672761,Wenceel Pérez,DET,23,70.0,65.0,7.0,10.0,1.0,0.0,2.0,6.0,5.0,8.0,3.0,17.0,0.154,0.214,0.262,0.476,0.435,0.739,0.087,0.304,0.261,0.348,0.217,11.43,7.14,0.145,0.143,0.174
2026,regular,668939,Adley Rutschman,BAL,22,87.0,80.0,10.0,25.0,8.0,0.0,4.0,20.0,6.0,11.0,0.0,45.0,0.312,0.36,0.562,0.922,1.136,2.045,0.182,0.455,0.909,0.5,0.273,12.64,6.9,0.323,0.4,0.225
2026,regular,681807,David Fry,CLE,22,56.0,46.0,9.0,11.0,1.0,0.0,3.0,6.0,10.0,17.0,0.0,21.0,0.239,0.375,0.457,0.832,0.5,0.955,0.136,0.409,0.273,0.773,0.455,30.36,17.86,0.308,0.25,0.235
2026,regular,672016,Denzel Clarke,ATH,22,60.0,53.0,4.0,9.0,1.0,0.0,0.0,6.0,4.0,24.0,2.0,10.0,0.17,0.228,0.189,0.417,0.409,0.455,0.0,0.182,0.273,1.091,0.182,40.0,6.67,0.31,0.227,0.129
2026,regular,681715,Heriberto Hernández,MIA,22,74.0,63.0,4.0,10.0,0.0,1.0,0.0,9.0,10.0,14.0,3.0,12.0,0.159,0.274,0.19,0.464,0.455,0.545,0.0,0.182,0.409,0.636,0.455,18.92,13.51,0.204,0.188,0.129
2026,regular,807799,Masataka Yoshida,BOS,22,69.0,58.0,7.0,18.0,4.0,0.0,0.0,5.0,10.0,8.0,1.0,22.0,0.31,0.412,0.379,0.791,0.818,1.0,0.0,0.318,0.227,0.364,0.455,11.59,14.49,0.36,0.348,0.286
2026,regular,665804,Miguel Amaya,CHC,22,67.0,55.0,10.0,12.0,1.0,0.0,2.0,6.0,9.0,15.0,0.0,19.0,0.218,0.328,0.345,0.673,0.545,0.864,0.091,0.455,0.273,0.682,0.409,22.39,13.43,0.263,0.161,0.292
2026,regular,642708,Amed Rosario,NYY,21,67.0,60.0,7.0,16.0,1.0,1.0,4.0,14.0,5.0,13.0,0.0,31.0,0.267,0.323,0.517,0.84,0.762,1.476,0.19,0.333,0.667,0.619,0.238,19.4,7.46,0.279,0.265,0.269
2026,regular,592663,J.T. Realmuto,PHI,21,76.0,68.0,7.0,18.0,3.0,0.0,1.0,7.0,5.0,12.0,0.0,24.0,0.265,0.315,0.353,0.668,0.857,1.143,0.048,0.333,0.333,0.571,0.238,15.79,6.58,0.309,0.292,0.2
2026,regular,665742,Juan Soto,NYM,21,91.0,77.0,10.0,23.0,4.0,0.0,4.0,10.0,13.0,14.0,1.0,39.0,0.299,0.4,0.506,0.906,1.095,1.857,0.19,0.476,0.476,0.667,0.619,15.38,14.29,0.322,0.341,0.25
2026,regular,608701,Rob Refsnyder,SEA,21,48.0,43.0,4.0,6.0,0.0,0.0,2.0,3.0,4.0,12.0,0.0,12.0,0.14,0.213,0.279,0.492,0.286,0.571,0.095,0.19,0.143,0.571,0.19,25.0,8.33,0.138,0.111,0.188
2026,regular,668723,Ryan Vilade,TBR,21,49.0,44.0,5.0,12.0,2.0,0.0,1.0,9.0,4.0,9.0,1.0,17.0,0.273,0.333,0.386,0.719,0.571,0.81,0.048,0.238,0.429,0.429,0.19,18.37,8.16,0.324,0.261,0.286
2026,regular,671289,Tyler Freeman,COL,21,78.0,65.0,6.0,19.0,2.0,0.0,1.0,11.0,3.0,9.0,3.0,24.0,0.292,0.324,0.369,0.693,0.905,1.143,0.048,0.286,0.524,0.429,0.143,11.54,3.85,0.327,0.296,0.289
2026,regular,623168,Tyler Heineman,TOR,21,59.0,53.0,4.0,9.0,0.0,0.0,0.0,2.0,1.0,14.0,0.0,9.0,0.17,0.185,0.17,0.355,0.429,0.429,0.0,0.19,0.095,0.667,0.048,23.73,1.69,0.231,0.222,0.115
2026,regular,680728,Adrian Del Castillo,ARI,20,74.0,70.0,7.0,15.0,3.0,0.0,3.0,15.0,3.0,23.0,0.0,27.0,0.214,0.247,0.386,0.633,0.75,1.35,0.15,0.35,0.75,1.15,0.15,31.08,4.05,0.273,0.129,0.282
2026,regular,678218,Brandon Valenzuela,TOR,20,54.0,50.0,6.0,10.0,0.0,0.0,3.0,6.0,4.0,17.0,0.0,19.0,0.2,0.259,0.38,0.639,0.5,0.95,0.15,0.3,0.3,0.85,0.2,31.48,7.41,0.233,0.19,0.207
2026,regular,667670,Brent Rooker,ATH,20,85.0,75.0,7.0,12.0,1.0,0.0,3.0,12.0,8.0,29.0,2.0,22.0,0.16,0.241,0.293,0.534,0.6,1.1,0.15,0.35,0.6,1.45,0.4,34.12,9.41,0.209,0.212,0.119
2026,regular,543877,Christian Vázquez,HOU,20,67.0,61.0,6.0,18.0,4.0,0.0,2.0,11.0,5.0,12.0,0.0,28.0,0.295,0.348,0.459,0.807,0.9,1.4,0.1,0.3,0.55,0.6,0.25,17.91,7.46,0.34,0.242,0.357
2026,regular,543807,George Springer,TOR,20,84.0,74.0,4.0,14.0,4.0,0.0,2.0,7.0,9.0,16.0,1.0,24.0,0.189,0.277,0.324,0.601,0.7,1.2,0.1,0.2,0.35,0.8,0.45,19.05,10.71,0.214,0.205,0.167
2026,regular,694388,Joey Loperfido,HOU,20,66.0,58.0,7.0,16.0,5.0,0.0,0.0,7.0,6.0,19.0,1.0,21.0,0.276,0.344,0.362,0.706,0.8,1.05,0.0,0.35,0.35,0.95,0.3,28.79,9.09,0.41,0.267,0.286
2026,regular,624424,Michael Conforto,CHC,20,41.0,33.0,6.0,10.0,4.0,0.0,1.0,6.0,7.0,11.0,0.0,17.0,0.303,0.425,0.515,0.94,0.5,0.85,0.05,0.3,0.3,0.55,0.35,26.83,17.07,0.429,0.286,0.316
2026,regular,664770,Nathan Lukes,TOR,20,56.0,52.0,5.0,13.0,4.0,0.0,0.0,8.0,1.0,7.0,0.0,17.0,0.25,0.264,0.327,0.591,0.65,0.85,0.0,0.25,0.4,0.35,0.05,12.5,1.79,0.289,0.136,0.333
2026,regular,803011,Sam Antonacci,CHW,20,74.0,61.0,9.0,16.0,2.0,2.0,1.0,8.0,6.0,7.0,1.0,25.0,0.262,0.328,0.41,0.738,0.8,1.25,0.05,0.45,0.4,0.35,0.3,9.46,8.11,0.283,0.25,0.268
2026,regular,664059,Sam Haggerty,TEX,20,30.0,28.0,2.0,5.0,0.0,0.0,0.0,1.0,1.0,13.0,1.0,5.0,0.179,0.207,0.179,0.386,0.25,0.25,0.0,0.1,0.05,0.65,0.05,43.33,3.33,0.333,0.231,0.133
2026,regular,664034,Ty France,SDP,20,58.0,55.0,8.0,16.0,2.0,2.0,3.0,10.0,2.0,5.0,1.0,31.0,0.291,0.316,0.564,0.88,0.8,1.55,0.15,0.4,0.5,0.25,0.1,8.62,3.45,0.277,0.306,0.263
2026,regular,694671,Wyatt Langford,TEX,20,84.0,80.0,9.0,19.0,3.0,2.0,1.0,4.0,4.0,19.0,3.0,29.0,0.237,0.274,0.362,0.636,0.95,1.45,0.05,0.45,0.2,0.95,0.2,22.62,4.76,0.3,0.174,0.263
2026,regular,680869,Zack Gelof,ATH,20,52.0,47.0,9.0,12.0,2.0,0.0,2.0,7.0,3.0,13.0,2.0,20.0,0.255,0.3,0.426,0.726,0.6,1.0,0.1,0.45,0.35,0.65,0.15,25.0,5.77,0.312,0.292,0.217
2026,regular,655316,Andruw Monasterio,BOS,19,60.0,55.0,7.0,12.0,4.0,0.0,1.0,9.0,5.0,12.0,1.0,19.0,0.218,0.283,0.345,0.628,0.632,1.0,0.053,0.368,0.474,0.632,0.263,20.0,8.33,0.262,0.056,0.297
2026,regular,663368,Blake Perkins,MIL,19,53.0,46.0,6.0,5.0,3.0,0.0,0.0,5.0,5.0,13.0,1.0,8.0,0.109,0.196,0.174,0.37,0.263,0.421,0.0,0.316,0.263,0.684,0.263,24.53,9.43,0.152,0.053,0.148
2026,regular,664954,Brett Sullivan,COL,19,56.0,52.0,2.0,14.0,6.0,0.0,0.0,7.0,3.0,10.0,0.0,20.0,0.269,0.309,0.385,0.694,0.737,1.053,0.0,0.105,0.368,0.526,0.158,17.86,5.36,0.333,0.25,0.286
2026,regular,669369,Bryce Johnson,SDP,19,27.0,24.0,4.0,5.0,2.0,0.0,0.0,2.0,2.0,10.0,4.0,7.0,0.208,0.269,0.292,0.561,0.263,0.368,0.0,0.211,0.105,0.526,0.105,37.04,7.41,0.357,0.143,0.3
2026,regular,687221,Dalton Rushing,LAD,19,65.0,58.0,14.0,19.0,2.0,0.0,7.0,17.0,4.0,16.0,0.0,42.0,0.328,0.371,0.724,1.095,1.0,2.211,0.368,0.737,0.895,0.842,0.211,24.62,6.15,0.343,0.28,0.364
2026,regular,687551,Drew Gilbert,SFG,19,58.0,54.0,6.0,14.0,1.0,0.0,2.0,5.0,3.0,11.0,0.0,21.0,0.259,0.298,0.389,0.687,0.737,1.105,0.105,0.316,0.263,0.579,0.158,18.97,5.17,0.293,0.208,0.3
2026,regular,624641,Edmundo Sosa,PHI,19,53.0,51.0,6.0,15.0,3.0,0.0,1.0,10.0,2.0,10.0,2.0,21.0,0.294,0.321,0.412,0.733,0.789,1.105,0.053,0.316,0.526,0.526,0.105,18.87,3.77,0.35,0.281,0.316
2026,regular,676439,Hunter Feduccia,TBR,19,44.0,36.0,5.0,10.0,1.0,0.0,0.0,4.0,6.0,14.0,0.0,11.0,0.278,0.381,0.306,0.687,0.526,0.579,0.0,0.263,0.211,0.737,0.316,31.82,13.64,0.455,0.312,0.25
2026,regular,545341,Randal Grichuk,CHW,19,38.0,36.0,8.0,7.0,4.0,0.0,0.0,3.0,1.0,10.0,0.0,11.0,0.194,0.216,0.306,0.522,0.368,0.579,0.0,0.421,0.158,0.526,0.053,26.32,2.63,0.269,0.182,0.2
2026,regular,694374,Tim Tawa,ARI,19,53.0,45.0,3.0,7.0,2.0,0.0,1.0,6.0,6.0,11.0,0.0,12.0,0.156,0.255,0.267,0.522,0.368,0.632,0.053,0.158,0.316,0.579,0.316,20.75,11.32,0.182,0.211,0.115
2026,regular,656484,Tristan Gray,MIN,19,64.0,58.0,8.0,15.0,1.0,0.0,3.0,13.0,3.0,21.0,0.0,25.0,0.259,0.295,0.431,0.726,0.789,1.316,0.158,0.421,0.684,1.105,0.158,32.81,4.69,0.353,0.258,0.259
2026,regular,680977,Brendan Donovan,SEA,18,71.0,56.0,7.0,17.0,3.0,0.0,3.0,8.0,9.0,12.0,1.0,29.0,0.304,0.4,0.518,0.918,0.944,1.611,0.167,0.389,0.444,0.667,0.5,16.9,12.68,0.341,0.364,0.217
2026,regular,677592,Everson Pereira,CHW,18,71.0,64.0,7.0,16.0,4.0,0.0,3.0,7.0,4.0,21.0,1.0,29.0,0.25,0.294,0.453,0.747,0.889,1.611,0.167,0.389,0.389,1.167,0.222,29.58,5.63,0.325,0.261,0.244
2026,regular,663698,Joey Bart,PIT,18,50.0,46.0,5.0,9.0,1.0,0.0,1.0,3.0,2.0,18.0,0.0,13.0,0.196,0.229,0.283,0.512,0.5,0.722,0.056,0.278,0.167,1.0,0.111,36.0,4.0,0.296,0.28,0.095
2026,regular,669134,Luis Campusano,SDP,18,58.0,52.0,9.0,15.0,7.0,0.0,3.0,10.0,5.0,15.0,0.0,31.0,0.288,0.351,0.596,0.947,0.833,1.722,0.167,0.5,0.556,0.833,0.278,25.86,8.62,0.353,0.233,0.364
2026,regular,641598,Mitch Garver,SEA,18,56.0,45.0,6.0,8.0,1.0,0.0,0.0,1.0,11.0,17.0,0.0,9.0,0.178,0.339,0.2,0.539,0.444,0.5,0.0,0.333,0.056,0.944,0.611,30.36,19.64,0.286,0.143,0.235
2026,regular,669289,Santiago Espinal,LAD,18,29.0,27.0,3.0,5.0,2.0,0.0,0.0,2.0,0.0,5.0,0.0,7.0,0.185,0.185,0.259,0.444,0.278,0.389,0.0,0.167,0.111,0.278,0.0,17.24,0.0,0.227,0.154,0.214
2026,regular,695336,Thomas Saggese,STL,18,57.0,53.0,5.0,9.0,2.0,0.0,0.0,2.0,4.0,19.0,0.0,11.0,0.17,0.228,0.208,0.436,0.5,0.611,0.0,0.278,0.111,1.056,0.222,33.33,7.02,0.265,0.143,0.188
2026,regular,641933,Tyler O'Neill,BAL,18,56.0,46.0,9.0,9.0,0.0,0.0,1.0,4.0,8.0,12.0,0.0,12.0,0.196,0.315,0.261,0.576,0.5,0.667,0.056,0.5,0.222,0.667,0.444,21.43,14.29,0.242,0.16,0.238
2026,regular,687093,Vaughn Grissom,LAA,18,64.0,53.0,6.0,14.0,4.0,0.0,1.0,7.0,8.0,5.0,0.0,21.0,0.264,0.361,0.396,0.757,0.778,1.167,0.056,0.333,0.389,0.278,0.444,7.81,12.5,0.277,0.095,0.375
2026,regular,596103,Austin Slater,NYM,17,37.0,32.0,2.0,7.0,1.0,0.0,0.0,1.0,4.0,11.0,1.0,8.0,0.219,0.306,0.25,0.556,0.412,0.471,0.0,0.118,0.059,0.647,0.235,29.73,10.81,0.333,0.0,0.438
2026,regular,687957,Dustin Harris,HOU,17,52.0,43.0,6.0,10.0,1.0,1.0,0.0,5.0,6.0,7.0,4.0,13.0,0.233,0.327,0.302,0.629,0.588,0.765,0.0,0.353,0.294,0.412,0.353,13.46,11.54,0.278,0.083,0.29
2026,regular,672515,Gabriel Moreno,ARI,17,61.0,56.0,8.0,14.0,6.0,0.0,1.0,8.0,3.0,14.0,0.0,23.0,0.25,0.288,0.411,0.699,0.824,1.353,0.059,0.471,0.471,0.824,0.176,22.95,4.92,0.317,0.241,0.259
2026,regular,643396,Isiah Kiner-Falefa,BOS,17,42.0,39.0,5.0,8.0,0.0,0.0,0.0,4.0,2.0,7.0,2.0,8.0,0.205,0.244,0.205,0.449,0.471,0.471,0.0,0.294,0.235,0.412,0.118,16.67,4.76,0.25,0.118,0.273
2026,regular,543510,James McCann,ARI,17,52.0,50.0,3.0,9.0,3.0,0.0,0.0,6.0,1.0,17.0,0.0,12.0,0.18,0.196,0.24,0.436,0.529,0.706,0.0,0.176,0.353,1.0,0.059,32.69,1.92,0.273,0.115,0.25
2026,regular,666464,Jerar Encarnacion,SFG,17,35.0,34.0,1.0,6.0,1.0,0.0,0.0,0.0,1.0,8.0,0.0,7.0,0.176,0.2,0.206,0.406,0.353,0.412,0.0,0.059,0.0,0.471,0.059,22.86,2.86,0.231,0.263,0.067
2026,regular,663697,Jonathan India,KCR,17,58.0,48.0,8.0,8.0,1.0,0.0,2.0,8.0,8.0,13.0,0.0,15.0,0.167,0.286,0.312,0.598,0.471,0.882,0.118,0.471,0.471,0.765,0.471,22.41,13.79,0.182,0.238,0.111
2026,regular,543309,Kyle Higashioka,TEX,17,60.0,54.0,5.0,11.0,1.0,0.0,1.0,4.0,6.0,19.0,0.0,15.0,0.204,0.283,0.278,0.561,0.647,0.882,0.059,0.294,0.235,1.118,0.353,31.67,10.0,0.294,0.273,0.156
2026,regular,669743,Alex Call,LAD,16,42.0,34.0,7.0,11.0,3.0,0.0,0.0,4.0,7.0,4.0,0.0,14.0,0.324,0.439,0.412,0.851,0.688,0.875,0.0,0.438,0.25,0.25,0.438,9.52,16.67,0.367,0.375,0.308
2026,regular,620443,Luis Torrens,NYM,16,42.0,39.0,4.0,7.0,3.0,0.0,0.0,6.0,1.0,8.0,0.0,10.0,0.179,0.2,0.256,0.456,0.438,0.625,0.0,0.25,0.375,0.5,0.062,19.05,2.38,0.226,0.167,0.19
2026,regular,669004,MJ Melendez,NYM,16,45.0,39.0,4.0,13.0,3.0,1.0,2.0,6.0,4.0,15.0,0.0,24.0,0.333,0.395,0.615,1.01,0.812,1.5,0.125,0.25,0.375,0.938,0.25,33.33,8.89,0.5,0.333,0.333
2026,regular,669397,Nick Allen,HOU,16,27.0,25.0,5.0,6.0,1.0,0.0,0.0,0.0,2.0,5.0,0.0,7.0,0.24,0.296,0.28,0.576,0.375,0.438,0.0,0.312,0.0,0.312,0.125,18.52,7.41,0.3,0.273,0.214
2026,regular,665561,Rafael Marchán,PHI,16,54.0,51.0,3.0,4.0,0.0,0.0,1.0,2.0,1.0,11.0,0.0,7.0,0.078,0.096,0.137,0.233,0.25,0.438,0.062,0.188,0.125,0.688,0.062,20.37,1.85,0.077,0.048,0.1
2026,regular,656716,Zach McKinstry,DET,16,54.0,49.0,2.0,9.0,2.0,0.0,1.0,5.0,5.0,12.0,0.0,14.0,0.184,0.259,0.286,0.545,0.562,0.875,0.062,0.125,0.312,0.75,0.312,22.22,9.26,0.222,0.222,0.136
2026,regular,595978,Austin Hedges,CLE,15,50.0,45.0,11.0,14.0,4.0,0.0,1.0,3.0,4.0,10.0,1.0,21.0,0.311,0.367,0.467,0.834,0.933,1.4,0.067,0.733,0.2,0.667,0.267,20.0,8.0,0.382,0.261,0.364
2026,regular,592885,Christian Yelich,MIL,15,56.0,51.0,10.0,16.0,2.0,1.0,1.0,10.0,5.0,14.0,3.0,23.0,0.314,0.375,0.451,0.826,1.067,1.533,0.067,0.667,0.667,0.933,0.333,25.0,8.93,0.417,0.276,0.364
2026,regular,657136,Connor Wong,BOS,15,51.0,44.0,3.0,11.0,5.0,0.0,0.0,6.0,4.0,8.0,1.0,16.0,0.25,0.312,0.364,0.676,0.733,1.067,0.0,0.2,0.4,0.533,0.267,15.69,7.84,0.306,0.143,0.3
2026,regular,664056,Harrison Bader,SFG,15,55.0,52.0,4.0,6.0,1.0,0.0,1.0,3.0,2.0,17.0,0.0,10.0,0.115,0.148,0.192,0.34,0.4,0.667,0.067,0.267,0.2,1.133,0.133,30.91,3.64,0.147,0.062,0.2
2026,regular,665877,José Fermín,STL,15,41.0,35.0,2.0,9.0,2.0,0.0,1.0,5.0,4.0,8.0,0.0,14.0,0.257,0.333,0.4,0.733,0.6,0.933,0.067,0.133,0.333,0.533,0.267,19.51,9.76,0.308,0.25,0.267
2026,regular,682877,Juan Brito,CLE,15,56.0,51.0,7.0,9.0,4.0,0.0,0.0,3.0,4.0,17.0,0.0,13.0,0.176,0.236,0.255,0.491,0.6,0.867,0.0,0.467,0.2,1.133,0.267,30.36,7.14,0.265,0.2,0.154
2026,regular,669065,Kyle Stowers,MIA,15,66.0,58.0,8.0,13.0,3.0,0.0,0.0,1.0,7.0,16.0,0.0,16.0,0.224,0.308,0.276,0.584,0.867,1.067,0.0,0.533,0.067,1.067,0.467,24.24,10.61,0.31,0.242,0.2
2026,regular,502671,Paul Goldschmidt,NYY,15,52.0,46.0,10.0,9.0,4.0,0.0,2.0,7.0,5.0,12.0,0.0,19.0,0.196,0.275,0.413,0.688,0.6,1.267,0.133,0.667,0.467,0.8,0.333,23.08,9.62,0.219,0.179,0.222
2026,regular,642851,Austin Wynns,ATH,14,43.0,39.0,3.0,3.0,0.0,0.0,0.0,0.0,3.0,10.0,0.0,3.0,0.077,0.143,0.077,0.22,0.214,0.214,0.0,0.214,0.0,0.714,0.214,23.26,6.98,0.103,0.053,0.1
2026,regular,701678,Hao-Yu  Lee,DET,14,44.0,41.0,3.0,7.0,2.0,0.0,1.0,5.0,3.0,15.0,0.0,12.0,0.171,0.227,0.293,0.52,0.5,0.857,0.071,0.214,0.357,1.071,0.214,34.09,6.82,0.24,0.15,0.19
2026,regular,593871,Jorge Polanco,NYM,14,61.0,56.0,3.0,10.0,3.0,0.0,1.0,2.0,5.0,11.0,0.0,16.0,0.179,0.246,0.286,0.532,0.714,1.143,0.071,0.214,0.143,0.786,0.357,18.03,8.2,0.205,0.148,0.207
2026,regular,516782,Starling Marte,KCR,14,38.0,35.0,2.0,11.0,3.0,0.0,0.0,2.0,1.0,10.0,0.0,14.0,0.314,0.333,0.4,0.733,0.786,1.0,0.0,0.143,0.143,0.714,0.071,26.32,2.63,0.44,0.333,0.3
2026,regular,518595,Travis d'Arnaud,LAA,14,40.0,35.0,5.0,7.0,1.0,0.0,1.0,3.0,3.0,7.0,0.0,11.0,0.2,0.263,0.314,0.577,0.5,0.786,0.071,0.357,0.214,0.5,0.214,17.5,7.5,0.222,0.2,0.2
2026,regular,664238,Dylan Moore,PHI,13,15.0,12.0,3.0,0.0,0.0,0.0,0.0,0.0,3.0,6.0,1.0,0.0,0.0,0.2,0.0,0.2,0.0,0.0,0.0,0.231,0.0,0.462,0.231,40.0,20.0,0.0,0.0,0.0
2026,regular,671655,George Valera,CLE,13,38.0,37.0,1.0,8.0,3.0,0.0,0.0,6.0,1.0,8.0,0.0,11.0,0.216,0.237,0.297,0.534,0.615,0.846,0.0,0.077,0.462,0.615,0.077,21.05,2.63,0.276,0.182,0.267
2026,regular,641680,Jonah Heim,ATH,13,49.0,43.0,4.0,9.0,4.0,0.0,1.0,8.0,5.0,5.0,0.0,16.0,0.209,0.292,0.372,0.664,0.692,1.231,0.077,0.308,0.615,0.385,0.385,10.2,10.2,0.216,0.091,0.25
2026,regular,666971,Lourdes Gurriel Jr.,ARI,13,53.0,47.0,4.0,12.0,2.0,0.0,0.0,4.0,6.0,9.0,0.0,14.0,0.255,0.34,0.298,0.638,0.923,1.077,0.0,0.308,0.308,0.692,0.462,16.98,11.32,0.316,0.179,0.368
2026,regular,679845,Nick Loftin,KCR,13,44.0,37.0,7.0,9.0,3.0,0.0,0.0,9.0,7.0,4.0,0.0,12.0,0.243,0.364,0.324,0.688,0.692,0.923,0.0,0.538,0.692,0.308,0.538,9.09,15.91,0.273,0.296,0.1
2026,regular,695020,Tanner Murray,CHW,13,33.0,28.0,2.0,6.0,0.0,0.0,1.0,3.0,2.0,7.0,0.0,9.0,0.214,0.267,0.321,0.588,0.462,0.692,0.077,0.154,0.231,0.538,0.154,21.21,6.06,0.25,0.267,0.154
2026,regular,628451,Andy Ibáñez,NYM,12,21.0,19.0,1.0,2.0,0.0,0.0,0.0,4.0,1.0,3.0,0.0,2.0,0.105,0.15,0.105,0.255,0.167,0.167,0.0,0.083,0.333,0.25,0.083,14.29,4.76,0.125,0.0,0.133
2026,regular,669720,Austin Hays,CHW,12,44.0,43.0,3.0,10.0,1.0,0.0,1.0,7.0,1.0,13.0,0.0,14.0,0.233,0.25,0.326,0.576,0.833,1.167,0.083,0.25,0.583,1.083,0.083,29.55,2.27,0.31,0.3,0.174
2026,regular,650391,Eloy Jiménez,TOR,12,35.0,31.0,2.0,9.0,0.0,0.0,0.0,3.0,3.0,7.0,0.0,9.0,0.29,0.353,0.29,0.643,0.75,0.75,0.0,0.167,0.25,0.583,0.25,20.0,8.57,0.375,0.154,0.389
2026,regular,676694,Jake Meyers,HOU,12,43.0,37.0,5.0,9.0,2.0,0.0,1.0,4.0,4.0,8.0,1.0,14.0,0.243,0.317,0.378,0.695,0.75,1.167,0.083,0.417,0.333,0.667,0.333,18.6,9.3,0.286,0.211,0.278
2026,regular,678009,Parker Meadows,DET,12,39.0,36.0,3.0,9.0,1.0,1.0,0.0,2.0,2.0,10.0,3.0,12.0,0.25,0.289,0.333,0.622,0.75,1.0,0.0,0.25,0.167,0.833,0.167,25.64,5.13,0.346,0.4,0.192
2026,regular,677956,Rece Hinds,CIN,12,36.0,33.0,2.0,4.0,3.0,0.0,0.0,5.0,1.0,18.0,0.0,7.0,0.121,0.147,0.212,0.359,0.333,0.583,0.0,0.167,0.417,1.5,0.083,50.0,2.78,0.267,0.059,0.188
2026,regular,696030,Alejandro Osuna,TEX,11,28.0,21.0,2.0,5.0,1.0,0.0,0.0,2.0,5.0,6.0,0.0,6.0,0.238,0.385,0.286,0.671,0.455,0.545,0.0,0.182,0.182,0.545,0.455,21.43,17.86,0.333,0.375,0.154
2026,regular,691740,Daniel Susac,SFG,11,24.0,23.0,1.0,11.0,2.0,1.0,0.0,5.0,1.0,3.0,0.0,15.0,0.478,0.5,0.652,1.152,1.0,1.364,0.0,0.091,0.455,0.273,0.091,12.5,4.17,0.55,0.857,0.312
2026,regular,675659,Greg Jones,MIL,11,22.0,21.0,0.0,2.0,0.0,0.0,0.0,1.0,0.0,9.0,1.0,2.0,0.095,0.095,0.095,0.19,0.182,0.182,0.0,0.0,0.091,0.818,0.0,40.91,0.0,0.167,0.077,0.125
2026,regular,665052,Griffin Conine,MIA,11,25.0,22.0,6.0,6.0,1.0,0.0,2.0,4.0,2.0,6.0,2.0,13.0,0.273,0.333,0.591,0.924,0.545,1.182,0.182,0.545,0.364,0.545,0.182,24.0,8.0,0.286,0.353,0.0
2026,regular,641555,J.C. Escarra,NYY,11,36.0,35.0,3.0,7.0,3.0,1.0,0.0,5.0,1.0,10.0,0.0,12.0,0.2,0.222,0.343,0.565,0.636,1.091,0.0,0.273,0.455,0.909,0.091,27.78,2.78,0.28,0.235,0.167
2026,regular,668670,Jake Rogers,DET,11,37.0,33.0,4.0,6.0,2.0,1.0,0.0,4.0,1.0,10.0,1.0,10.0,0.182,0.206,0.303,0.509,0.545,0.909,0.0,0.364,0.364,0.909,0.091,27.03,2.7,0.261,0.286,0.154
2026,regular,676724,Jared Young,NYM,11,23.0,20.0,2.0,7.0,2.0,0.0,0.0,2.0,2.0,3.0,0.0,9.0,0.35,0.409,0.45,0.859,0.636,0.818,0.0,0.182,0.182,0.273,0.182,13.04,8.7,0.412,0.25,0.417
2026,regular,682622,Noelvi Marte,CIN,11,31.0,29.0,2.0,4.0,0.0,0.0,0.0,0.0,2.0,10.0,1.0,4.0,0.138,0.194,0.138,0.332,0.364,0.364,0.0,0.182,0.0,0.909,0.182,32.26,6.45,0.211,0.059,0.25
2026,regular,624512,Reese McGuire,CHW,11,34.0,29.0,1.0,5.0,0.0,0.0,0.0,3.0,2.0,9.0,0.0,5.0,0.172,0.226,0.172,0.398,0.455,0.455,0.0,0.091,0.273,0.818,0.182,26.47,5.88,0.25,0.3,0.105
2026,regular,694376,Shay Whitcomb,HOU,11,15.0,14.0,1.0,1.0,0.0,0.0,1.0,3.0,1.0,9.0,0.0,4.0,0.071,0.133,0.286,0.419,0.091,0.364,0.091,0.091,0.273,0.818,0.091,60.0,6.67,0.0,0.111,0.0
2026,regular,656582,Connor Joe,SEA,10,26.0,23.0,2.0,4.0,1.0,0.0,1.0,3.0,3.0,7.0,1.0,8.0,0.174,0.269,0.348,0.617,0.4,0.8,0.1,0.2,0.3,0.7,0.3,26.92,11.54,0.2,0.167,0.182
2026,regular,672356,Gabriel Arias,CLE,10,32.0,30.0,2.0,6.0,1.0,0.0,2.0,4.0,2.0,12.0,0.0,13.0,0.2,0.25,0.433,0.683,0.6,1.3,0.2,0.2,0.4,1.2,0.2,37.5,6.25,0.25,0.364,0.105
2026,regular,665161,Jeremy Peña,HOU,10,46.0,43.0,5.0,11.0,4.0,0.0,0.0,0.0,3.0,6.0,1.0,15.0,0.256,0.304,0.349,0.653,1.1,1.5,0.0,0.5,0.0,0.6,0.3,13.04,6.52,0.297,0.2,0.286
2026,regular,805249,Otto Kemp,PHI,10,22.0,20.0,0.0,2.0,0.0,0.0,0.0,0.0,1.0,9.0,0.0,2.0,0.1,0.143,0.1,0.243,0.2,0.2,0.0,0.0,0.0,0.9,0.1,40.91,4.55,0.182,0.077,0.143
2026,regular,677595,Ronny Mauricio,NYM,10,32.0,32.0,3.0,7.0,0.0,0.0,1.0,2.0,0.0,12.0,0.0,10.0,0.219,0.219,0.312,0.531,0.7,1.0,0.1,0.3,0.2,1.2,0.0,37.5,0.0,0.316,0.192,0.333
2026,regular,666211,Taylor Trammell,HOU,10,33.0,29.0,4.0,10.0,1.0,1.0,0.0,4.0,4.0,9.0,1.0,13.0,0.345,0.424,0.448,0.872,1.0,1.3,0.0,0.4,0.4,0.9,0.4,27.27,12.12,0.5,0.353,0.333
2026,regular,692216,CJ Kayfus,CLE,9,25.0,22.0,4.0,4.0,1.0,0.0,1.0,2.0,2.0,8.0,0.0,8.0,0.182,0.25,0.364,0.614,0.444,0.889,0.111,0.444,0.222,0.889,0.222,32.0,8.0,0.231,0.333,0.0
2026,regular,665923,Esteury Ruiz,MIA,9,15.0,15.0,4.0,4.0,1.0,0.0,2.0,3.0,0.0,6.0,3.0,11.0,0.267,0.267,0.733,1.0,0.444,1.222,0.222,0.444,0.333,0.667,0.0,40.0,0.0,0.286,0.222,0.333
2026,regular,694025,Felix Reyes,PHI,9,30.0,30.0,2.0,4.0,1.0,0.0,1.0,2.0,0.0,7.0,0.0,8.0,0.133,0.133,0.267,0.4,0.444,0.889,0.111,0.222,0.222,0.778,0.0,23.33,0.0,0.136,0.125,0.136
2026,regular,669707,Jared Triolo,PIT,9,30.0,27.0,2.0,6.0,2.0,0.0,0.0,1.0,2.0,5.0,0.0,8.0,0.222,0.276,0.296,0.572,0.667,0.889,0.0,0.222,0.111,0.556,0.222,16.67,6.67,0.273,0.5,0.174
2026,regular,668709,JJ Bleday,CIN,9,34.0,29.0,6.0,9.0,1.0,0.0,4.0,6.0,5.0,7.0,0.0,22.0,0.31,0.412,0.759,1.171,1.0,2.444,0.444,0.667,0.667,0.778,0.556,20.59,14.71,0.278,0.333,0.304
2026,regular,677870,Leo Jiménez,MIA,9,21.0,16.0,2.0,3.0,0.0,0.0,0.0,0.0,3.0,3.0,0.0,3.0,0.188,0.316,0.188,0.504,0.333,0.333,0.0,0.222,0.0,0.333,0.333,14.29,14.29,0.231,0.091,0.4
2026,regular,682641,Luis Matos,MIL,9,21.0,20.0,1.0,4.0,0.0,0.0,0.0,0.0,1.0,7.0,0.0,4.0,0.2,0.238,0.2,0.438,0.444,0.444,0.0,0.111,0.0,0.778,0.111,33.33,4.76,0.308,0.4,0.133
2026,regular,502054,Tommy Pham,NYM,9,14.0,13.0,1.0,0.0,0.0,0.0,0.0,0.0,1.0,7.0,0.0,0.0,0.0,0.071,0.0,0.071,0.0,0.0,0.0,0.111,0.0,0.778,0.111,50.0,7.14,0.0,0.0,0.0
2026,regular,650968,Yohel Pozo,STL,9,17.0,17.0,0.0,2.0,1.0,0.0,0.0,3.0,0.0,0.0,0.0,3.0,0.118,0.118,0.176,0.294,0.222,0.333,0.0,0.0,0.333,0.0,0.0,0.0,0.0,0.118,0.143,0.1
2026,regular,680718,Addison Barger,TOR,8,23.0,19.0,1.0,1.0,1.0,0.0,0.0,2.0,3.0,6.0,0.0,2.0,0.053,0.182,0.105,0.287,0.125,0.25,0.0,0.125,0.25,0.75,0.375,26.09,13.04,0.077,0.0,0.167
2026,regular,669699,Braden Shewmake,HOU,8,17.0,16.0,4.0,5.0,0.0,0.0,2.0,2.0,0.0,3.0,0.0,11.0,0.312,0.312,0.688,1.0,0.625,1.375,0.25,0.5,0.25,0.375,0.0,17.65,0.0,0.273,0.364,0.2
2026,regular,467793,Carlos Santana,ARI,8,26.0,24.0,1.0,2.0,1.0,0.0,0.0,0.0,2.0,8.0,0.0,3.0,0.083,0.154,0.125,0.279,0.25,0.375,0.0,0.125,0.0,1.0,0.25,30.77,7.69,0.125,0.067,0.111
2026,regular,687515,Colby Thomas,ATH,8,23.0,20.0,2.0,5.0,0.0,0.0,1.0,2.0,2.0,5.0,0.0,8.0,0.25,0.318,0.4,0.718,0.625,1.0,0.125,0.25,0.25,0.625,0.25,21.74,8.7,0.286,0.273,0.222
2026,regular,669288,Daniel Johnson,HOU,8,17.0,14.0,1.0,2.0,0.0,0.0,0.0,0.0,2.0,3.0,0.0,2.0,0.143,0.25,0.143,0.393,0.25,0.25,0.0,0.125,0.0,0.375,0.25,17.65,11.76,0.182,0.25,0.1
2026,regular,691176,Jasson Domínguez,NYY,8,32.0,30.0,3.0,6.0,2.0,0.0,1.0,4.0,1.0,4.0,0.0,11.0,0.2,0.226,0.367,0.593,0.75,1.375,0.125,0.375,0.5,0.5,0.125,12.5,3.12,0.2,0.238,0.111
2026,regular,624431,Jose Trevino,CIN,8,23.0,22.0,0.0,3.0,1.0,0.0,0.0,0.0,1.0,4.0,0.0,4.0,0.136,0.174,0.182,0.356,0.375,0.5,0.0,0.0,0.0,0.5,0.125,17.39,4.35,0.167,0.167,0.1
2026,regular,571657,Kyle Farmer,ATL,8,13.0,12.0,2.0,4.0,1.0,0.0,0.0,3.0,0.0,2.0,0.0,5.0,0.333,0.333,0.417,0.75,0.5,0.625,0.0,0.25,0.375,0.25,0.0,15.38,0.0,0.4,0.273,1.0
2026,regular,605141,Mookie Betts,LAD,8,32.0,28.0,7.0,5.0,1.0,0.0,2.0,7.0,3.0,4.0,0.0,12.0,0.179,0.258,0.429,0.687,0.625,1.5,0.25,0.875,0.875,0.5,0.375,12.5,9.38,0.136,0.136,0.333
2026,regular,663624,Ryan Mountcastle,BAL,8,15.0,14.0,0.0,4.0,1.0,0.0,0.0,1.0,1.0,2.0,0.0,5.0,0.286,0.333,0.357,0.69,0.5,0.625,0.0,0.0,0.125,0.25,0.125,13.33,6.67,0.333,0.286,0.286
2026,regular,664068,Scott Kingery,CHC,8,4.0,4.0,2.0,1.0,0.0,0.0,0.0,0.0,0.0,0.0,1.0,1.0,0.25,0.25,0.25,0.5,0.125,0.125,0.0,0.25,0.0,0.0,0.0,0.0,0.0,0.25,0.5,0.0
2026,regular,665861,Sebastián Rivero,LAA,8,11.0,11.0,0.0,3.0,0.0,0.0,0.0,0.0,0.0,1.0,0.0,3.0,0.273,0.273,0.273,0.546,0.375,0.375,0.0,0.0,0.0,0.125,0.0,9.09,0.0,0.3,0.143,0.5
2026,regular,672012,Tyler Black,MIL,8,26.0,25.0,2.0,9.0,4.0,0.0,0.0,7.0,1.0,5.0,0.0,13.0,0.36,0.385,0.52,0.905,1.125,1.625,0.0,0.25,0.875,0.625,0.125,19.23,3.85,0.45,0.389,0.286
2026,regular,642215,Weston Wilson,BAL,8,21.0,17.0,5.0,5.0,1.0,0.0,0.0,2.0,3.0,6.0,2.0,6.0,0.294,0.4,0.353,0.753,0.625,0.75,0.0,0.625,0.25,0.75,0.375,28.57,14.29,0.455,0.333,0.273
2026,regular,700246,Carson Williams,TBR,7,25.0,23.0,4.0,3.0,1.0,0.0,0.0,3.0,1.0,9.0,0.0,4.0,0.13,0.167,0.174,0.341,0.429,0.571,0.0,0.571,0.429,1.286,0.143,36.0,4.0,0.214,0.0,0.13
2026,regular,683766,Christian Koss,SFG,7,13.0,13.0,0.0,1.0,1.0,0.0,0.0,0.0,0.0,2.0,0.0,2.0,0.077,0.077,0.154,0.231,0.143,0.286,0.0,0.0,0.0,0.286,0.0,15.38,0.0,0.091,0.0,0.25
2026,regular,691011,Drew Romo,CHW,7,25.0,16.0,4.0,3.0,0.0,0.0,3.0,4.0,8.0,3.0,0.0,12.0,0.188,0.458,0.75,1.208,0.429,1.714,0.429,0.571,0.571,0.429,1.143,12.0,32.0,0.0,0.333,0.1
2026,regular,666931,Jared Oliva,SFG,7,7.0,7.0,1.0,1.0,0.0,0.0,0.0,0.0,0.0,1.0,1.0,1.0,0.143,0.143,0.143,0.286,0.143,0.143,0.0,0.143,0.0,0.143,0.0,14.29,0.0,0.167,0.333,0.0
2026,regular,600869,Jeimer Candelario,LAA,7,20.0,18.0,3.0,2.0,2.0,0.0,0.0,0.0,1.0,8.0,0.0,4.0,0.111,0.158,0.222,0.38,0.286,0.571,0.0,0.429,0.0,1.143,0.143,40.0,5.0,0.2,0.1,0.125
2026,regular,683953,Travis Bazzana,CLE,7,29.0,23.0,4.0,4.0,0.0,0.0,0.0,2.0,6.0,4.0,2.0,4.0,0.174,0.345,0.174,0.519,0.571,0.571,0.0,0.571,0.286,0.571,0.857,13.79,20.69,0.211,0.0,0.235
2026,regular,686475,Tyler Tolbert,KCR,7,5.0,5.0,1.0,1.0,0.0,0.0,0.0,0.0,0.0,1.0,1.0,1.0,0.2,0.2,0.2,0.4,0.143,0.143,0.0,0.143,0.0,0.143,0.0,20.0,0.0,0.25,0.0,0.25
2026,regular,666624,Christopher Morel,MIA,6,20.0,17.0,1.0,4.0,0.0,0.0,0.0,0.0,2.0,7.0,0.0,4.0,0.235,0.316,0.235,0.551,0.667,0.667,0.0,0.167,0.0,1.167,0.333,35.0,10.0,0.4,0.286,0.0
2026,regular,596117,Garrett Stubbs,PHI,6,17.0,15.0,2.0,4.0,0.0,0.0,0.0,1.0,1.0,2.0,0.0,4.0,0.267,0.312,0.267,0.579,0.667,0.667,0.0,0.333,0.167,0.333,0.167,11.76,5.88,0.308,0.0,0.333
2026,regular,672284,Jarred Kelenic,CHW,6,17.0,14.0,0.0,4.0,0.0,0.0,0.0,0.0,3.0,3.0,0.0,4.0,0.286,0.412,0.286,0.698,0.667,0.667,0.0,0.0,0.0,0.5,0.5,17.65,17.65,0.364,0.0,0.308
2026,regular,691783,Jordan Lawlar,ARI,6,20.0,18.0,3.0,6.0,1.0,0.0,1.0,2.0,1.0,6.0,1.0,10.0,0.333,0.368,0.556,0.924,1.0,1.667,0.167,0.5,0.333,1.0,0.167,30.0,5.0,0.455,0.455,0.143
2026,regular,690022,Ryan Ritter,COL,6,7.0,7.0,1.0,1.0,0.0,0.0,0.0,0.0,0.0,3.0,0.0,1.0,0.143,0.143,0.143,0.286,0.167,0.167,0.0,0.167,0.0,0.5,0.0,42.86,0.0,0.25,0.0,0.143
2026,regular,672386,Alejandro Kirk,TOR,5,22.0,20.0,2.0,3.0,1.0,0.0,1.0,2.0,2.0,2.0,0.0,7.0,0.15,0.227,0.35,0.577,0.6,1.4,0.2,0.4,0.4,0.4,0.4,9.09,9.09,0.118,0.125,0.25
2026,regular,553869,Elias Díaz,KCR,5,15.0,14.0,2.0,4.0,2.0,0.0,1.0,3.0,1.0,1.0,0.0,9.0,0.286,0.333,0.643,0.976,0.8,1.8,0.2,0.4,0.6,0.2,0.2,6.67,6.67,0.25,0.143,0.429
2026,regular,671286,Johnathan Rodríguez,BAL,5,11.0,7.0,0.0,0.0,0.0,0.0,0.0,1.0,3.0,4.0,0.0,0.0,0.0,0.3,0.0,0.3,0.0,0.0,0.0,0.0,0.2,0.8,0.6,36.36,27.27,0.0,0.0,0.0
2026,regular,664731,P.J. Higgins,CIN,5,12.0,10.0,0.0,2.0,0.0,0.0,0.0,1.0,1.0,4.0,0.0,2.0,0.2,0.273,0.2,0.473,0.4,0.4,0.0,0.0,0.2,0.8,0.2,33.33,8.33,0.333,0.4,0.0
2026,regular,668952,Ryan Kreidler,MIN,5,18.0,14.0,2.0,3.0,1.0,0.0,2.0,4.0,4.0,3.0,0.0,10.0,0.214,0.389,0.714,1.103,0.6,2.0,0.4,0.4,0.8,0.6,0.8,16.67,22.22,0.111,0.3,0.0
2026,regular,645302,Victor Robles,SEA,5,13.0,13.0,0.0,3.0,1.0,0.0,0.0,1.0,0.0,3.0,1.0,4.0,0.231,0.231,0.308,0.539,0.6,0.8,0.0,0.0,0.2,0.6,0.0,23.08,0.0,0.3,0.2,0.333
2026,regular,686823,Will Brennan,SFG,5,9.0,9.0,0.0,0.0,0.0,0.0,0.0,0.0,0.0,2.0,0.0,0.0,0.0,0.0,0.0,0.0,0.0,0.0,0.0,0.0,0.0,0.4,0.0,22.22,0.0,0.0,0.0,0.0
2026,regular,682818,Yohendrick Piñango,TOR,5,16.0,16.0,1.0,5.0,1.0,0.0,0.0,1.0,0.0,3.0,0.0,6.0,0.312,0.312,0.375,0.687,1.0,1.2,0.0,0.2,0.2,0.6,0.0,18.75,0.0,0.385,0.0,0.333
2026,regular,665953,Andrés Chaparro,WSN,4,10.0,9.0,1.0,2.0,1.0,0.0,0.0,0.0,1.0,2.0,0.0,3.0,0.222,0.3,0.333,0.633,0.5,0.75,0.0,0.25,0.0,0.5,0.25,20.0,10.0,0.286,0.0,0.222
2026,regular,606992,Eric Haase,SFG,4,10.0,10.0,2.0,3.0,2.0,0.0,0.0,1.0,0.0,2.0,0.0,5.0,0.3,0.3,0.5,0.8,0.75,1.25,0.0,0.5,0.25,0.5,0.0,20.0,0.0,0.375,0.333,0.286
2026,regular,682818,Yohendrick Pinango,TOR,4,10.0,9.0,0.0,5.0,0.0,0.0,0.0,3.0,1.0,0.0,0.0,5.0,0.556,0.6,0.556,1.156,1.25,1.25,0.0,0.0,0.75,0.0,0.25,0.0,10.0,0.556,0.5,0.6
2026,regular,683734,Andrew Vaughn,MIL,3,13.0,12.0,1.0,3.0,0.0,0.0,1.0,4.0,0.0,1.0,0.0,6.0,0.25,0.25,0.5,0.75,1.0,2.0,0.333,0.333,1.333,0.333,0.0,7.69,0.0,0.2,0.25,0.25
2026,regular,605244,Aramis Garcia,ARI,3,3.0,3.0,0.0,1.0,0.0,0.0,0.0,0.0,0.0,1.0,0.0,1.0,0.333,0.333,0.333,0.666,0.333,0.333,0.0,0.0,0.0,0.333,0.0,33.33,0.0,0.5,0.5,0.0
2026,regular,694362,Blake Dunn,CIN,3,0.0,0.0,1.0,0.0,0.0,0.0,0.0,0.0,0.0,0.0,1.0,0.0,0.0,0.0,0.0,0.0,0.0,0.0,0.0,0.333,0.0,0.0,0.0,0.0,0.0,0.0,0.0,0.0
2026,regular,690924,Braxton Fulford,COL,3,5.0,5.0,2.0,2.0,0.0,0.0,1.0,2.0,0.0,2.0,0.0,5.0,0.4,0.4,1.0,1.4,0.667,1.667,0.333,0.667,0.667,0.667,0.0,40.0,0.0,0.5,0.0,0.4
2026,regular,695391,Brett Harris,ATH,3,5.0,3.0,0.0,0.0,0.0,0.0,0.0,0.0,1.0,2.0,0.0,0.0,0.0,0.25,0.0,0.25,0.0,0.0,0.0,0.0,0.0,0.667,0.333,40.0,20.0,0.0,0.0,0.0
2026,regular,805811,Bryce Eldridge,SFG,3,10.0,9.0,0.0,1.0,0.0,0.0,0.0,0.0,1.0,4.0,0.0,1.0,0.111,0.2,0.111,0.311,0.333,0.333,0.0,0.0,0.0,1.333,0.333,40.0,10.0,0.2,0.111,0.0
2026,regular,691277,Deyvison De Los Santos,MIA,3,7.0,7.0,0.0,2.0,1.0,0.0,0.0,0.0,0.0,3.0,0.0,3.0,0.286,0.286,0.429,0.715,0.667,1.0,0.0,0.0,0.0,1.0,0.0,42.86,0.0,0.5,0.5,0.2
2026,regular,666185,Dylan Carlson,CHC,3,4.0,4.0,1.0,0.0,0.0,0.0,0.0,0.0,0.0,2.0,0.0,0.0,0.0,0.0,0.0,0.0,0.0,0.0,0.0,0.333,0.0,0.667,0.0,50.0,0.0,0.0,0.0,0.0
2026,regular,690291,Jace Jung,DET,3,8.0,6.0,1.0,1.0,0.0,0.0,0.0,0.0,2.0,1.0,0.0,1.0,0.167,0.375,0.167,0.542,0.333,0.333,0.0,0.333,0.0,0.333,0.667,12.5,25.0,0.2,0.2,0.0
2026,regular,683679,Jesus Rodriguez,SFG,3,9.0,9.0,1.0,4.0,0.0,0.0,1.0,2.0,0.0,0.0,0.0,7.0,0.444,0.444,0.778,1.222,1.333,2.333,0.333,0.333,0.667,0.0,0.0,0.0,0.0,0.375,0.444,0.0
2026,regular,691788,Joe Mack,MIA,3,9.0,9.0,0.0,2.0,0.0,0.0,0.0,1.0,0.0,2.0,0.0,2.0,0.222,0.222,0.222,0.444,0.667,0.667,0.0,0.0,0.333,0.667,0.0,22.22,0.0,0.286,0.222,0.0
2026,regular,663609,Luken Baker,ARI,3,5.0,5.0,0.0,1.0,0.0,0.0,0.0,0.0,0.0,3.0,0.0,1.0,0.2,0.2,0.2,0.4,0.333,0.333,0.0,0.0,0.0,1.0,0.0,60.0,0.0,0.5,0.0,0.2
2026,regular,680474,Max Schuemann,NYY,3,2.0,1.0,0.0,0.0,0.0,0.0,0.0,0.0,1.0,0.0,0.0,0.0,0.0,0.5,0.0,0.5,0.0,0.0,0.0,0.0,0.0,0.0,0.333,0.0,50.0,0.0,0.0,0.0
2026,regular,670032,Nicky Lopez,CHC,3,4.0,4.0,1.0,0.0,0.0,0.0,0.0,0.0,0.0,2.0,0.0,0.0,0.0,0.0,0.0,0.0,0.0,0.0,0.0,0.333,0.0,0.667,0.0,50.0,0.0,0.0,0.0,0.0
2026,regular,690984,Petey Halpin,CLE,3,9.0,9.0,1.0,1.0,0.0,0.0,0.0,0.0,0.0,2.0,1.0,1.0,0.111,0.111,0.111,0.222,0.333,0.333,0.0,0.333,0.0,0.667,0.0,22.22,0.0,0.143,0.0,0.111
2026,regular,669087,Sam Huff,BAL,3,9.0,9.0,1.0,2.0,1.0,0.0,0.0,1.0,0.0,5.0,0.0,3.0,0.222,0.222,0.333,0.555,0.667,1.0,0.0,0.333,0.333,1.667,0.0,55.56,0.0,0.5,0.25,0.2
2026,regular,823550,Sung-Mun Song,SDP,3,6.0,6.0,2.0,2.0,1.0,0.0,0.0,2.0,0.0,1.0,1.0,3.0,0.333,0.333,0.5,0.833,0.667,1.0,0.0,0.667,0.667,0.333,0.0,16.67,0.0,0.4,0.0,0.333
2026,regular,805904,Zach Cole,HOU,3,10.0,10.0,1.0,2.0,0.0,0.0,1.0,2.0,0.0,4.0,0.0,5.0,0.2,0.2,0.5,0.7,0.667,1.667,0.333,0.333,0.667,1.333,0.0,40.0,0.0,0.2,0.2,0.0
2026,regular,547973,Aroldis Chapman,BOS,2,0.0,0.0,0.0,0.0,0.0,0.0,0.0,0.0,0.0,0.0,0.0,0.0,0.0,0.0,0.0,0.0,0.0,0.0,0.0,0.0,0.0,0.0,0.0,0.0,0.0,0.0,0.0,0.0
2026,regular,694192,Jackson Chourio,MIL,2,10.0,9.0,1.0,6.0,3.0,0.0,0.0,1.0,1.0,1.0,0.0,9.0,0.667,0.7,1.0,1.7,3.0,4.5,0.0,0.5,0.5,0.5,0.5,10.0,10.0,0.75,0.0,0.667
2026,regular,640902,Jhonny Pereda,SEA,2,5.0,5.0,1.0,2.0,0.0,0.0,0.0,0.0,0.0,1.0,0.0,2.0,0.4,0.4,0.4,0.8,1.0,1.0,0.0,0.5,0.0,0.5,0.0,20.0,0.0,0.5,0.4,0.0
2026,regular,640492,José Azocar,ATL,2,2.0,2.0,0.0,0.0,0.0,0.0,0.0,0.0,0.0,1.0,1.0,0.0,0.0,0.0,0.0,0.0,0.0,0.0,0.0,0.0,0.0,0.5,0.0,50.0,0.0,0.0,0.0,0.0
2026,regular,663897,Luke Williams,ATL,2,1.0,0.0,0.0,0.0,0.0,0.0,0.0,0.0,1.0,0.0,0.0,0.0,0.0,1.0,0.0,1.0,0.0,0.0,0.0,0.0,0.0,0.0,0.5,0.0,100.0,0.0,0.0,0.0
2026,regular,656976,Pavin Smith,ARI,2,8.0,6.0,1.0,1.0,0.0,0.0,0.0,1.0,2.0,2.0,0.0,1.0,0.167,0.375,0.167,0.542,0.5,0.5,0.0,0.5,0.5,1.0,1.0,25.0,25.0,0.25,0.0,0.167
2026,regular,663158,Robert Suarez,ATL,2,0.0,0.0,0.0,0.0,0.0,0.0,0.0,0.0,0.0,0.0,0.0,0.0,0.0,0.0,0.0,0.0,0.0,0.0,0.0,0.0,0.0,0.0,0.0,0.0,0.0,0.0,0.0,0.0
2026,regular,669899,Ryan Ward,LAD,2,6.0,6.0,0.0,2.0,0.0,0.0,0.0,1.0,0.0,1.0,0.0,2.0,0.333,0.333,0.333,0.666,1.0,1.0,0.0,0.0,0.5,0.5,0.0,16.67,0.0,0.4,0.0,0.333
2026,regular,669221,Sean Murphy,ATL,2,6.0,6.0,0.0,1.0,0.0,0.0,0.0,0.0,0.0,3.0,0.0,1.0,0.167,0.167,0.167,0.334,0.5,0.5,0.0,0.0,0.0,1.5,0.0,50.0,0.0,0.333,0.0,0.167
2026,regular,656730,Trevor Megill,MIL,2,0.0,0.0,0.0,0.0,0.0,0.0,0.0,0.0,0.0,0.0,0.0,0.0,0.0,0.0,0.0,0.0,0.0,0.0,0.0,0.0,0.0,0.0,0.0,0.0,0.0,0.0,0.0,0.0
2026,regular,669717,Will Wilson,SEA,2,6.0,5.0,1.0,1.0,0.0,0.0,1.0,2.0,1.0,1.0,0.0,4.0,0.2,0.333,0.8,1.133,0.5,2.0,0.5,0.5,1.0,0.5,0.5,16.67,16.67,0.0,0.0,0.2
2026,regular,670097,Zack Short,DET,2,3.0,3.0,0.0,0.0,0.0,0.0,0.0,0.0,0.0,1.0,0.0,0.0,0.0,0.0,0.0,0.0,0.0,0.0,0.0,0.0,0.0,0.5,0.0,33.33,0.0,0.0,0.0,0.0
2026,regular,695418,Brad Lord,WSN,1,0.0,0.0,0.0,0.0,0.0,0.0,0.0,0.0,0.0,0.0,0.0,0.0,0.0,0.0,0.0,0.0,0.0,0.0,0.0,0.0,0.0,0.0,0.0,0.0,0.0,0.0,0.0,0.0
2026,regular,573204,Caleb Thielbar,CHC,1,0.0,0.0,0.0,0.0,0.0,0.0,0.0,0.0,0.0,0.0,0.0,0.0,0.0,0.0,0.0,0.0,0.0,0.0,0.0,0.0,0.0,0.0,0.0,0.0,0.0,0.0,0.0,0.0
2026,regular,608032,Carlos Estévez,KCR,1,0.0,0.0,0.0,0.0,0.0,0.0,0.0,0.0,0.0,0.0,0.0,0.0,0.0,0.0,0.0,0.0,0.0,0.0,0.0,0.0,0.0,0.0,0.0,0.0,0.0,0.0,0.0,0.0
2026,regular,693409,César Prieto,STL,1,1.0,1.0,0.0,0.0,0.0,0.0,0.0,0.0,0.0,0.0,0.0,0.0,0.0,0.0,0.0,0.0,0.0,0.0,0.0,0.0,0.0,0.0,0.0,0.0,0.0,0.0,0.0,0.0
2026,regular,663967,César Salazar,HOU,1,3.0,3.0,0.0,0.0,0.0,0.0,0.0,0.0,0.0,0.0,0.0,0.0,0.0,0.0,0.0,0.0,0.0,0.0,0.0,0.0,0.0,0.0,0.0,0.0,0.0,0.0,0.0,0.0
2026,regular,694037,Daniel Palencia,CHC,1,0.0,0.0,0.0,0.0,0.0,0.0,0.0,0.0,0.0,0.0,0.0,0.0,0.0,0.0,0.0,0.0,0.0,0.0,0.0,0.0,0.0,0.0,0.0,0.0,0.0,0.0,0.0,0.0
2026,regular,642207,Devin Williams,NYM,1,0.0,0.0,0.0,0.0,0.0,0.0,0.0,0.0,0.0,0.0,0.0,0.0,0.0,0.0,0.0,0.0,0.0,0.0,0.0,0.0,0.0,0.0,0.0,0.0,0.0,0.0,0.0,0.0
2026,regular,800311,Didier Fuentes,ATL,1,0.0,0.0,0.0,0.0,0.0,0.0,0.0,0.0,0.0,0.0,0.0,0.0,0.0,0.0,0.0,0.0,0.0,0.0,0.0,0.0,0.0,0.0,0.0,0.0,0.0,0.0,0.0,0.0
2026,regular,642100,Gabe Speier,SEA,1,0.0,0.0,0.0,0.0,0.0,0.0,0.0,0.0,0.0,0.0,0.0,0.0,0.0,0.0,0.0,0.0,0.0,0.0,0.0,0.0,0.0,0.0,0.0,0.0,0.0,0.0,0.0,0.0
2026,regular,676477,Garrett Whitlock,BOS,1,0.0,0.0,0.0,0.0,0.0,0.0,0.0,0.0,0.0,0.0,0.0,0.0,0.0,0.0,0.0,0.0,0.0,0.0,0.0,0.0,0.0,0.0,0.0,0.0,0.0,0.0,0.0,0.0
2026,regular,666277,George Soriano,STL,1,0.0,0.0,0.0,0.0,0.0,0.0,0.0,0.0,0.0,0.0,0.0,0.0,0.0,0.0,0.0,0.0,0.0,0.0,0.0,0.0,0.0,0.0,0.0,0.0,0.0,0.0,0.0,0.0
2026,regular,669372,J.T. Ginn,ATH,1,0.0,0.0,0.0,0.0,0.0,0.0,0.0,0.0,0.0,0.0,0.0,0.0,0.0,0.0,0.0,0.0,0.0,0.0,0.0,0.0,0.0,0.0,0.0,0.0,0.0,0.0,0.0,0.0
2026,regular,678022,Jack Perkins,ATH,1,0.0,0.0,0.0,0.0,0.0,0.0,0.0,0.0,0.0,0.0,0.0,0.0,0.0,0.0,0.0,0.0,0.0,0.0,0.0,0.0,0.0,0.0,0.0,0.0,0.0,0.0,0.0,0.0
2026,regular,691620,Jeferson Quero,MIL,1,2.0,1.0,0.0,0.0,0.0,0.0,0.0,0.0,1.0,0.0,0.0,0.0,0.0,0.5,0.0,0.5,0.0,0.0,0.0,0.0,0.0,0.0,1.0,0.0,50.0,0.0,0.0,0.0
2026,regular,805347,Jim Jarvis,ATL,1,2.0,2.0,0.0,0.0,0.0,0.0,0.0,0.0,0.0,1.0,0.0,0.0,0.0,0.0,0.0,0.0,0.0,0.0,0.0,0.0,0.0,1.0,0.0,50.0,0.0,0.0,0.0,0.0
2026,regular,679822,Justin Foscue,TEX,1,1.0,1.0,0.0,0.0,0.0,0.0,0.0,0.0,0.0,0.0,0.0,0.0,0.0,0.0,0.0,0.0,0.0,0.0,0.0,0.0,0.0,0.0,0.0,0.0,0.0,0.0,0.0,0.0
2026,regular,607536,Kyle Freeland,COL,1,0.0,0.0,0.0,0.0,0.0,0.0,0.0,0.0,0.0,0.0,0.0,0.0,0.0,0.0,0.0,0.0,0.0,0.0,0.0,0.0,0.0,0.0,0.0,0.0,0.0,0.0,0.0,0.0
2026,regular,596133,Luke Weaver,NYM,1,0.0,0.0,0.0,0.0,0.0,0.0,0.0,0.0,0.0,0.0,0.0,0.0,0.0,0.0,0.0,0.0,0.0,0.0,0.0,0.0,0.0,0.0,0.0,0.0,0.0,0.0,0.0,0.0
2026,regular,621550,Patrick Wisdom,SEA,1,1.0,1.0,0.0,0.0,0.0,0.0,0.0,0.0,0.0,1.0,0.0,0.0,0.0,0.0,0.0,0.0,0.0,0.0,0.0,0.0,0.0,1.0,0.0,100.0,0.0,0.0,0.0,0.0
2026,regular,621112,Paul Blackburn,NYY,1,0.0,0.0,0.0,0.0,0.0,0.0,0.0,0.0,0.0,0.0,0.0,0.0,0.0,0.0,0.0,0.0,0.0,0.0,0.0,0.0,0.0,0.0,0.0,0.0,0.0,0.0,0.0,0.0
2026,regular,628452,Raisel Iglesias,ATL,1,0.0,0.0,0.0,0.0,0.0,0.0,0.0,0.0,0.0,0.0,0.0,0.0,0.0,0.0,0.0,0.0,0.0,0.0,0.0,0.0,0.0,0.0,0.0,0.0,0.0,0.0,0.0,0.0
2026,regular,625643,Reynaldo López,ATL,1,0.0,0.0,0.0,0.0,0.0,0.0,0.0,0.0,0.0,0.0,0.0,0.0,0.0,0.0,0.0,0.0,0.0,0.0,0.0,0.0,0.0,0.0,0.0,0.0,0.0,0.0,0.0,0.0
2026,regular,669208,Ryan Bliss,SEA,1,2.0,2.0,0.0,0.0,0.0,0.0,0.0,0.0,0.0,2.0,0.0,0.0,0.0,0.0,0.0,0.0,0.0,0.0,0.0,0.0,0.0,2.0,0.0,100.0,0.0,0.0,0.0,0.0
2026,regular,669020,Ryan Rolison,CHC,1,0.0,0.0,0.0,0.0,0.0,0.0,0.0,0.0,0.0,0.0,0.0,0.0,0.0,0.0,0.0,0.0,0.0,0.0,0.0,0.0,0.0,0.0,0.0,0.0,0.0,0.0,0.0,0.0
2026,regular,680767,Victor Vodnik,COL,1,0.0,0.0,0.0,0.0,0.0,0.0,0.0,0.0,0.0,0.0,0.0,0.0,0.0,0.0,0.0,0.0,0.0,0.0,0.0,0.0,0.0,0.0,0.0,0.0,0.0,0.0,0.0,0.0
2026,regular,701305,Zach Dezenzo,HOU,1,3.0,3.0,0.0,0.0,0.0,0.0,0.0,0.0,0.0,0.0,0.0,0.0,0.0,0.0,0.0,0.0,0.0,0.0,0.0,0.0,0.0,0.0,0.0,0.0,0.0,0.0,0.0,0.0
