season,seasonPhase,date,team,bullpen_ip_7d,bullpen_er_7d,bullpen_runs_7d,bullpen_hits_7d,bullpen_walks_7d,bullpen_strikeouts_7d,bullpen_appearances_7d,bullpen_era_7d
2026,regular,2026-03-26,ARI,0.0,0.0,0.0,0.0,0.0,0.0,0,
2026,regular,2026-03-27,ARI,4.0,4.0,4.0,5.0,3.0,2.0,4,9.0
2026,regular,2026-03-28,ARI,7.333,5.0,5.0,7.0,3.0,3.0,7,6.136
2026,regular,2026-03-30,ARI,10.333,7.0,7.0,9.0,4.0,4.0,11,6.097
2026,regular,2026-03-31,ARI,14.333,13.0,13.0,15.0,7.0,8.0,17,8.163
2026,regular,2026-04-01,ARI,17.333,13.0,13.0,15.0,8.0,14.0,19,6.75
2026,regular,2026-04-02,ARI,20.333,13.0,13.0,18.0,8.0,17.0,22,5.754
2026,regular,2026-04-03,ARI,20.667,19.0,19.0,26.0,10.0,18.0,22,8.274
2026,regular,2026-04-04,ARI,19.333,20.0,20.0,26.0,10.0,19.0,22,9.31
2026,regular,2026-04-05,ARI,20.333,18.0,18.0,24.0,9.0,22.0,22,7.967
2026,regular,2026-04-07,ARI,21.667,13.0,14.0,23.0,7.0,22.0,21,5.4
2026,regular,2026-04-08,ARI,23.0,14.0,16.0,26.0,6.0,18.0,24,5.478
2026,regular,2026-04-09,ARI,23.333,14.0,17.0,25.0,7.0,17.0,24,5.4
2026,regular,2026-04-10,ARI,22.0,4.0,7.0,13.0,2.0,17.0,22,1.636
2026,regular,2026-04-11,ARI,23.333,2.0,5.0,13.0,2.0,21.0,22,0.771
2026,regular,2026-04-12,ARI,21.333,2.0,5.0,13.0,3.0,22.0,20,0.844
2026,regular,2026-04-13,ARI,20.0,1.0,3.0,10.0,3.0,21.0,20,0.45
2026,regular,2026-04-14,ARI,22.667,8.0,10.0,15.0,5.0,23.0,23,3.176
2026,regular,2026-04-15,ARI,22.0,8.0,9.0,14.0,7.0,23.0,22,3.273
2026,regular,2026-04-17,ARI,20.667,9.0,9.0,13.0,6.0,23.0,21,3.919
2026,regular,2026-04-18,ARI,19.333,10.0,10.0,14.0,6.0,19.0,20,4.655
2026,regular,2026-04-19,ARI,20.667,10.0,10.0,17.0,5.0,18.0,21,4.355
2026,regular,2026-04-21,ARI,16.667,12.0,12.0,20.0,4.0,17.0,15,6.48
2026,regular,2026-04-22,ARI,17.667,14.0,14.0,22.0,5.0,18.0,16,7.132
2026,regular,2026-04-23,ARI,16.667,16.0,16.0,25.0,7.0,17.0,16,8.64
2026,regular,2026-04-25,ARI,18.667,18.0,18.0,25.0,9.0,19.0,18,8.679
2026,regular,2026-04-26,ARI,21.333,19.0,20.0,26.0,11.0,20.0,19,8.016
2026,regular,2026-04-28,ARI,22.667,11.0,12.0,20.0,9.0,18.0,21,4.368
2026,regular,2026-04-29,ARI,21.0,15.0,17.0,25.0,7.0,16.0,20,6.429
2026,regular,2026-04-30,ARI,21.333,12.0,14.0,21.0,5.0,18.0,20,5.062
2026,regular,2026-05-01,ARI,22.333,13.0,16.0,22.0,7.0,18.0,20,5.239
2026,regular,2026-05-02,ARI,26.667,13.0,16.0,23.0,8.0,20.0,23,4.388
2026,regular,2026-05-03,ARI,23.0,13.0,15.0,20.0,8.0,18.0,23,5.087
2026,regular,2026-05-05,ARI,22.667,14.0,16.0,20.0,11.0,19.0,22,5.559
2026,regular,2026-05-06,ARI,21.667,7.0,8.0,11.0,10.0,20.0,20,2.908
2026,regular,2026-03-27,ATH,0.0,0.0,0.0,0.0,0.0,0.0,0,
2026,regular,2026-03-28,ATH,3.667,1.0,1.0,4.0,1.0,0.0,3,2.455
2026,regular,2026-03-29,ATH,8.667,5.0,7.0,13.0,6.0,5.0,9,5.192
2026,regular,2026-03-30,ATH,12.333,5.0,7.0,14.0,7.0,7.0,10,3.649
2026,regular,2026-03-31,ATH,16.333,6.0,8.0,18.0,7.0,11.0,14,3.306
2026,regular,2026-04-01,ATH,20.333,6.0,8.0,20.0,10.0,14.0,18,2.656
2026,regular,2026-04-03,ATH,25.0,7.0,9.0,23.0,10.0,17.0,21,2.52
2026,regular,2026-04-04,ATH,24.333,9.0,11.0,23.0,13.0,20.0,20,3.329
2026,regular,2026-04-05,ATH,25.333,11.0,11.0,24.0,15.0,20.0,18,3.908
2026,regular,2026-04-07,ATH,23.333,16.0,17.0,27.0,20.0,19.0,19,6.171
2026,regular,2026-04-08,ATH,22.333,20.0,21.0,32.0,17.0,17.0,18,8.06
2026,regular,2026-04-09,ATH,21.667,19.0,20.0,29.0,19.0,22.0,19,7.892
2026,regular,2026-04-10,ATH,23.667,19.0,20.0,29.0,20.0,24.0,21,7.225
2026,regular,2026-04-11,ATH,25.667,16.0,17.0,30.0,16.0,27.0,23,5.61
2026,regular,2026-04-12,ATH,23.667,11.0,12.0,23.0,10.0,27.0,23,4.183
2026,regular,2026-04-13,ATH,21.333,5.0,5.0,15.0,5.0,24.0,21,2.109
2026,regular,2026-04-14,ATH,24.333,9.0,9.0,20.0,7.0,29.0,23,3.329
2026,regular,2026-04-15,ATH,24.0,5.0,5.0,14.0,9.0,31.0,24,1.875
2026,regular,2026-04-16,ATH,23.667,8.0,8.0,17.0,8.0,28.0,24,3.042
2026,regular,2026-04-17,ATH,25.667,14.0,15.0,24.0,11.0,28.0,26,4.909
2026,regular,2026-04-18,ATH,25.0,18.0,19.0,23.0,14.0,29.0,24,6.48
2026,regular,2026-04-19,ATH,26.667,18.0,19.0,23.0,17.0,28.0,24,6.075
2026,regular,2026-04-20,ATH,27.333,18.0,19.0,24.0,18.0,30.0,23,5.927
2026,regular,2026-04-21,ATH,28.0,15.0,16.0,23.0,16.0,28.0,24,4.821
2026,regular,2026-04-22,ATH,29.0,15.0,16.0,23.0,15.0,29.0,23,4.655
2026,regular,2026-04-24,ATH,24.667,8.0,8.0,21.0,10.0,25.0,19,2.919
2026,regular,2026-04-25,ATH,22.667,4.0,4.0,19.0,7.0,20.0,20,1.588
2026,regular,2026-04-26,ATH,19.0,3.0,3.0,16.0,3.0,17.0,18,1.421
2026,regular,2026-04-28,ATH,17.0,3.0,3.0,14.0,5.0,18.0,17,1.588
2026,regular,2026-04-29,ATH,18.333,6.0,7.0,16.0,6.0,18.0,19,2.945
2026,regular,2026-04-30,ATH,17.0,5.0,6.0,10.0,8.0,16.0,17,2.647
2026,regular,2026-05-01,ATH,23.0,6.0,7.0,15.0,11.0,18.0,21,2.348
2026,regular,2026-05-02,ATH,25.333,9.0,10.0,19.0,14.0,21.0,22,3.197
2026,regular,2026-05-03,ATH,27.0,17.0,18.0,25.0,19.0,23.0,23,5.667
2026,regular,2026-05-05,ATH,24.333,16.0,17.0,22.0,16.0,17.0,21,5.918
2026,regular,2026-05-06,ATH,22.333,21.0,21.0,26.0,15.0,16.0,19,8.463
2026,regular,2026-03-27,ATL,0.0,0.0,0.0,0.0,0.0,0.0,0,
2026,regular,2026-03-28,ATL,3.0,0.0,0.0,2.0,0.0,2.0,3,0.0
2026,regular,2026-03-29,ATL,6.0,0.0,1.0,4.0,1.0,7.0,7,0.0
2026,regular,2026-03-30,ATL,10.0,1.0,2.0,6.0,2.0,11.0,8,0.9
2026,regular,2026-03-31,ATL,13.0,1.0,2.0,8.0,2.0,13.0,11,0.692
2026,regular,2026-04-01,ATL,17.667,6.0,7.0,14.0,5.0,21.0,13,3.057
2026,regular,2026-04-02,ATL,20.667,6.0,7.0,17.0,5.0,24.0,16,2.613
2026,regular,2026-04-03,ATL,24.667,7.0,8.0,19.0,6.0,26.0,18,2.554
2026,regular,2026-04-04,ATL,24.667,7.0,8.0,18.0,6.0,25.0,18,2.554
2026,regular,2026-04-05,ATL,22.667,7.0,7.0,16.0,5.0,21.0,15,2.779
2026,regular,2026-04-06,ATL,22.667,7.0,8.0,18.0,5.0,21.0,19,2.779
2026,regular,2026-04-07,ATL,23.667,7.0,8.0,16.0,5.0,22.0,19,2.662
2026,regular,2026-04-08,ATL,23.333,2.0,3.0,13.0,4.0,21.0,22,0.771
2026,regular,2026-04-10,ATL,18.667,1.0,2.0,10.0,3.0,20.0,19,0.482
2026,regular,2026-04-11,ATL,20.0,4.0,5.0,13.0,5.0,21.0,22,1.8
2026,regular,2026-04-12,ATL,23.0,9.0,10.0,18.0,10.0,22.0,25,3.522
2026,regular,2026-04-13,ATL,22.0,8.0,8.0,15.0,9.0,20.0,21,3.273
2026,regular,2026-04-14,ATL,23.0,15.0,15.0,28.0,10.0,23.0,21,5.87
2026,regular,2026-04-15,ATL,22.667,16.0,16.0,29.0,8.0,21.0,20,6.353
2026,regular,2026-04-17,ATL,23.667,19.0,19.0,31.0,10.0,22.0,23,7.225
2026,regular,2026-04-18,ATL,22.333,16.0,16.0,29.0,9.0,21.0,18,6.448
2026,regular,2026-04-19,ATL,20.333,11.0,11.0,24.0,4.0,22.0,16,4.869
2026,regular,2026-04-20,ATL,21.667,11.0,11.0,25.0,7.0,23.0,20,4.569
2026,regular,2026-04-21,ATL,19.0,4.0,4.0,12.0,6.0,20.0,20,1.895
2026,regular,2026-04-22,ATL,20.0,14.0,14.0,18.0,14.0,21.0,21,6.3
2026,regular,2026-04-23,ATL,22.667,13.0,13.0,18.0,14.0,21.0,20,5.162
2026,regular,2026-04-24,ATL,24.667,13.0,13.0,18.0,14.0,24.0,22,4.743
2026,regular,2026-04-25,ATL,24.667,13.0,13.0,19.0,14.0,24.0,24,4.743
2026,regular,2026-04-26,ATL,25.667,17.0,18.0,24.0,16.0,27.0,25,5.961
2026,regular,2026-04-28,ATL,22.0,17.0,20.0,23.0,13.0,24.0,20,6.955
2026,regular,2026-04-29,ATL,21.0,8.0,11.0,17.0,6.0,21.0,18,3.429
2026,regular,2026-04-30,ATL,18.667,6.0,9.0,13.0,4.0,22.0,16,2.893
2026,regular,2026-05-01,ATL,19.667,10.0,13.0,19.0,9.0,24.0,18,4.576
2026,regular,2026-05-02,ATL,20.667,10.0,13.0,17.0,9.0,24.0,18,4.355
2026,regular,2026-05-03,ATL,19.667,6.0,8.0,13.0,7.0,20.0,17,2.746
2026,regular,2026-05-04,ATL,22.333,9.0,9.0,19.0,8.0,24.0,20,3.627
2026,regular,2026-05-05,ATL,25.333,11.0,11.0,23.0,10.0,28.0,23,3.908
2026,regular,2026-05-06,ATL,24.333,9.0,9.0,20.0,9.0,32.0,23,3.329
2026,regular,2026-03-26,BAL,0.0,0.0,0.0,0.0,0.0,0.0,0,
2026,regular,2026-03-28,BAL,2.0,1.0,1.0,2.0,0.0,4.0,2,4.5
2026,regular,2026-03-29,BAL,6.333,2.0,2.0,4.0,1.0,10.0,6,2.842
2026,regular,2026-03-30,BAL,10.0,4.0,4.0,9.0,6.0,18.0,12,3.6
2026,regular,2026-03-31,BAL,14.667,5.0,5.0,13.0,7.0,26.0,15,3.068
2026,regular,2026-04-01,BAL,20.0,12.0,12.0,22.0,8.0,30.0,19,5.4
2026,regular,2026-04-03,BAL,21.0,12.0,12.0,22.0,9.0,28.0,18,5.143
2026,regular,2026-04-04,BAL,25.0,13.0,13.0,22.0,12.0,32.0,21,4.68
2026,regular,2026-04-05,BAL,23.333,13.0,14.0,24.0,14.0,28.0,21,5.014
2026,regular,2026-04-06,BAL,22.0,17.0,18.0,25.0,11.0,21.0,17,6.955
2026,regular,2026-04-07,BAL,21.333,17.0,18.0,23.0,13.0,17.0,17,7.172
2026,regular,2026-04-08,BAL,19.0,10.0,11.0,14.0,13.0,19.0,17,4.737
2026,regular,2026-04-10,BAL,20.0,9.0,10.0,13.0,15.0,22.0,20,4.05
2026,regular,2026-04-11,BAL,20.0,11.0,12.0,16.0,13.0,20.0,20,4.95
2026,regular,2026-04-12,BAL,21.667,10.0,10.0,15.0,10.0,22.0,21,4.154
2026,regular,2026-04-13,BAL,21.667,5.0,5.0,11.0,8.0,23.0,21,2.077
2026,regular,2026-04-14,BAL,21.667,7.0,7.0,13.0,6.0,21.0,21,2.908
2026,regular,2026-04-15,BAL,23.0,7.0,7.0,14.0,5.0,22.0,21,2.739
2026,regular,2026-04-16,BAL,23.0,10.0,11.0,18.0,2.0,21.0,22,3.913
2026,regular,2026-04-17,BAL,25.0,10.0,11.0,20.0,3.0,25.0,24,3.6
2026,regular,2026-04-18,BAL,25.0,8.0,12.0,20.0,5.0,28.0,26,2.88
2026,regular,2026-04-19,BAL,22.667,9.0,13.0,18.0,5.0,25.0,22,3.574
2026,regular,2026-04-20,BAL,23.333,10.0,14.0,18.0,7.0,30.0,22,3.857
2026,regular,2026-04-21,BAL,26.0,9.0,15.0,18.0,9.0,34.0,25,3.115
2026,regular,2026-04-22,BAL,23.667,11.0,17.0,19.0,11.0,30.0,24,4.183
2026,regular,2026-04-24,BAL,21.333,9.0,14.0,14.0,10.0,24.0,20,3.797
2026,regular,2026-04-25,BAL,20.667,8.0,10.0,14.0,8.0,20.0,18,3.484
2026,regular,2026-04-26,BAL,23.667,20.0,22.0,28.0,10.0,24.0,21,7.606
2026,regular,2026-04-28,BAL,18.0,18.0,18.0,25.0,6.0,14.0,18,9.0
2026,regular,2026-04-30,BAL,15.667,17.0,17.0,26.0,5.0,15.0,16,9.766
2026,regular,2026-05-01,BAL,23.0,18.0,20.0,36.0,6.0,20.0,23,7.043
2026,regular,2026-05-02,BAL,23.667,20.0,22.0,37.0,9.0,23.0,22,7.606
2026,regular,2026-05-03,BAL,22.667,11.0,13.0,27.0,10.0,22.0,23,4.368
2026,regular,2026-05-04,BAL,22.0,17.0,19.0,35.0,10.0,20.0,23,6.955
2026,regular,2026-05-05,BAL,24.333,23.0,25.0,40.0,13.0,20.0,27,8.507
2026,regular,2026-05-06,BAL,26.0,23.0,26.0,38.0,14.0,21.0,28,7.962
2026,regular,2026-03-26,BOS,0.0,0.0,0.0,0.0,0.0,0.0,0,
2026,regular,2026-03-28,BOS,3.0,0.0,0.0,1.0,1.0,4.0,3,0.0
2026,regular,2026-03-29,BOS,9.333,1.0,2.0,5.0,7.0,11.0,9,0.964
2026,regular,2026-03-30,BOS,12.0,3.0,4.0,7.0,9.0,14.0,11,2.25
2026,regular,2026-03-31,BOS,15.667,7.0,8.0,13.0,10.0,17.0,12,4.021
2026,regular,2026-04-01,BOS,19.0,10.0,11.0,16.0,12.0,21.0,14,4.737
2026,regular,2026-04-03,BOS,19.0,11.0,12.0,17.0,13.0,19.0,14,5.211
2026,regular,2026-04-04,BOS,22.0,11.0,12.0,17.0,14.0,22.0,17,4.5
2026,regular,2026-04-05,BOS,20.667,11.0,11.0,17.0,9.0,20.0,16,4.79
2026,regular,2026-04-06,BOS,23.0,13.0,13.0,21.0,8.0,22.0,18,5.087
2026,regular,2026-04-07,BOS,25.0,12.0,13.0,21.0,11.0,25.0,21,4.32
2026,regular,2026-04-08,BOS,24.333,9.0,10.0,18.0,10.0,22.0,22,3.329
2026,regular,2026-04-10,BOS,24.0,8.0,9.0,17.0,9.0,25.0,22,3.0
2026,regular,2026-04-11,BOS,24.667,10.0,11.0,20.0,12.0,26.0,23,3.649
2026,regular,2026-04-12,BOS,22.667,10.0,11.0,18.0,12.0,23.0,22,3.971
2026,regular,2026-04-13,BOS,20.0,7.0,8.0,13.0,11.0,20.0,20,3.15
2026,regular,2026-04-14,BOS,20.0,16.0,17.0,18.0,10.0,16.0,19,7.2
2026,regular,2026-04-15,BOS,21.333,17.0,18.0,19.0,10.0,22.0,18,7.172
2026,regular,2026-04-17,BOS,21.667,21.0,22.0,22.0,11.0,19.0,18,8.723
2026,regular,2026-04-18,BOS,20.0,19.0,20.0,21.0,8.0,17.0,16,8.55
2026,regular,2026-04-19,BOS,22.0,18.0,19.0,22.0,8.0,18.0,15,7.364
2026,regular,2026-04-20,BOS,23.667,18.0,19.0,26.0,9.0,16.0,15,6.845
2026,regular,2026-04-21,BOS,24.333,11.0,11.0,22.0,9.0,19.0,19,4.068
2026,regular,2026-04-22,BOS,24.0,11.0,11.0,26.0,9.0,17.0,19,4.125
2026,regular,2026-04-23,BOS,25.333,7.0,7.0,23.0,7.0,20.0,18,2.487
2026,regular,2026-04-24,BOS,28.333,10.0,10.0,30.0,8.0,26.0,22,3.176
2026,regular,2026-04-25,BOS,31.0,12.0,12.0,35.0,8.0,27.0,22,3.484
2026,regular,2026-04-26,BOS,29.0,12.0,13.0,35.0,7.0,26.0,22,3.724
2026,regular,2026-04-27,BOS,27.333,12.0,13.0,32.0,6.0,29.0,23,3.951
2026,regular,2026-04-28,BOS,22.0,7.0,8.0,26.0,3.0,24.0,17,2.864
2026,regular,2026-04-29,BOS,21.667,6.0,7.0,24.0,3.0,22.0,18,2.492
2026,regular,2026-05-01,BOS,18.667,7.0,8.0,20.0,3.0,12.0,15,3.375
2026,regular,2026-05-02,BOS,18.0,5.0,6.0,19.0,2.0,12.0,17,2.5
2026,regular,2026-05-03,BOS,20.0,6.0,6.0,22.0,3.0,14.0,16,2.7
2026,regular,2026-05-04,BOS,23.667,7.0,8.0,27.0,7.0,17.0,19,2.662
2026,regular,2026-05-05,BOS,24.667,9.0,10.0,28.0,8.0,20.0,20,3.284
2026,regular,2026-05-06,BOS,23.333,11.0,12.0,28.0,9.0,22.0,19,4.243
2026,regular,2026-03-26,CHC,0.0,0.0,0.0,0.0,0.0,0.0,0,
2026,regular,2026-03-28,CHC,5.333,2.0,4.0,5.0,1.0,5.0,3,3.375
2026,regular,2026-03-29,CHC,8.0,2.0,4.0,5.0,4.0,7.0,6,2.25
2026,regular,2026-03-30,CHC,12.0,4.0,6.0,10.0,5.0,9.0,10,3.0
2026,regular,2026-03-31,CHC,15.0,6.0,8.0,14.0,5.0,13.0,11,3.6
2026,regular,2026-04-01,CHC,19.333,8.0,10.0,17.0,8.0,19.0,14,3.724
2026,regular,2026-04-03,CHC,17.333,6.0,6.0,14.0,7.0,20.0,14,3.115
2026,regular,2026-04-05,CHC,19.333,9.0,9.0,19.0,7.0,19.0,15,4.19
2026,regular,2026-04-06,CHC,21.667,12.0,12.0,20.0,10.0,18.0,17,4.985
2026,regular,2026-04-07,CHC,20.667,12.0,12.0,18.0,11.0,15.0,18,5.226
2026,regular,2026-04-08,CHC,19.667,12.0,12.0,20.0,9.0,11.0,19,5.492
2026,regular,2026-04-10,CHC,20.333,13.0,13.0,21.0,9.0,10.0,19,5.754
2026,regular,2026-04-11,CHC,18.667,12.0,12.0,19.0,6.0,11.0,18,5.786
2026,regular,2026-04-12,CHC,24.667,12.0,13.0,22.0,9.0,19.0,23,4.378
2026,regular,2026-04-13,CHC,21.333,7.0,8.0,17.0,6.0,23.0,20,2.953
2026,regular,2026-04-14,CHC,23.0,8.0,10.0,19.0,8.0,24.0,20,3.13
2026,regular,2026-04-15,CHC,22.667,7.0,9.0,18.0,8.0,25.0,20,2.779
2026,regular,2026-04-17,CHC,21.667,7.0,9.0,17.0,8.0,21.0,19,2.908
2026,regular,2026-04-18,CHC,21.667,6.0,8.0,20.0,8.0,21.0,19,2.492
2026,regular,2026-04-19,CHC,18.667,6.0,8.0,19.0,6.0,16.0,16,2.893
2026,regular,2026-04-20,CHC,20.0,6.0,8.0,21.0,5.0,17.0,17,2.7
2026,regular,2026-04-21,CHC,18.667,3.0,4.0,17.0,5.0,15.0,17,1.446
2026,regular,2026-04-22,CHC,17.667,4.0,6.0,16.0,5.0,14.0,16,2.038
2026,regular,2026-04-23,CHC,19.0,3.0,5.0,18.0,5.0,20.0,17,1.421
2026,regular,2026-04-24,CHC,22.0,5.0,7.0,20.0,10.0,22.0,22,2.045
2026,regular,2026-04-25,CHC,23.0,4.0,6.0,16.0,10.0,22.0,21,1.565
2026,regular,2026-04-26,CHC,24.667,10.0,11.0,22.0,11.0,22.0,21,3.649
2026,regular,2026-04-27,CHC,23.0,11.0,12.0,20.0,11.0,18.0,19,4.304
2026,regular,2026-04-28,CHC,24.667,14.0,16.0,26.0,9.0,22.0,20,5.108
2026,regular,2026-04-29,CHC,26.0,12.0,13.0,23.0,8.0,23.0,19,4.154
2026,regular,2026-05-01,CHC,20.667,11.0,12.0,17.0,6.0,16.0,14,4.79
2026,regular,2026-05-02,CHC,20.333,14.0,15.0,18.0,8.0,21.0,15,6.197
2026,regular,2026-05-03,CHC,17.667,8.0,9.0,10.0,6.0,19.0,14,4.075
2026,regular,2026-05-04,CHC,18.0,9.0,10.0,12.0,8.0,20.0,15,4.5
2026,regular,2026-05-05,CHC,17.0,7.0,7.0,7.0,9.0,20.0,16,3.706
2026,regular,2026-05-06,CHC,18.0,7.0,7.0,8.0,10.0,21.0,18,3.5
2026,regular,2026-03-26,CHW,0.0,0.0,0.0,0.0,0.0,0.0,0,
2026,regular,2026-03-28,CHW,5.667,11.0,12.0,9.0,9.0,2.0,5,17.471
2026,regular,2026-03-29,CHW,9.667,13.0,14.0,14.0,13.0,6.0,10,12.103
2026,regular,2026-03-30,CHW,13.0,20.0,21.0,22.0,16.0,13.0,15,13.846
2026,regular,2026-03-31,CHW,17.0,21.0,22.0,25.0,18.0,19.0,17,11.118
2026,regular,2026-04-01,CHW,20.0,25.0,27.0,28.0,20.0,20.0,19,11.25
2026,regular,2026-04-03,CHW,19.333,16.0,17.0,24.0,13.0,23.0,17,7.448
2026,regular,2026-04-04,CHW,23.333,18.0,20.0,27.0,14.0,27.0,21,6.943
2026,regular,2026-04-05,CHW,24.0,17.0,19.0,25.0,13.0,25.0,21,6.375
2026,regular,2026-04-06,CHW,23.667,10.0,12.0,19.0,11.0,21.0,19,3.803
2026,regular,2026-04-07,CHW,22.667,9.0,11.0,18.0,9.0,18.0,19,3.574
2026,regular,2026-04-08,CHW,25.0,9.0,10.0,22.0,10.0,22.0,22,3.24
2026,regular,2026-04-09,CHW,24.0,9.0,11.0,22.0,11.0,21.0,24,3.375
2026,regular,2026-04-10,CHW,27.333,9.0,11.0,24.0,13.0,26.0,27,2.963
2026,regular,2026-04-11,CHW,24.333,7.0,8.0,21.0,13.0,22.0,24,2.589
2026,regular,2026-04-12,CHW,22.667,7.0,8.0,19.0,10.0,22.0,21,2.779
2026,regular,2026-04-14,CHW,23.667,12.0,13.0,21.0,15.0,23.0,24,4.563
2026,regular,2026-04-15,CHW,23.0,12.0,13.0,23.0,14.0,21.0,23,4.696
2026,regular,2026-04-16,CHW,22.667,14.0,14.0,20.0,13.0,20.0,21,5.559
2026,regular,2026-04-17,CHW,25.667,18.0,18.0,23.0,17.0,24.0,24,6.312
2026,regular,2026-04-18,CHW,26.667,19.0,19.0,24.0,18.0,25.0,24,6.413
2026,regular,2026-04-19,CHW,29.667,21.0,22.0,31.0,24.0,26.0,28,6.371
2026,regular,2026-04-21,CHW,26.667,19.0,20.0,29.0,20.0,24.0,24,6.412
2026,regular,2026-04-22,CHW,25.0,18.0,19.0,23.0,24.0,24.0,22,6.48
2026,regular,2026-04-23,CHW,25.667,17.0,18.0,29.0,25.0,25.0,23,5.961
2026,regular,2026-04-24,CHW,22.0,13.0,14.0,26.0,19.0,21.0,19,5.318
2026,regular,2026-04-25,CHW,23.333,13.0,14.0,28.0,18.0,25.0,22,5.014
2026,regular,2026-04-26,CHW,21.333,13.0,14.0,22.0,18.0,29.0,21,5.484
2026,regular,2026-04-27,CHW,20.0,11.0,13.0,19.0,17.0,25.0,20,4.95
2026,regular,2026-04-28,CHW,25.0,12.0,16.0,26.0,17.0,29.0,24,4.32
2026,regular,2026-04-29,CHW,25.333,10.0,14.0,25.0,13.0,32.0,25,3.553
2026,regular,2026-05-01,CHW,21.333,7.0,11.0,16.0,10.0,26.0,22,2.953
2026,regular,2026-05-02,CHW,21.0,8.0,12.0,17.0,10.0,24.0,21,3.429
2026,regular,2026-05-03,CHW,20.0,5.0,8.0,17.0,6.0,20.0,19,2.25
2026,regular,2026-05-04,CHW,20.333,5.0,7.0,18.0,6.0,22.0,19,2.213
2026,regular,2026-05-05,CHW,17.333,4.0,4.0,11.0,6.0,22.0,16,2.077
2026,regular,2026-05-06,CHW,17.333,3.0,3.0,10.0,4.0,19.0,16,1.558
2026,regular,2026-03-26,CIN,0.0,0.0,0.0,0.0,0.0,0.0,0,
2026,regular,2026-03-28,CIN,3.0,3.0,3.0,5.0,2.0,3.0,5,9.0
2026,regular,2026-03-29,CIN,10.0,5.0,5.0,8.0,5.0,13.0,11,4.5
2026,regular,2026-03-30,CIN,14.0,5.0,5.0,12.0,9.0,15.0,15,3.214
2026,regular,2026-03-31,CIN,18.0,5.0,5.0,15.0,11.0,19.0,18,2.5
2026,regular,2026-04-01,CIN,22.333,7.0,7.0,17.0,12.0,23.0,21,2.821
2026,regular,2026-04-03,CIN,22.667,8.0,8.0,16.0,12.0,25.0,20,3.176
2026,regular,2026-04-04,CIN,26.667,9.0,9.0,18.0,13.0,29.0,24,3.038
2026,regular,2026-04-05,CIN,22.667,7.0,7.0,16.0,13.0,22.0,21,2.779
2026,regular,2026-04-06,CIN,21.667,7.0,7.0,13.0,11.0,26.0,21,2.908
2026,regular,2026-04-07,CIN,20.0,7.0,7.0,10.0,10.0,24.0,21,3.15
2026,regular,2026-04-08,CIN,20.333,5.0,6.0,9.0,13.0,25.0,22,2.213
2026,regular,2026-04-09,CIN,22.333,2.0,3.0,7.0,13.0,23.0,21,0.806
2026,regular,2026-04-10,CIN,25.0,4.0,6.0,11.0,16.0,26.0,23,1.44
2026,regular,2026-04-11,CIN,24.667,8.0,10.0,12.0,19.0,27.0,23,2.919
2026,regular,2026-04-12,CIN,26.667,8.0,10.0,13.0,19.0,28.0,25,2.7
2026,regular,2026-04-14,CIN,27.333,9.0,12.0,14.0,23.0,22.0,22,2.963
2026,regular,2026-04-15,CIN,25.667,9.0,11.0,14.0,20.0,21.0,21,3.156
2026,regular,2026-04-16,CIN,22.667,8.0,10.0,16.0,19.0,20.0,21,3.176
2026,regular,2026-04-17,CIN,23.0,6.0,10.0,16.0,17.0,22.0,23,2.348
2026,regular,2026-04-18,CIN,23.0,1.0,5.0,15.0,14.0,19.0,23,0.391
2026,regular,2026-04-19,CIN,22.333,1.0,5.0,16.0,13.0,24.0,23,0.403
2026,regular,2026-04-20,CIN,20.333,1.0,4.0,18.0,8.0,25.0,23,0.443
2026,regular,2026-04-21,CIN,23.333,1.0,4.0,19.0,11.0,27.0,26,0.386
2026,regular,2026-04-22,CIN,23.667,5.0,8.0,22.0,15.0,27.0,26,1.901
2026,regular,2026-04-24,CIN,22.0,6.0,6.0,16.0,13.0,21.0,22,2.455
2026,regular,2026-04-25,CIN,23.333,9.0,9.0,19.0,16.0,21.0,23,3.471
2026,regular,2026-04-26,CIN,22.667,9.0,9.0,18.0,16.0,15.0,22,3.574
2026,regular,2026-04-28,CIN,19.667,13.0,14.0,19.0,15.0,15.0,19,5.949
2026,regular,2026-04-29,CIN,19.333,9.0,10.0,19.0,11.0,14.0,19,4.19
2026,regular,2026-04-30,CIN,21.667,17.0,18.0,28.0,13.0,20.0,19,7.062
2026,regular,2026-05-01,CIN,24.667,19.0,20.0,32.0,14.0,24.0,22,6.932
2026,regular,2026-05-02,CIN,24.333,21.0,22.0,32.0,16.0,26.0,22,7.767
2026,regular,2026-05-03,CIN,26.667,36.0,37.0,44.0,25.0,32.0,24,12.15
2026,regular,2026-05-04,CIN,23.667,32.0,32.0,40.0,23.0,27.0,21,12.169
2026,regular,2026-05-05,CIN,26.667,34.0,34.0,42.0,27.0,31.0,24,11.475
2026,regular,2026-05-06,CIN,27.0,36.0,37.0,42.0,29.0,31.0,26,12.0
2026,regular,2026-03-26,CLE,0.0,0.0,0.0,0.0,0.0,0.0,0,
2026,regular,2026-03-27,CLE,4.0,1.0,1.0,2.0,0.0,7.0,4,2.25
2026,regular,2026-03-28,CLE,7.0,3.0,3.0,3.0,1.0,10.0,6,3.857
2026,regular,2026-03-29,CLE,13.333,5.0,6.0,8.0,5.0,17.0,12,3.375
2026,regular,2026-03-30,CLE,17.0,6.0,8.0,11.0,7.0,20.0,14,3.176
2026,regular,2026-03-31,CLE,20.0,8.0,10.0,15.0,7.0,21.0,17,3.6
2026,regular,2026-04-01,CLE,24.0,11.0,13.0,21.0,8.0,28.0,19,4.125
2026,regular,2026-04-03,CLE,22.0,11.0,13.0,22.0,8.0,23.0,18,4.5
2026,regular,2026-04-05,CLE,16.333,7.0,8.0,17.0,3.0,17.0,14,3.857
2026,regular,2026-04-06,CLE,19.667,11.0,11.0,20.0,5.0,24.0,19,5.034
2026,regular,2026-04-07,CLE,21.0,12.0,12.0,22.0,6.0,28.0,19,5.143
2026,regular,2026-04-08,CLE,20.333,9.0,9.0,16.0,8.0,27.0,21,3.984
2026,regular,2026-04-10,CLE,21.667,8.0,8.0,15.0,9.0,30.0,21,3.323
2026,regular,2026-04-11,CLE,20.667,14.0,14.0,22.0,11.0,28.0,20,6.097
2026,regular,2026-04-12,CLE,23.0,14.0,14.0,23.0,12.0,32.0,23,5.478
2026,regular,2026-04-13,CLE,19.333,14.0,14.0,25.0,9.0,23.0,18,6.517
2026,regular,2026-04-14,CLE,19.0,12.0,12.0,23.0,10.0,20.0,19,5.684
2026,regular,2026-04-15,CLE,19.0,14.0,16.0,26.0,8.0,18.0,19,6.632
2026,regular,2026-04-16,CLE,19.667,18.0,20.0,30.0,9.0,16.0,19,8.237
2026,regular,2026-04-17,CLE,20.667,18.0,20.0,32.0,9.0,16.0,20,7.839
2026,regular,2026-04-18,CLE,21.0,18.0,20.0,27.0,10.0,20.0,21,7.714
2026,regular,2026-04-19,CLE,20.667,19.0,21.0,27.0,9.0,21.0,20,8.274
2026,regular,2026-04-20,CLE,21.667,14.0,16.0,19.0,9.0,26.0,22,5.815
2026,regular,2026-04-21,CLE,21.667,15.0,17.0,18.0,8.0,26.0,21,6.231
2026,regular,2026-04-22,CLE,22.333,14.0,15.0,19.0,9.0,23.0,22,5.642
2026,regular,2026-04-24,CLE,20.333,10.0,11.0,12.0,8.0,23.0,21,4.426
2026,regular,2026-04-25,CLE,20.333,4.0,5.0,11.0,5.0,18.0,20,1.77
2026,regular,2026-04-26,CLE,21.333,4.0,6.0,13.0,7.0,19.0,21,1.688
2026,regular,2026-04-27,CLE,19.333,4.0,6.0,13.0,6.0,16.0,19,1.862
2026,regular,2026-04-28,CLE,18.667,4.0,6.0,14.0,6.0,16.0,20,1.929
2026,regular,2026-04-29,CLE,18.667,3.0,4.0,11.0,6.0,16.0,18,1.446
2026,regular,2026-05-01,CLE,17.0,3.0,4.0,11.0,5.0,16.0,17,1.588
2026,regular,2026-05-02,CLE,19.0,4.0,5.0,13.0,8.0,19.0,20,1.895
2026,regular,2026-05-03,CLE,19.667,4.0,4.0,14.0,8.0,15.0,21,1.831
2026,regular,2026-05-04,CLE,20.333,7.0,7.0,19.0,11.0,15.0,21,3.098
2026,regular,2026-05-05,CLE,21.0,6.0,7.0,17.0,12.0,16.0,20,2.571
2026,regular,2026-05-06,CLE,19.0,6.0,7.0,16.0,10.0,18.0,18,2.842
2026,regular,2026-03-27,COL,0.0,0.0,0.0,0.0,0.0,0.0,0,
2026,regular,2026-03-28,COL,3.667,0.0,0.0,3.0,0.0,2.0,3,0.0
2026,regular,2026-03-29,COL,7.333,1.0,1.0,6.0,1.0,5.0,6,1.227
2026,regular,2026-03-30,COL,11.667,3.0,3.0,10.0,2.0,11.0,9,2.314
2026,regular,2026-03-31,COL,16.0,7.0,7.0,15.0,4.0,16.0,11,3.938
2026,regular,2026-04-01,COL,21.0,12.0,12.0,28.0,7.0,22.0,15,5.143
2026,regular,2026-04-03,COL,26.0,12.0,12.0,30.0,7.0,25.0,19,4.154
2026,regular,2026-04-04,COL,25.333,21.0,21.0,39.0,9.0,25.0,17,7.461
2026,regular,2026-04-05,COL,26.333,21.0,21.0,39.0,11.0,26.0,19,7.177
2026,regular,2026-04-06,COL,25.0,19.0,19.0,37.0,10.0,25.0,19,6.84
2026,regular,2026-04-07,COL,24.333,18.0,18.0,38.0,9.0,22.0,20,6.658
2026,regular,2026-04-08,COL,22.0,13.0,13.0,25.0,6.0,19.0,17,5.318
2026,regular,2026-04-09,COL,20.333,13.0,13.0,24.0,6.0,18.0,14,5.754
2026,regular,2026-04-10,COL,27.333,16.0,19.0,29.0,11.0,22.0,20,5.268
2026,regular,2026-04-11,COL,26.667,10.0,13.0,19.0,12.0,23.0,22,3.375
2026,regular,2026-04-12,COL,26.0,11.0,15.0,19.0,13.0,20.0,21,3.808
2026,regular,2026-04-14,COL,23.0,10.0,14.0,13.0,14.0,14.0,20,3.913
2026,regular,2026-04-15,COL,25.0,12.0,21.0,22.0,15.0,17.0,22,4.32
2026,regular,2026-04-16,COL,25.667,15.0,24.0,24.0,20.0,16.0,23,5.26
2026,regular,2026-04-17,COL,22.333,14.0,20.0,23.0,19.0,16.0,21,5.642
2026,regular,2026-04-18,COL,25.0,13.0,19.0,25.0,17.0,18.0,20,4.68
2026,regular,2026-04-19,COL,24.333,11.0,16.0,25.0,14.0,20.0,19,4.068
2026,regular,2026-04-20,COL,24.667,12.0,17.0,31.0,13.0,23.0,17,4.378
2026,regular,2026-04-21,COL,28.667,18.0,23.0,38.0,16.0,29.0,18,5.651
2026,regular,2026-04-22,COL,27.0,16.0,16.0,32.0,15.0,29.0,18,5.333
2026,regular,2026-04-23,COL,26.333,14.0,15.0,31.0,12.0,31.0,18,4.785
2026,regular,2026-04-24,COL,28.667,20.0,21.0,36.0,12.0,37.0,19,6.279
2026,regular,2026-04-26,COL,22.333,20.0,21.0,33.0,10.0,30.0,16,8.06
2026,regular,2026-04-28,COL,20.0,11.0,12.0,21.0,8.0,25.0,17,4.95
2026,regular,2026-04-29,COL,20.0,14.0,15.0,24.0,8.0,22.0,15,6.3
2026,regular,2026-04-30,COL,20.333,15.0,15.0,28.0,6.0,26.0,16,6.639
2026,regular,2026-05-01,COL,17.0,9.0,9.0,22.0,4.0,18.0,13,4.765
2026,regular,2026-05-02,COL,18.0,13.0,14.0,22.0,9.0,20.0,14,6.5
2026,regular,2026-05-03,COL,21.667,16.0,17.0,26.0,9.0,25.0,16,6.646
2026,regular,2026-05-04,COL,20.667,21.0,22.0,29.0,10.0,22.0,14,9.145
2026,regular,2026-05-06,COL,21.333,18.0,19.0,24.0,10.0,26.0,16,7.594
2026,regular,2026-03-26,DET,0.0,0.0,0.0,0.0,0.0,0.0,0,
2026,regular,2026-03-27,DET,3.0,1.0,1.0,2.0,3.0,1.0,3,3.0
2026,regular,2026-03-28,DET,6.0,1.0,1.0,3.0,4.0,8.0,6,1.5
2026,regular,2026-03-30,DET,9.667,1.0,1.0,6.0,4.0,12.0,9,0.931
2026,regular,2026-03-31,DET,14.0,5.0,5.0,11.0,8.0,14.0,13,3.214
2026,regular,2026-04-01,DET,16.0,11.0,11.0,15.0,10.0,17.0,16,6.187
2026,regular,2026-04-03,DET,14.0,10.0,10.0,13.0,9.0,16.0,14,6.429
2026,regular,2026-04-04,DET,14.0,10.0,10.0,14.0,9.0,13.0,14,6.429
2026,regular,2026-04-05,DET,14.667,11.0,11.0,14.0,11.0,12.0,16,6.75
2026,regular,2026-04-06,DET,19.333,12.0,13.0,17.0,13.0,16.0,18,5.586
2026,regular,2026-04-07,DET,18.667,10.0,11.0,15.0,13.0,20.0,16,4.821
2026,regular,2026-04-08,DET,20.0,4.0,5.0,13.0,12.0,20.0,15,1.8
2026,regular,2026-04-09,DET,22.0,4.0,5.0,14.0,14.0,22.0,17,1.636
2026,regular,2026-04-10,DET,24.333,6.0,7.0,18.0,16.0,25.0,20,2.219
2026,regular,2026-04-11,DET,24.333,6.0,7.0,16.0,16.0,23.0,20,2.219
2026,regular,2026-04-12,DET,23.333,5.0,6.0,13.0,16.0,22.0,16,1.929
2026,regular,2026-04-14,DET,17.333,3.0,3.0,11.0,10.0,13.0,14,1.558
2026,regular,2026-04-15,DET,16.0,3.0,3.0,10.0,9.0,13.0,14,1.688
2026,regular,2026-04-16,DET,16.0,3.0,3.0,13.0,5.0,12.0,14,1.688
2026,regular,2026-04-17,DET,16.667,6.0,6.0,15.0,4.0,12.0,15,3.24
2026,regular,2026-04-18,DET,16.333,6.0,7.0,16.0,5.0,12.0,15,3.306
2026,regular,2026-04-19,DET,16.0,6.0,7.0,17.0,3.0,12.0,16,3.375
2026,regular,2026-04-20,DET,16.667,6.0,7.0,16.0,4.0,14.0,17,3.24
2026,regular,2026-04-21,DET,21.333,12.0,13.0,25.0,6.0,18.0,20,5.063
2026,regular,2026-04-22,DET,22.667,19.0,22.0,35.0,8.0,17.0,21,7.544
2026,regular,2026-04-23,DET,22.667,20.0,23.0,34.0,10.0,18.0,21,7.941
2026,regular,2026-04-24,DET,22.667,15.0,18.0,31.0,11.0,16.0,20,5.956
2026,regular,2026-04-25,DET,24.333,20.0,24.0,37.0,10.0,23.0,22,7.397
2026,regular,2026-04-26,DET,26.667,28.0,32.0,45.0,16.0,28.0,24,9.45
2026,regular,2026-04-28,DET,23.0,21.0,25.0,35.0,13.0,23.0,22,8.217
2026,regular,2026-04-29,DET,25.0,19.0,21.0,33.0,13.0,29.0,22,6.84
2026,regular,2026-04-30,DET,23.0,20.0,22.0,31.0,14.0,28.0,21,7.826
2026,regular,2026-05-01,DET,23.0,20.0,22.0,30.0,13.0,30.0,20,7.826
2026,regular,2026-05-02,DET,24.0,16.0,16.0,27.0,13.0,28.0,19,6.0
2026,regular,2026-05-03,DET,21.0,8.0,8.0,20.0,7.0,24.0,16,3.429
2026,regular,2026-05-04,DET,22.667,9.0,9.0,23.0,8.0,27.0,17,3.574
2026,regular,2026-05-05,DET,26.667,14.0,14.0,31.0,11.0,31.0,21,4.725
2026,regular,2026-05-06,DET,27.333,9.0,9.0,25.0,10.0,31.0,21,2.963
2026,regular,2026-03-26,HOU,0.0,0.0,0.0,0.0,0.0,0.0,0,
2026,regular,2026-03-27,HOU,4.333,3.0,3.0,5.0,2.0,5.0,3,6.231
2026,regular,2026-03-28,HOU,7.667,4.0,4.0,7.0,6.0,10.0,6,4.696
2026,regular,2026-03-29,HOU,12.0,7.0,7.0,9.0,10.0,17.0,9,5.25
2026,regular,2026-03-30,HOU,18.333,10.0,10.0,13.0,14.0,26.0,15,4.909
2026,regular,2026-03-31,HOU,20.333,10.0,10.0,13.0,15.0,29.0,16,4.426
2026,regular,2026-04-01,HOU,23.333,11.0,11.0,16.0,16.0,34.0,17,4.243
2026,regular,2026-04-03,HOU,23.0,10.0,10.0,13.0,14.0,36.0,18,3.913
2026,regular,2026-04-04,HOU,24.0,14.0,14.0,18.0,12.0,35.0,17,5.25
2026,regular,2026-04-05,HOU,23.0,11.0,11.0,18.0,8.0,32.0,16,4.304
2026,regular,2026-04-06,HOU,21.667,16.0,17.0,25.0,10.0,25.0,15,6.646
2026,regular,2026-04-07,HOU,23.333,22.0,24.0,34.0,11.0,26.0,16,8.486
2026,regular,2026-04-08,HOU,23.0,23.0,25.0,33.0,11.0,22.0,18,9.0
2026,regular,2026-04-10,HOU,25.0,29.0,31.0,39.0,19.0,20.0,19,10.44
2026,regular,2026-04-11,HOU,26.0,29.0,31.0,38.0,23.0,23.0,21,10.038
2026,regular,2026-04-12,HOU,26.667,31.0,33.0,38.0,28.0,23.0,24,10.462
2026,regular,2026-04-13,HOU,27.0,27.0,28.0,31.0,30.0,26.0,23,9.0
2026,regular,2026-04-14,HOU,25.333,21.0,21.0,24.0,28.0,22.0,22,7.461
2026,regular,2026-04-15,HOU,28.0,21.0,21.0,26.0,31.0,28.0,24,6.75
2026,regular,2026-04-16,HOU,25.0,13.0,13.0,19.0,24.0,28.0,22,4.68
2026,regular,2026-04-17,HOU,30.333,14.0,14.0,25.0,26.0,30.0,25,4.154
2026,regular,2026-04-18,HOU,29.0,14.0,14.0,22.0,23.0,24.0,24,4.345
2026,regular,2026-04-19,HOU,29.0,15.0,15.0,25.0,19.0,27.0,21,4.655
2026,regular,2026-04-20,HOU,29.0,12.0,14.0,26.0,12.0,28.0,21,3.724
2026,regular,2026-04-21,HOU,31.0,12.0,14.0,27.0,14.0,31.0,23,3.484
2026,regular,2026-04-22,HOU,30.333,16.0,18.0,29.0,14.0,27.0,22,4.747
2026,regular,2026-04-24,HOU,25.0,15.0,17.0,24.0,12.0,22.0,19,5.4
2026,regular,2026-04-25,HOU,25.0,15.0,17.0,28.0,11.0,22.0,19,5.4
2026,regular,2026-04-26,HOU,25.0,18.0,20.0,30.0,17.0,15.0,22,6.48
2026,regular,2026-04-28,HOU,17.667,20.0,20.0,26.0,14.0,7.0,17,10.189
2026,regular,2026-04-30,HOU,14.333,16.0,16.0,25.0,9.0,7.0,13,10.047
2026,regular,2026-05-01,HOU,21.0,26.0,26.0,33.0,17.0,14.0,19,11.143
2026,regular,2026-05-02,HOU,19.0,21.0,21.0,28.0,15.0,14.0,18,9.947
2026,regular,2026-05-03,HOU,19.0,17.0,17.0,24.0,10.0,17.0,17,8.053
2026,regular,2026-05-04,HOU,23.333,14.0,14.0,27.0,12.0,22.0,19,5.4
2026,regular,2026-05-05,HOU,28.0,15.0,15.0,32.0,13.0,28.0,23,4.821
2026,regular,2026-05-06,HOU,25.667,14.0,14.0,28.0,13.0,25.0,21,4.909
2026,regular,2026-03-27,KCR,0.0,0.0,0.0,0.0,0.0,0.0,0,
2026,regular,2026-03-28,KCR,4.0,2.0,2.0,5.0,0.0,5.0,2,4.5
2026,regular,2026-03-29,KCR,6.333,8.0,8.0,11.0,3.0,6.0,5,11.368
2026,regular,2026-03-30,KCR,9.0,9.0,9.0,13.0,3.0,8.0,8,9.0
2026,regular,2026-04-01,KCR,12.0,9.0,9.0,15.0,3.0,10.0,11,6.75
2026,regular,2026-04-02,KCR,16.0,15.0,17.0,20.0,11.0,16.0,17,8.438
2026,regular,2026-04-04,KCR,15.0,17.0,19.0,19.0,13.0,15.0,18,10.2
2026,regular,2026-04-05,KCR,22.667,11.0,13.0,16.0,14.0,27.0,21,4.368
2026,regular,2026-04-06,KCR,24.0,14.0,16.0,20.0,19.0,28.0,22,5.25
2026,regular,2026-04-07,KCR,23.0,15.0,17.0,19.0,20.0,28.0,21,5.87
2026,regular,2026-04-08,KCR,25.667,16.0,18.0,21.0,22.0,31.0,24,5.61
2026,regular,2026-04-09,KCR,26.667,19.0,19.0,26.0,17.0,32.0,22,6.413
2026,regular,2026-04-10,KCR,26.333,15.0,15.0,23.0,16.0,29.0,21,5.127
2026,regular,2026-04-11,KCR,28.333,15.0,15.0,23.0,16.0,29.0,23,4.765
2026,regular,2026-04-12,KCR,19.333,15.0,15.0,20.0,12.0,17.0,18,6.983
2026,regular,2026-04-14,KCR,17.0,11.0,11.0,14.0,9.0,17.0,16,5.824
2026,regular,2026-04-15,KCR,16.333,12.0,12.0,15.0,9.0,15.0,15,6.612
2026,regular,2026-04-16,KCR,12.667,4.0,4.0,7.0,7.0,10.0,13,2.842
2026,regular,2026-04-17,KCR,14.0,9.0,9.0,14.0,7.0,14.0,16,5.786
2026,regular,2026-04-18,KCR,14.0,11.0,11.0,16.0,9.0,16.0,16,7.071
2026,regular,2026-04-19,KCR,17.0,17.0,17.0,20.0,14.0,18.0,16,9.0
2026,regular,2026-04-20,KCR,17.0,16.0,16.0,22.0,13.0,16.0,15,8.471
2026,regular,2026-04-21,KCR,22.0,21.0,23.0,27.0,17.0,23.0,20,8.591
2026,regular,2026-04-22,KCR,23.0,21.0,23.0,27.0,17.0,23.0,21,8.217
2026,regular,2026-04-24,KCR,21.333,17.0,19.0,21.0,16.0,19.0,17,7.172
2026,regular,2026-04-25,KCR,22.0,15.0,17.0,19.0,17.0,20.0,19,6.136
2026,regular,2026-04-26,KCR,21.0,9.0,11.0,18.0,12.0,20.0,21,3.857
2026,regular,2026-04-28,KCR,16.0,5.0,6.0,12.0,10.0,15.0,17,2.813
2026,regular,2026-04-29,KCR,18.0,3.0,4.0,13.0,10.0,19.0,19,1.5
2026,regular,2026-04-30,KCR,17.333,2.0,3.0,12.0,10.0,18.0,19,1.038
2026,regular,2026-05-01,KCR,20.0,3.0,4.0,14.0,11.0,18.0,21,1.35
2026,regular,2026-05-02,KCR,21.0,5.0,6.0,16.0,10.0,20.0,21,2.143
2026,regular,2026-05-03,KCR,22.0,5.0,6.0,13.0,10.0,20.0,21,2.045
2026,regular,2026-05-04,KCR,20.333,4.0,4.0,11.0,7.0,18.0,19,1.77
2026,regular,2026-05-05,KCR,22.333,4.0,4.0,12.0,7.0,18.0,21,1.612
2026,regular,2026-05-06,KCR,20.333,4.0,4.0,8.0,7.0,15.0,19,1.77
2026,regular,2026-03-26,LAA,0.0,0.0,0.0,0.0,0.0,0.0,0,
2026,regular,2026-03-27,LAA,3.0,0.0,0.0,1.0,2.0,2.0,4,0.0
2026,regular,2026-03-28,LAA,7.667,0.0,0.0,1.0,4.0,9.0,8,0.0
2026,regular,2026-03-29,LAA,11.0,2.0,8.0,8.0,9.0,12.0,11,1.636
2026,regular,2026-03-30,LAA,15.0,5.0,11.0,11.0,13.0,15.0,14,3.0
2026,regular,2026-03-31,LAA,19.667,6.0,12.0,13.0,16.0,18.0,16,2.746
2026,regular,2026-04-01,LAA,22.667,6.0,12.0,15.0,18.0,22.0,19,2.382
2026,regular,2026-04-03,LAA,22.333,6.0,13.0,18.0,17.0,25.0,17,2.418
2026,regular,2026-04-04,LAA,21.0,8.0,16.0,22.0,17.0,21.0,17,3.429
2026,regular,2026-04-05,LAA,21.0,6.0,8.0,16.0,13.0,21.0,19,2.571
2026,regular,2026-04-06,LAA,25.333,7.0,10.0,17.0,12.0,29.0,20,2.487
2026,regular,2026-04-07,LAA,21.667,7.0,10.0,17.0,10.0,27.0,20,2.908
2026,regular,2026-04-08,LAA,22.667,10.0,13.0,21.0,10.0,27.0,19,3.971
2026,regular,2026-04-10,LAA,24.667,12.0,14.0,20.0,13.0,27.0,20,4.378
2026,regular,2026-04-11,LAA,23.333,11.0,12.0,18.0,12.0,26.0,17,4.243
2026,regular,2026-04-12,LAA,24.333,17.0,19.0,23.0,20.0,27.0,15,6.288
2026,regular,2026-04-13,LAA,18.0,19.0,20.0,23.0,20.0,18.0,14,9.5
2026,regular,2026-04-14,LAA,21.667,25.0,26.0,31.0,22.0,21.0,16,10.385
2026,regular,2026-04-15,LAA,19.667,22.0,23.0,26.0,20.0,20.0,16,10.068
2026,regular,2026-04-16,LAA,16.667,22.0,23.0,25.0,17.0,15.0,15,11.88
2026,regular,2026-04-17,LAA,22.667,26.0,27.0,32.0,21.0,21.0,19,10.324
2026,regular,2026-04-18,LAA,24.0,25.0,26.0,31.0,20.0,24.0,21,9.375
2026,regular,2026-04-19,LAA,22.667,23.0,23.0,30.0,15.0,22.0,21,9.132
2026,regular,2026-04-20,LAA,23.667,17.0,17.0,27.0,13.0,23.0,20,6.465
2026,regular,2026-04-21,LAA,22.0,11.0,11.0,20.0,11.0,20.0,18,4.5
2026,regular,2026-04-22,LAA,23.333,14.0,14.0,22.0,12.0,20.0,19,5.4
2026,regular,2026-04-24,LAA,19.667,11.0,11.0,18.0,8.0,19.0,17,5.034
2026,regular,2026-04-25,LAA,19.333,12.0,12.0,20.0,10.0,19.0,17,5.586
2026,regular,2026-04-26,LAA,20.667,15.0,16.0,24.0,11.0,20.0,19,6.532
2026,regular,2026-04-27,LAA,22.333,22.0,24.0,30.0,15.0,19.0,22,8.866
2026,regular,2026-04-28,LAA,21.333,26.0,28.0,31.0,14.0,22.0,23,10.969
2026,regular,2026-04-29,LAA,21.0,25.0,27.0,31.0,14.0,22.0,23,10.714
2026,regular,2026-05-01,LAA,22.667,24.0,26.0,30.0,18.0,22.0,24,9.529
2026,regular,2026-05-02,LAA,23.667,26.0,28.0,32.0,17.0,19.0,25,9.887
2026,regular,2026-05-03,LAA,23.0,19.0,20.0,23.0,13.0,20.0,22,7.435
2026,regular,2026-05-04,LAA,21.0,15.0,15.0,18.0,9.0,21.0,20,6.429
2026,regular,2026-05-05,LAA,24.0,11.0,11.0,22.0,9.0,21.0,19,4.125
2026,regular,2026-05-06,LAA,26.0,10.0,10.0,23.0,10.0,27.0,20,3.462
2026,regular,2026-03-26,LAD,0.0,0.0,0.0,0.0,0.0,0.0,0,
2026,regular,2026-03-27,LAD,3.0,0.0,0.0,1.0,0.0,2.0,3,0.0
2026,regular,2026-03-28,LAD,8.667,0.0,0.0,4.0,2.0,8.0,9,0.0
2026,regular,2026-03-30,LAD,11.667,0.0,0.0,5.0,2.0,9.0,12,0.0
2026,regular,2026-03-31,LAD,16.667,3.0,3.0,10.0,3.0,13.0,14,1.62
2026,regular,2026-04-01,LAD,19.667,4.0,4.0,11.0,5.0,17.0,17,1.831
2026,regular,2026-04-03,LAD,19.667,6.0,6.0,12.0,7.0,18.0,17,2.746
2026,regular,2026-04-04,LAD,17.333,8.0,8.0,13.0,7.0,15.0,15,4.154
2026,regular,2026-04-05,LAD,17.333,11.0,11.0,16.0,7.0,16.0,15,5.712
2026,regular,2026-04-06,LAD,21.333,11.0,11.0,18.0,9.0,19.0,19,4.641
2026,regular,2026-04-07,LAD,20.333,9.0,9.0,16.0,9.0,19.0,20,3.984
2026,regular,2026-04-08,LAD,20.333,8.0,8.0,16.0,9.0,19.0,20,3.541
2026,regular,2026-04-10,LAD,19.333,9.0,9.0,18.0,10.0,17.0,20,4.19
2026,regular,2026-04-11,LAD,19.0,10.0,10.0,18.0,10.0,21.0,19,4.737
2026,regular,2026-04-12,LAD,19.0,7.0,7.0,14.0,11.0,24.0,20,3.316
2026,regular,2026-04-13,LAD,20.0,9.0,10.0,17.0,14.0,26.0,20,4.05
2026,regular,2026-04-14,LAD,17.0,8.0,9.0,15.0,13.0,22.0,18,4.235
2026,regular,2026-04-15,LAD,15.333,8.0,9.0,14.0,11.0,22.0,17,4.696
2026,regular,2026-04-17,LAD,16.333,6.0,7.0,13.0,8.0,25.0,17,3.306
2026,regular,2026-04-18,LAD,15.333,3.0,4.0,9.0,7.0,21.0,15,1.761
2026,regular,2026-04-19,LAD,15.333,5.0,6.0,12.0,6.0,19.0,14,2.935
2026,regular,2026-04-20,LAD,13.667,9.0,9.0,15.0,2.0,17.0,16,5.927
2026,regular,2026-04-21,LAD,14.667,11.0,11.0,17.0,3.0,19.0,17,6.75
2026,regular,2026-04-22,LAD,14.333,11.0,11.0,17.0,4.0,16.0,16,6.907
2026,regular,2026-04-23,LAD,13.333,13.0,13.0,17.0,4.0,13.0,15,8.775
2026,regular,2026-04-24,LAD,14.333,13.0,13.0,17.0,4.0,13.0,16,8.163
2026,regular,2026-04-25,LAD,15.0,18.0,18.0,24.0,4.0,13.0,19,10.8
2026,regular,2026-04-26,LAD,16.0,16.0,16.0,23.0,5.0,16.0,20,9.0
2026,regular,2026-04-27,LAD,15.667,10.0,10.0,15.0,6.0,15.0,17,5.745
2026,regular,2026-04-28,LAD,17.667,8.0,8.0,13.0,7.0,20.0,19,4.075
2026,regular,2026-04-29,LAD,19.667,8.0,8.0,16.0,6.0,23.0,21,3.661
2026,regular,2026-05-01,LAD,20.0,6.0,6.0,16.0,7.0,26.0,21,2.7
2026,regular,2026-05-02,LAD,20.667,3.0,4.0,13.0,7.0,26.0,20,1.306
2026,regular,2026-05-03,LAD,18.667,3.0,4.0,12.0,7.0,21.0,18,1.446
2026,regular,2026-05-04,LAD,18.667,4.0,5.0,13.0,6.0,21.0,18,1.929
2026,regular,2026-05-05,LAD,17.667,4.0,5.0,13.0,5.0,21.0,17,2.038
2026,regular,2026-05-06,LAD,15.667,4.0,5.0,10.0,5.0,18.0,15,2.298
2026,regular,2026-03-27,MIA,0.0,0.0,0.0,0.0,0.0,0.0,0,
2026,regular,2026-03-28,MIA,2.0,0.0,0.0,3.0,0.0,4.0,3,0.0
2026,regular,2026-03-29,MIA,4.0,0.0,0.0,4.0,0.0,6.0,5,0.0
2026,regular,2026-03-30,MIA,8.0,0.0,0.0,5.0,0.0,12.0,8,0.0
2026,regular,2026-03-31,MIA,13.0,1.0,1.0,6.0,2.0,16.0,11,0.692
2026,regular,2026-04-01,MIA,17.667,1.0,1.0,6.0,3.0,24.0,15,0.509
2026,regular,2026-04-03,MIA,17.667,1.0,1.0,6.0,3.0,24.0,15,0.509
2026,regular,2026-04-04,MIA,19.667,4.0,5.0,7.0,8.0,26.0,15,1.831
2026,regular,2026-04-05,MIA,21.0,9.0,12.0,9.0,15.0,29.0,18,3.857
2026,regular,2026-04-06,MIA,21.333,14.0,17.0,12.0,20.0,28.0,20,5.906
2026,regular,2026-04-07,MIA,18.0,13.0,16.0,11.0,19.0,25.0,18,6.5
2026,regular,2026-04-08,MIA,15.0,16.0,20.0,13.0,22.0,19.0,17,9.6
2026,regular,2026-04-09,MIA,19.0,16.0,20.0,16.0,22.0,24.0,21,7.579
2026,regular,2026-04-10,MIA,23.0,16.0,20.0,19.0,23.0,29.0,23,6.261
2026,regular,2026-04-11,MIA,21.0,13.0,16.0,16.0,18.0,26.0,21,5.571
2026,regular,2026-04-12,MIA,20.667,9.0,10.0,14.0,13.0,23.0,19,3.919
2026,regular,2026-04-13,MIA,18.333,5.0,6.0,12.0,9.0,20.0,15,2.455
2026,regular,2026-04-14,MIA,21.667,5.0,6.0,14.0,12.0,27.0,19,2.077
2026,regular,2026-04-15,MIA,23.0,5.0,5.0,16.0,8.0,27.0,18,1.957
2026,regular,2026-04-17,MIA,18.333,9.0,9.0,16.0,7.0,20.0,15,4.418
2026,regular,2026-04-18,MIA,21.0,10.0,12.0,18.0,11.0,24.0,18,4.286
2026,regular,2026-04-19,MIA,22.0,11.0,13.0,18.0,14.0,26.0,18,4.5
2026,regular,2026-04-20,MIA,23.0,12.0,14.0,18.0,15.0,27.0,21,4.696
2026,regular,2026-04-21,MIA,21.667,13.0,15.0,18.0,11.0,24.0,20,5.4
2026,regular,2026-04-22,MIA,23.0,10.0,12.0,16.0,12.0,27.0,20,3.913
2026,regular,2026-04-24,MIA,23.667,7.0,9.0,13.0,13.0,31.0,22,2.662
2026,regular,2026-04-25,MIA,22.0,7.0,7.0,12.0,10.0,26.0,20,2.864
2026,regular,2026-04-26,MIA,20.667,7.0,7.0,15.0,8.0,23.0,19,3.048
2026,regular,2026-04-27,MIA,20.667,10.0,10.0,17.0,9.0,21.0,18,4.355
2026,regular,2026-04-28,MIA,21.667,12.0,12.0,19.0,14.0,21.0,20,4.985
2026,regular,2026-04-29,MIA,20.333,13.0,13.0,21.0,13.0,16.0,22,5.754
2026,regular,2026-05-01,MIA,19.333,12.0,12.0,18.0,16.0,11.0,20,5.586
2026,regular,2026-05-02,MIA,20.333,15.0,15.0,21.0,16.0,13.0,20,6.639
2026,regular,2026-05-03,MIA,19.667,13.0,13.0,17.0,13.0,15.0,20,5.949
2026,regular,2026-05-04,MIA,22.667,15.0,15.0,20.0,13.0,17.0,21,5.956
2026,regular,2026-05-05,MIA,21.667,12.0,12.0,18.0,8.0,14.0,18,4.985
2026,regular,2026-05-06,MIA,23.333,13.0,13.0,16.0,10.0,19.0,19,5.014
2026,regular,2026-03-26,MIL,0.0,0.0,0.0,0.0,0.0,0.0,0,
2026,regular,2026-03-28,MIL,4.0,1.0,1.0,2.0,2.0,9.0,4,2.25
2026,regular,2026-03-29,MIL,8.667,1.0,1.0,4.0,5.0,16.0,8,1.038
2026,regular,2026-03-30,MIL,14.667,1.0,1.0,7.0,6.0,25.0,12,0.614
2026,regular,2026-03-31,MIL,18.667,3.0,3.0,10.0,7.0,31.0,15,1.446
2026,regular,2026-04-01,MIL,22.667,3.0,3.0,13.0,9.0,33.0,19,1.191
2026,regular,2026-04-04,MIL,21.667,2.0,2.0,12.0,8.0,28.0,18,0.831
2026,regular,2026-04-05,MIL,25.333,6.0,8.0,20.0,12.0,32.0,20,2.132
2026,regular,2026-04-06,MIL,23.0,9.0,11.0,23.0,13.0,26.0,20,3.522
2026,regular,2026-04-07,MIL,22.333,8.0,10.0,23.0,13.0,20.0,20,3.224
2026,regular,2026-04-08,MIL,21.0,8.0,10.0,21.0,12.0,19.0,18,3.429
2026,regular,2026-04-10,MIL,23.0,11.0,13.0,23.0,17.0,20.0,18,4.304
2026,regular,2026-04-11,MIL,29.0,18.0,20.0,31.0,18.0,26.0,23,5.586
2026,regular,2026-04-12,MIL,25.333,15.0,15.0,25.0,15.0,19.0,20,5.329
2026,regular,2026-04-14,MIL,21.333,17.0,17.0,25.0,13.0,17.0,17,7.172
2026,regular,2026-04-15,MIL,23.333,23.0,24.0,32.0,14.0,18.0,20,8.871
2026,regular,2026-04-16,MIL,20.667,20.0,21.0,31.0,9.0,17.0,20,8.71
2026,regular,2026-04-17,MIL,23.0,20.0,21.0,33.0,9.0,19.0,23,7.826
2026,regular,2026-04-18,MIL,21.667,15.0,17.0,29.0,12.0,18.0,23,6.231
2026,regular,2026-04-19,MIL,19.0,15.0,17.0,30.0,8.0,14.0,22,7.105
2026,regular,2026-04-21,MIL,19.0,11.0,13.0,25.0,9.0,17.0,21,5.211
2026,regular,2026-04-22,MIL,20.333,8.0,9.0,22.0,9.0,21.0,20,3.541
2026,regular,2026-04-23,MIL,22.0,9.0,10.0,23.0,10.0,21.0,19,3.682
2026,regular,2026-04-24,MIL,22.667,11.0,12.0,24.0,11.0,23.0,21,4.368
2026,regular,2026-04-25,MIL,22.0,10.0,12.0,24.0,8.0,20.0,17,4.091
2026,regular,2026-04-26,MIL,24.0,10.0,14.0,22.0,9.0,26.0,19,3.75
2026,regular,2026-04-28,MIL,24.0,8.0,12.0,19.0,10.0,28.0,19,3.0
2026,regular,2026-04-29,MIL,22.0,5.0,9.0,16.0,8.0,25.0,17,2.045
2026,regular,2026-04-30,MIL,22.667,6.0,10.0,18.0,8.0,26.0,18,2.382
2026,regular,2026-05-01,MIL,24.667,4.0,8.0,16.0,9.0,31.0,18,1.459
2026,regular,2026-05-02,MIL,24.333,4.0,6.0,14.0,11.0,34.0,19,1.479
2026,regular,2026-05-03,MIL,23.333,3.0,3.0,13.0,10.0,29.0,19,1.157
2026,regular,2026-05-04,MIL,22.333,4.0,4.0,16.0,8.0,24.0,18,1.612
2026,regular,2026-05-06,MIL,23.0,6.0,6.0,18.0,9.0,26.0,20,2.348
2026,regular,2026-03-26,MIN,0.0,0.0,0.0,0.0,0.0,0.0,0,
2026,regular,2026-03-28,MIN,2.667,2.0,2.0,4.0,1.0,1.0,3,6.75
2026,regular,2026-03-29,MIN,7.333,2.0,2.0,6.0,4.0,8.0,8,2.455
2026,regular,2026-03-30,MIN,11.333,7.0,7.0,14.0,8.0,12.0,10,5.559
2026,regular,2026-04-01,MIN,14.333,8.0,8.0,16.0,9.0,17.0,13,5.023
2026,regular,2026-04-02,MIN,18.333,12.0,16.0,22.0,14.0,22.0,16,5.891
2026,regular,2026-04-03,MIN,18.667,11.0,15.0,20.0,14.0,24.0,17,5.304
2026,regular,2026-04-04,MIN,23.667,12.0,16.0,24.0,15.0,27.0,22,4.563
2026,regular,2026-04-05,MIN,24.0,15.0,19.0,26.0,14.0,22.0,21,5.625
2026,regular,2026-04-06,MIN,23.333,12.0,17.0,21.0,13.0,19.0,23,4.629
2026,regular,2026-04-07,MIN,24.333,11.0,16.0,20.0,16.0,18.0,24,4.068
2026,regular,2026-04-08,MIN,27.0,12.0,17.0,23.0,19.0,22.0,28,4.0
2026,regular,2026-04-09,MIN,26.333,12.0,13.0,24.0,15.0,21.0,30,4.101
2026,regular,2026-04-10,MIN,26.333,12.0,13.0,23.0,14.0,21.0,28,4.101
2026,regular,2026-04-11,MIN,25.333,16.0,17.0,27.0,14.0,20.0,26,5.684
2026,regular,2026-04-12,MIN,22.333,15.0,16.0,26.0,13.0,18.0,24,6.045
2026,regular,2026-04-13,MIN,23.0,14.0,14.0,30.0,10.0,19.0,22,5.478
2026,regular,2026-04-14,MIN,22.0,16.0,16.0,32.0,9.0,18.0,20,6.545
2026,regular,2026-04-15,MIN,21.333,15.0,15.0,31.0,7.0,16.0,18,6.328
2026,regular,2026-04-17,MIN,19.0,12.0,12.0,26.0,7.0,13.0,15,5.684
2026,regular,2026-04-18,MIN,18.0,7.0,7.0,19.0,7.0,13.0,15,3.5
2026,regular,2026-04-19,MIN,19.0,8.0,8.0,22.0,6.0,15.0,17,3.789
2026,regular,2026-04-21,MIN,15.667,8.0,11.0,16.0,6.0,14.0,16,4.596
2026,regular,2026-04-22,MIN,17.667,8.0,11.0,14.0,5.0,18.0,17,4.075
2026,regular,2026-04-23,MIN,17.667,7.0,10.0,15.0,9.0,16.0,17,3.566
2026,regular,2026-04-24,MIN,20.667,10.0,13.0,18.0,10.0,20.0,19,4.355
2026,regular,2026-04-25,MIN,19.333,10.0,13.0,17.0,9.0,20.0,18,4.655
2026,regular,2026-04-26,MIN,18.333,11.0,14.0,16.0,10.0,21.0,17,5.4
2026,regular,2026-04-27,MIN,18.333,8.0,8.0,13.0,8.0,19.0,18,3.927
2026,regular,2026-04-28,MIN,22.333,10.0,10.0,17.0,10.0,21.0,20,4.03
2026,regular,2026-04-29,MIN,21.333,15.0,15.0,23.0,11.0,16.0,20,6.328
2026,regular,2026-04-30,MIN,19.333,17.0,17.0,22.0,9.0,17.0,19,7.914
2026,regular,2026-05-01,MIN,19.333,14.0,14.0,21.0,9.0,13.0,20,6.517
2026,regular,2026-05-02,MIN,22.0,15.0,15.0,23.0,10.0,12.0,21,6.136
2026,regular,2026-05-03,MIN,24.0,19.0,20.0,24.0,12.0,10.0,23,7.125
2026,regular,2026-05-05,MIN,21.667,20.0,21.0,28.0,11.0,12.0,22,8.308
2026,regular,2026-05-06,MIN,21.667,16.0,17.0,24.0,11.0,13.0,22,6.646
2026,regular,2026-03-26,NYM,0.0,0.0,0.0,0.0,0.0,0.0,0,
2026,regular,2026-03-28,NYM,4.0,3.0,3.0,4.0,0.0,3.0,2,6.75
2026,regular,2026-03-29,NYM,9.667,3.0,5.0,10.0,2.0,9.0,8,2.793
2026,regular,2026-03-30,NYM,14.667,4.0,7.0,13.0,8.0,13.0,12,2.455
2026,regular,2026-03-31,NYM,18.0,4.0,7.0,14.0,8.0,17.0,15,2.0
2026,regular,2026-04-01,NYM,20.0,5.0,8.0,16.0,9.0,19.0,16,2.25
2026,regular,2026-04-02,NYM,25.333,5.0,9.0,18.0,11.0,25.0,21,1.776
2026,regular,2026-04-03,NYM,25.0,3.0,7.0,18.0,13.0,24.0,20,1.08
2026,regular,2026-04-04,NYM,28.667,4.0,8.0,22.0,14.0,28.0,24,1.256
2026,regular,2026-04-05,NYM,25.0,4.0,6.0,16.0,12.0,23.0,19,1.44
2026,regular,2026-04-07,NYM,20.0,3.0,4.0,14.0,6.0,16.0,15,1.35
2026,regular,2026-04-08,NYM,23.333,2.0,3.0,18.0,5.0,19.0,19,0.771
2026,regular,2026-04-09,NYM,22.0,4.0,4.0,21.0,5.0,15.0,15,1.636
2026,regular,2026-04-10,NYM,21.0,8.0,8.0,22.0,4.0,14.0,17,3.429
2026,regular,2026-04-11,NYM,21.0,10.0,10.0,22.0,3.0,11.0,15,4.286
2026,regular,2026-04-12,NYM,25.333,21.0,21.0,35.0,7.0,18.0,19,7.461
2026,regular,2026-04-13,NYM,25.0,21.0,21.0,33.0,7.0,21.0,17,7.56
2026,regular,2026-04-14,NYM,28.0,21.0,21.0,36.0,8.0,26.0,19,6.75
2026,regular,2026-04-15,NYM,23.667,22.0,22.0,31.0,10.0,22.0,15,8.366
2026,regular,2026-04-17,NYM,20.0,21.0,21.0,29.0,8.0,23.0,14,9.45
2026,regular,2026-04-18,NYM,20.333,24.0,25.0,33.0,11.0,26.0,14,10.623
2026,regular,2026-04-19,NYM,16.333,14.0,15.0,22.0,8.0,18.0,12,7.714
2026,regular,2026-04-21,NYM,16.333,15.0,17.0,23.0,10.0,16.0,15,8.265
2026,regular,2026-04-22,NYM,17.667,16.0,18.0,23.0,11.0,20.0,17,8.151
2026,regular,2026-04-23,NYM,16.667,10.0,12.0,17.0,12.0,20.0,16,5.4
2026,regular,2026-04-24,NYM,22.333,16.0,19.0,25.0,18.0,27.0,21,6.448
2026,regular,2026-04-26,NYM,19.333,11.0,13.0,18.0,15.0,30.0,17,5.121
2026,regular,2026-04-28,NYM,23.0,14.0,15.0,20.0,16.0,29.0,17,5.478
2026,regular,2026-04-29,NYM,23.667,12.0,13.0,19.0,14.0,29.0,16,4.563
2026,regular,2026-04-30,NYM,27.0,19.0,20.0,27.0,15.0,35.0,16,6.333
2026,regular,2026-05-01,NYM,24.333,15.0,15.0,22.0,9.0,31.0,14,5.548
2026,regular,2026-05-02,NYM,25.0,13.0,13.0,19.0,8.0,30.0,17,4.68
2026,regular,2026-05-03,NYM,30.667,13.0,14.0,25.0,11.0,32.0,21,3.815
2026,regular,2026-05-04,NYM,23.333,9.0,10.0,21.0,7.0,31.0,17,3.471
2026,regular,2026-05-06,NYM,25.333,9.0,10.0,23.0,6.0,31.0,19,3.197
2026,regular,2026-03-25,NYY,0.0,0.0,0.0,0.0,0.0,0.0,0,
2026,regular,2026-03-27,NYY,2.667,0.0,0.0,1.0,1.0,2.0,3,0.0
2026,regular,2026-03-28,NYY,6.333,0.0,0.0,1.0,3.0,7.0,7,0.0
2026,regular,2026-03-30,NYY,11.0,0.0,0.0,5.0,4.0,12.0,11,0.0
2026,regular,2026-03-31,NYY,15.0,1.0,1.0,10.0,5.0,16.0,16,0.6
2026,regular,2026-04-01,NYY,17.0,1.0,1.0,11.0,5.0,17.0,18,0.529
2026,regular,2026-04-03,NYY,17.0,4.0,4.0,15.0,5.0,18.0,18,2.118
2026,regular,2026-04-04,NYY,16.667,4.0,4.0,15.0,3.0,17.0,18,2.16
2026,regular,2026-04-05,NYY,17.333,7.0,8.0,20.0,4.0,18.0,20,3.635
2026,regular,2026-04-07,NYY,15.667,10.0,11.0,17.0,5.0,19.0,18,5.745
2026,regular,2026-04-08,NYY,17.667,10.0,11.0,17.0,9.0,24.0,20,5.094
2026,regular,2026-04-09,NYY,19.333,8.0,9.0,16.0,8.0,25.0,21,3.724
2026,regular,2026-04-10,NYY,20.333,8.0,9.0,17.0,8.0,26.0,22,3.541
2026,regular,2026-04-11,NYY,21.0,9.0,11.0,23.0,10.0,25.0,22,3.857
2026,regular,2026-04-12,NYY,17.0,7.0,9.0,17.0,9.0,21.0,19,3.706
2026,regular,2026-04-13,NYY,17.667,5.0,7.0,19.0,7.0,17.0,19,2.547
2026,regular,2026-04-14,NYY,23.0,11.0,13.0,28.0,9.0,19.0,24,4.304
2026,regular,2026-04-15,NYY,23.0,13.0,15.0,34.0,9.0,15.0,23,5.087
2026,regular,2026-04-16,NYY,22.667,12.0,14.0,32.0,9.0,13.0,23,4.765
2026,regular,2026-04-17,NYY,25.333,18.0,20.0,37.0,13.0,16.0,25,6.395
2026,regular,2026-04-18,NYY,24.333,18.0,19.0,32.0,12.0,17.0,24,6.658
2026,regular,2026-04-19,NYY,25.0,19.0,19.0,31.0,12.0,16.0,22,6.84
2026,regular,2026-04-21,NYY,18.333,11.0,11.0,19.0,11.0,14.0,15,5.4
2026,regular,2026-04-22,NYY,17.0,9.0,9.0,14.0,7.0,14.0,15,4.765
2026,regular,2026-04-23,NYY,14.0,10.0,10.0,14.0,7.0,12.0,12,6.429
2026,regular,2026-04-24,NYY,11.333,4.0,4.0,8.0,3.0,8.0,10,3.176
2026,regular,2026-04-25,NYY,11.333,5.0,5.0,11.0,3.0,9.0,9,3.971
2026,regular,2026-04-26,NYY,13.0,4.0,4.0,10.0,4.0,13.0,12,2.769
2026,regular,2026-04-27,NYY,15.333,5.0,5.0,11.0,3.0,16.0,13,2.935
2026,regular,2026-04-28,NYY,18.333,6.0,7.0,14.0,5.0,19.0,16,2.945
2026,regular,2026-04-29,NYY,18.667,7.0,9.0,16.0,7.0,20.0,16,3.375
2026,regular,2026-05-01,NYY,20.667,7.0,9.0,17.0,7.0,23.0,18,3.048
2026,regular,2026-05-02,NYY,20.333,5.0,7.0,13.0,7.0,21.0,19,2.213
2026,regular,2026-05-03,NYY,20.667,5.0,7.0,13.0,8.0,19.0,19,2.177
2026,regular,2026-05-04,NYY,20.333,4.0,6.0,14.0,8.0,18.0,20,1.77
2026,regular,2026-05-05,NYY,20.667,3.0,4.0,14.0,6.0,19.0,21,1.306
2026,regular,2026-05-06,NYY,22.0,3.0,3.0,14.0,5.0,22.0,22,1.227
2026,regular,2026-03-26,PHI,0.0,0.0,0.0,0.0,0.0,0.0,0,
2026,regular,2026-03-28,PHI,3.0,3.0,3.0,5.0,1.0,1.0,4,9.0
2026,regular,2026-03-29,PHI,8.0,4.0,5.0,10.0,2.0,7.0,8,4.5
2026,regular,2026-03-30,PHI,11.0,6.0,7.0,12.0,4.0,10.0,11,4.909
2026,regular,2026-03-31,PHI,15.333,12.0,13.0,19.0,6.0,14.0,15,7.043
2026,regular,2026-04-01,PHI,19.0,13.0,14.0,23.0,7.0,18.0,18,6.158
2026,regular,2026-04-03,PHI,20.667,14.0,15.0,24.0,6.0,21.0,19,6.097
2026,regular,2026-04-04,PHI,23.333,14.0,15.0,24.0,7.0,27.0,22,5.4
2026,regular,2026-04-05,PHI,20.667,13.0,13.0,20.0,7.0,23.0,21,5.661
2026,regular,2026-04-06,PHI,20.667,11.0,11.0,18.0,5.0,24.0,21,4.79
2026,regular,2026-04-07,PHI,21.333,5.0,5.0,13.0,3.0,26.0,22,2.109
2026,regular,2026-04-08,PHI,20.667,6.0,6.0,11.0,3.0,24.0,22,2.613
2026,regular,2026-04-10,PHI,18.0,3.0,4.0,9.0,3.0,23.0,20,1.5
2026,regular,2026-04-11,PHI,19.667,3.0,4.0,11.0,2.0,19.0,21,1.373
2026,regular,2026-04-12,PHI,21.333,4.0,5.0,13.0,2.0,22.0,23,1.687
2026,regular,2026-04-13,PHI,22.333,7.0,8.0,19.0,3.0,22.0,24,2.821
2026,regular,2026-04-14,PHI,20.333,10.0,13.0,22.0,5.0,20.0,21,4.426
2026,regular,2026-04-15,PHI,21.333,14.0,18.0,27.0,8.0,24.0,22,5.906
2026,regular,2026-04-17,PHI,23.0,15.0,18.0,26.0,9.0,25.0,22,5.87
2026,regular,2026-04-18,PHI,23.667,17.0,20.0,29.0,10.0,24.0,22,6.465
2026,regular,2026-04-19,PHI,22.667,16.0,19.0,28.0,12.0,23.0,20,6.353
2026,regular,2026-04-20,PHI,23.667,14.0,17.0,25.0,14.0,24.0,21,5.324
2026,regular,2026-04-21,PHI,24.333,11.0,12.0,22.0,13.0,25.0,22,4.068
2026,regular,2026-04-22,PHI,23.667,11.0,11.0,22.0,15.0,22.0,23,4.183
2026,regular,2026-04-23,PHI,24.0,11.0,11.0,24.0,14.0,24.0,22,4.125
2026,regular,2026-04-24,PHI,28.0,12.0,13.0,30.0,17.0,27.0,27,3.857
2026,regular,2026-04-25,PHI,25.333,10.0,11.0,26.0,17.0,27.0,26,3.553
2026,regular,2026-04-26,PHI,27.333,12.0,14.0,30.0,15.0,25.0,28,3.951
2026,regular,2026-04-28,PHI,22.0,11.0,13.0,28.0,11.0,17.0,23,4.5
2026,regular,2026-04-30,PHI,16.667,3.0,5.0,16.0,5.0,12.0,18,1.62
2026,regular,2026-05-01,PHI,22.667,6.0,7.0,24.0,6.0,21.0,22,2.382
2026,regular,2026-05-02,PHI,23.333,10.0,11.0,28.0,7.0,24.0,23,3.857
2026,regular,2026-05-03,PHI,21.333,9.0,9.0,25.0,9.0,25.0,20,3.797
2026,regular,2026-05-04,PHI,20.667,9.0,9.0,23.0,9.0,23.0,19,3.919
2026,regular,2026-05-05,PHI,23.667,9.0,9.0,25.0,9.0,25.0,22,3.423
2026,regular,2026-05-06,PHI,22.667,10.0,10.0,26.0,12.0,23.0,21,3.971
2026,regular,2026-03-26,PIT,0.0,0.0,0.0,0.0,0.0,0.0,0,
2026,regular,2026-03-28,PIT,5.667,11.0,11.0,10.0,8.0,7.0,6,17.471
2026,regular,2026-03-29,PIT,9.667,13.0,15.0,13.0,13.0,12.0,10,12.103
2026,regular,2026-03-30,PIT,15.333,13.0,16.0,16.0,15.0,20.0,15,7.63
2026,regular,2026-03-31,PIT,17.333,13.0,16.0,16.0,16.0,24.0,17,6.75
2026,regular,2026-04-01,PIT,22.0,15.0,18.0,22.0,18.0,30.0,21,6.136
2026,regular,2026-04-03,PIT,20.333,6.0,9.0,14.0,11.0,27.0,19,2.656
2026,regular,2026-04-04,PIT,23.333,8.0,11.0,17.0,12.0,32.0,23,3.086
2026,regular,2026-04-05,PIT,23.667,6.0,7.0,15.0,11.0,30.0,22,2.282
2026,regular,2026-04-06,PIT,21.0,7.0,7.0,16.0,9.0,28.0,19,3.0
2026,regular,2026-04-07,PIT,23.667,9.0,9.0,22.0,9.0,29.0,21,3.423
2026,regular,2026-04-08,PIT,21.667,7.0,7.0,17.0,7.0,26.0,20,2.908
2026,regular,2026-04-10,PIT,20.667,9.0,13.0,22.0,6.0,27.0,18,3.919
2026,regular,2026-04-11,PIT,21.333,7.0,11.0,19.0,9.0,26.0,18,2.953
2026,regular,2026-04-12,PIT,23.0,9.0,13.0,23.0,11.0,28.0,21,3.522
2026,regular,2026-04-13,PIT,23.0,11.0,16.0,24.0,16.0,25.0,22,4.304
2026,regular,2026-04-14,PIT,21.333,13.0,18.0,25.0,16.0,23.0,20,5.484
2026,regular,2026-04-15,PIT,23.667,13.0,18.0,27.0,16.0,25.0,20,4.944
2026,regular,2026-04-16,PIT,23.667,9.0,10.0,21.0,16.0,23.0,21,3.423
2026,regular,2026-04-17,PIT,28.0,11.0,13.0,26.0,18.0,26.0,26,3.536
2026,regular,2026-04-18,PIT,27.333,11.0,13.0,28.0,15.0,25.0,25,3.622
2026,regular,2026-04-19,PIT,30.333,15.0,19.0,35.0,13.0,27.0,25,4.451
2026,regular,2026-04-21,PIT,26.333,9.0,12.0,24.0,7.0,23.0,22,3.076
2026,regular,2026-04-22,PIT,25.0,9.0,12.0,23.0,10.0,22.0,22,3.24
2026,regular,2026-04-23,PIT,24.0,11.0,14.0,25.0,10.0,24.0,21,4.125
2026,regular,2026-04-24,PIT,23.667,9.0,11.0,22.0,10.0,24.0,19,3.423
2026,regular,2026-04-25,PIT,22.667,9.0,11.0,20.0,10.0,23.0,18,3.574
2026,regular,2026-04-26,PIT,18.667,3.0,3.0,9.0,8.0,21.0,17,1.446
2026,regular,2026-04-27,PIT,21.0,2.0,2.0,10.0,9.0,22.0,18,0.857
2026,regular,2026-04-28,PIT,26.0,6.0,6.0,16.0,11.0,26.0,25,2.077
2026,regular,2026-04-29,PIT,26.667,12.0,12.0,20.0,11.0,29.0,23,4.05
2026,regular,2026-04-30,PIT,28.667,12.0,12.0,20.0,13.0,29.0,25,3.767
2026,regular,2026-05-01,PIT,28.667,17.0,17.0,24.0,14.0,29.0,26,5.337
2026,regular,2026-05-02,PIT,28.667,17.0,17.0,24.0,13.0,29.0,26,5.337
2026,regular,2026-05-03,PIT,27.0,19.0,19.0,26.0,11.0,27.0,24,6.333
2026,regular,2026-05-05,PIT,19.0,15.0,15.0,18.0,8.0,22.0,15,7.105
2026,regular,2026-05-06,PIT,17.667,16.0,16.0,19.0,6.0,15.0,17,8.151
2026,regular,2026-03-26,SDP,0.0,0.0,0.0,0.0,0.0,0.0,0,
2026,regular,2026-03-27,SDP,6.0,2.0,2.0,5.0,1.0,6.0,4,3.0
2026,regular,2026-03-28,SDP,10.0,6.0,6.0,10.0,5.0,9.0,8,5.4
2026,regular,2026-03-30,SDP,13.0,6.0,6.0,10.0,6.0,14.0,10,4.154
2026,regular,2026-03-31,SDP,18.0,6.0,6.0,11.0,7.0,18.0,13,3.0
2026,regular,2026-04-01,SDP,24.0,10.0,11.0,19.0,8.0,24.0,17,3.75
2026,regular,2026-04-03,SDP,22.0,9.0,10.0,17.0,8.0,24.0,16,3.682
2026,regular,2026-04-04,SDP,20.333,6.0,7.0,14.0,4.0,24.0,14,2.656
2026,regular,2026-04-05,SDP,20.333,7.0,8.0,16.0,3.0,24.0,15,3.098
2026,regular,2026-04-06,SDP,26.667,9.0,10.0,22.0,4.0,30.0,20,3.038
2026,regular,2026-04-07,SDP,25.667,9.0,10.0,22.0,7.0,28.0,19,3.156
2026,regular,2026-04-08,SDP,22.667,9.0,10.0,22.0,7.0,24.0,19,3.574
2026,regular,2026-04-09,SDP,21.667,8.0,9.0,21.0,7.0,20.0,19,3.323
2026,regular,2026-04-10,SDP,28.0,8.0,11.0,24.0,9.0,26.0,24,2.571
2026,regular,2026-04-11,SDP,28.667,9.0,12.0,27.0,10.0,26.0,26,2.826
2026,regular,2026-04-12,SDP,29.667,9.0,12.0,30.0,12.0,26.0,27,2.73
2026,regular,2026-04-14,SDP,25.333,9.0,12.0,25.0,9.0,26.0,24,3.197
2026,regular,2026-04-15,SDP,25.333,5.0,7.0,17.0,9.0,26.0,23,1.776
2026,regular,2026-04-16,SDP,27.333,7.0,9.0,20.0,11.0,30.0,23,2.305
2026,regular,2026-04-17,SDP,25.0,7.0,7.0,19.0,10.0,29.0,22,2.52
2026,regular,2026-04-18,SDP,26.333,7.0,7.0,19.0,11.0,31.0,22,2.392
2026,regular,2026-04-19,SDP,25.667,7.0,7.0,18.0,11.0,31.0,21,2.455
2026,regular,2026-04-21,SDP,23.667,6.0,6.0,17.0,12.0,28.0,21,2.282
2026,regular,2026-04-22,SDP,22.667,6.0,6.0,17.0,11.0,29.0,20,2.382
2026,regular,2026-04-23,SDP,23.0,8.0,8.0,19.0,9.0,27.0,20,3.13
2026,regular,2026-04-25,SDP,18.667,8.0,8.0,18.0,6.0,18.0,15,3.857
2026,regular,2026-04-26,SDP,18.333,7.0,7.0,15.0,5.0,15.0,15,3.436
2026,regular,2026-04-27,SDP,16.333,16.0,16.0,26.0,4.0,10.0,15,8.816
2026,regular,2026-04-28,SDP,20.333,18.0,18.0,29.0,5.0,14.0,18,7.967
2026,regular,2026-04-29,SDP,22.667,24.0,24.0,34.0,8.0,14.0,20,9.529
2026,regular,2026-05-01,SDP,17.333,20.0,20.0,24.0,11.0,11.0,18,10.385
2026,regular,2026-05-02,SDP,21.333,21.0,21.0,27.0,13.0,14.0,20,8.859
2026,regular,2026-05-03,SDP,21.333,21.0,21.0,26.0,12.0,16.0,20,8.859
2026,regular,2026-05-04,SDP,23.333,13.0,13.0,18.0,10.0,24.0,19,5.014
2026,regular,2026-05-05,SDP,21.667,11.0,11.0,16.0,10.0,22.0,19,4.569
2026,regular,2026-05-06,SDP,21.0,6.0,6.0,12.0,7.0,22.0,18,2.571
2026,regular,2026-03-26,SEA,0.0,0.0,0.0,0.0,0.0,0.0,0,
2026,regular,2026-03-27,SEA,3.667,3.0,3.0,7.0,2.0,4.0,4,7.364
2026,regular,2026-03-28,SEA,6.667,3.0,3.0,9.0,3.0,7.0,7,4.05
2026,regular,2026-03-29,SEA,10.667,6.0,7.0,13.0,5.0,11.0,12,5.062
2026,regular,2026-03-30,SEA,13.667,6.0,7.0,15.0,5.0,16.0,13,3.951
2026,regular,2026-03-31,SEA,16.667,6.0,8.0,18.0,5.0,19.0,17,3.24
2026,regular,2026-04-01,SEA,20.333,6.0,8.0,20.0,5.0,23.0,19,2.656
2026,regular,2026-04-03,SEA,19.667,4.0,6.0,14.0,3.0,22.0,17,1.831
2026,regular,2026-04-04,SEA,19.667,4.0,7.0,12.0,2.0,25.0,17,1.831
2026,regular,2026-04-05,SEA,17.0,1.0,3.0,9.0,0.0,23.0,13,0.529
2026,regular,2026-04-06,SEA,21.0,3.0,7.0,12.0,2.0,23.0,18,1.286
2026,regular,2026-04-07,SEA,20.0,3.0,6.0,10.0,4.0,22.0,16,1.35
2026,regular,2026-04-08,SEA,16.333,3.0,6.0,8.0,4.0,18.0,14,1.653
2026,regular,2026-04-10,SEA,16.333,2.0,5.0,8.0,5.0,17.0,15,1.102
2026,regular,2026-04-11,SEA,17.333,5.0,7.0,12.0,7.0,12.0,17,2.596
2026,regular,2026-04-12,SEA,21.667,5.0,7.0,18.0,10.0,16.0,21,2.077
2026,regular,2026-04-13,SEA,16.667,3.0,3.0,14.0,8.0,12.0,17,1.62
2026,regular,2026-04-14,SEA,16.0,3.0,3.0,13.0,7.0,10.0,17,1.688
2026,regular,2026-04-15,SEA,17.0,4.0,4.0,16.0,7.0,11.0,18,2.118
2026,regular,2026-04-16,SEA,16.667,9.0,9.0,21.0,7.0,10.0,19,4.86
2026,regular,2026-04-17,SEA,19.333,10.0,10.0,24.0,7.0,13.0,21,4.655
2026,regular,2026-04-18,SEA,19.0,10.0,10.0,28.0,6.0,17.0,19,4.737
2026,regular,2026-04-19,SEA,16.667,12.0,12.0,25.0,9.0,14.0,20,6.48
2026,regular,2026-04-20,SEA,16.667,12.0,12.0,25.0,9.0,18.0,20,6.48
2026,regular,2026-04-21,SEA,19.333,15.0,15.0,31.0,10.0,19.0,22,6.983
2026,regular,2026-04-22,SEA,22.333,17.0,17.0,36.0,12.0,22.0,24,6.851
2026,regular,2026-04-24,SEA,22.0,12.0,12.0,30.0,12.0,22.0,22,4.909
2026,regular,2026-04-25,SEA,21.333,9.0,9.0,25.0,11.0,20.0,23,3.797
2026,regular,2026-04-26,SEA,24.0,9.0,9.0,26.0,7.0,23.0,21,3.375
2026,regular,2026-04-27,SEA,25.0,9.0,9.0,25.0,8.0,19.0,22,3.24
2026,regular,2026-04-28,SEA,24.0,10.0,10.0,24.0,11.0,22.0,20,3.75
2026,regular,2026-04-29,SEA,24.0,7.0,7.0,17.0,9.0,21.0,21,2.625
2026,regular,2026-05-01,SEA,22.333,7.0,7.0,18.0,9.0,22.0,23,2.821
2026,regular,2026-05-02,SEA,22.333,8.0,8.0,18.0,11.0,24.0,22,3.224
2026,regular,2026-05-03,SEA,19.333,7.0,8.0,15.0,9.0,21.0,21,3.259
2026,regular,2026-05-04,SEA,19.333,7.0,8.0,17.0,11.0,22.0,21,3.259
2026,regular,2026-05-05,SEA,19.333,3.0,4.0,15.0,6.0,22.0,22,1.397
2026,regular,2026-05-06,SEA,17.333,4.0,5.0,15.0,7.0,23.0,20,2.077
2026,regular,2026-03-25,SFG,0.0,0.0,0.0,0.0,0.0,0.0,0,
2026,regular,2026-03-27,SFG,4.0,0.0,0.0,1.0,2.0,5.0,3,0.0
2026,regular,2026-03-28,SFG,7.667,1.0,1.0,4.0,5.0,8.0,8,1.174
2026,regular,2026-03-30,SFG,12.667,2.0,2.0,6.0,6.0,13.0,14,1.421
2026,regular,2026-03-31,SFG,15.667,4.0,4.0,7.0,7.0,17.0,17,2.298
2026,regular,2026-04-01,SFG,18.667,4.0,4.0,10.0,7.0,20.0,19,1.929
2026,regular,2026-04-02,SFG,17.333,8.0,8.0,12.0,9.0,18.0,19,4.154
2026,regular,2026-04-03,SFG,21.0,8.0,8.0,14.0,9.0,21.0,21,3.429
2026,regular,2026-04-04,SFG,21.333,12.0,12.0,18.0,10.0,24.0,20,5.062
2026,regular,2026-04-05,SFG,20.667,13.0,13.0,21.0,10.0,22.0,18,5.661
2026,regular,2026-04-06,SFG,22.667,17.0,17.0,27.0,11.0,24.0,21,6.75
2026,regular,2026-04-07,SFG,22.667,17.0,17.0,28.0,14.0,24.0,22,6.75
2026,regular,2026-04-08,SFG,22.0,17.0,17.0,26.0,15.0,22.0,22,6.955
2026,regular,2026-04-10,SFG,19.0,13.0,13.0,22.0,12.0,20.0,21,6.158
2026,regular,2026-04-11,SFG,18.0,10.0,10.0,18.0,10.0,16.0,21,5.0
2026,regular,2026-04-12,SFG,15.667,10.0,10.0,17.0,10.0,18.0,19,5.745
2026,regular,2026-04-14,SFG,14.0,6.0,6.0,15.0,8.0,16.0,16,3.857
2026,regular,2026-04-15,SFG,14.667,6.0,6.0,15.0,8.0,18.0,17,3.682
2026,regular,2026-04-16,SFG,15.333,6.0,6.0,16.0,8.0,18.0,16,3.522
2026,regular,2026-04-17,SFG,18.333,6.0,6.0,16.0,9.0,24.0,19,2.945
2026,regular,2026-04-18,SFG,18.333,5.0,5.0,14.0,8.0,25.0,18,2.455
2026,regular,2026-04-19,SFG,22.667,4.0,4.0,13.0,10.0,27.0,21,1.588
2026,regular,2026-04-21,SFG,21.333,2.0,2.0,7.0,7.0,24.0,19,0.844
2026,regular,2026-04-22,SFG,22.333,2.0,2.0,8.0,8.0,26.0,21,0.806
2026,regular,2026-04-23,SFG,20.333,2.0,2.0,7.0,8.0,22.0,20,0.885
2026,regular,2026-04-24,SFG,19.333,2.0,2.0,8.0,8.0,18.0,18,0.931
2026,regular,2026-04-25,SFG,21.333,2.0,2.0,12.0,10.0,18.0,18,0.844
2026,regular,2026-04-26,SFG,19.0,1.0,2.0,11.0,9.0,13.0,17,0.474
2026,regular,2026-04-28,SFG,18.333,1.0,2.0,11.0,9.0,13.0,16,0.491
2026,regular,2026-04-30,SFG,15.333,3.0,4.0,13.0,8.0,11.0,11,1.761
2026,regular,2026-05-01,SFG,20.0,7.0,9.0,20.0,11.0,13.0,16,3.15
2026,regular,2026-05-02,SFG,16.667,6.0,8.0,16.0,8.0,11.0,14,3.24
2026,regular,2026-05-03,SFG,16.333,6.0,8.0,15.0,9.0,11.0,13,3.306
2026,regular,2026-05-04,SFG,18.667,7.0,10.0,19.0,12.0,11.0,16,3.375
2026,regular,2026-05-05,SFG,20.667,8.0,11.0,20.0,12.0,13.0,18,3.484
2026,regular,2026-05-06,SFG,22.667,10.0,13.0,22.0,12.0,11.0,20,3.971
2026,regular,2026-03-26,STL,0.0,0.0,0.0,0.0,0.0,0.0,0,
2026,regular,2026-03-28,STL,4.0,6.0,6.0,10.0,4.0,3.0,6,13.5
2026,regular,2026-03-29,STL,8.0,10.0,11.0,17.0,5.0,6.0,10,11.25
2026,regular,2026-03-30,STL,13.0,15.0,16.0,24.0,8.0,9.0,14,10.385
2026,regular,2026-03-31,STL,17.0,15.0,16.0,26.0,11.0,12.0,16,7.941
2026,regular,2026-04-01,STL,21.0,15.0,16.0,26.0,12.0,14.0,20,6.429
2026,regular,2026-04-03,STL,22.0,9.0,10.0,18.0,11.0,15.0,20,3.682
2026,regular,2026-04-04,STL,25.333,10.0,11.0,21.0,13.0,16.0,24,3.553
2026,regular,2026-04-05,STL,26.0,10.0,10.0,19.0,16.0,17.0,23,3.462
2026,regular,2026-04-06,STL,25.0,6.0,6.0,13.0,17.0,18.0,23,2.16
2026,regular,2026-04-07,STL,24.0,13.0,13.0,20.0,17.0,17.0,25,4.875
2026,regular,2026-04-08,STL,25.0,14.0,15.0,21.0,18.0,22.0,24,5.04
2026,regular,2026-04-10,STL,23.0,14.0,15.0,19.0,16.0,19.0,21,5.478
2026,regular,2026-04-11,STL,22.667,13.0,14.0,17.0,14.0,21.0,20,5.162
2026,regular,2026-04-12,STL,23.0,14.0,15.0,19.0,12.0,21.0,21,5.478
2026,regular,2026-04-13,STL,23.0,15.0,16.0,20.0,10.0,19.0,19,5.87
2026,regular,2026-04-14,STL,24.0,10.0,14.0,16.0,9.0,21.0,18,3.75
2026,regular,2026-04-15,STL,24.0,12.0,15.0,20.0,9.0,18.0,20,4.5
2026,regular,2026-04-17,STL,24.0,14.0,17.0,22.0,9.0,21.0,20,5.25
2026,regular,2026-04-18,STL,25.0,15.0,18.0,24.0,11.0,22.0,21,5.4
2026,regular,2026-04-19,STL,24.0,14.0,17.0,18.0,14.0,22.0,21,5.25
2026,regular,2026-04-20,STL,24.0,15.0,19.0,21.0,13.0,22.0,24,5.625
2026,regular,2026-04-21,STL,22.333,14.0,15.0,17.0,15.0,19.0,23,5.642
2026,regular,2026-04-22,STL,21.0,13.0,14.0,14.0,16.0,19.0,22,5.571
2026,regular,2026-04-24,STL,21.0,11.0,12.0,16.0,15.0,18.0,22,4.714
2026,regular,2026-04-25,STL,20.667,10.0,11.0,13.0,15.0,16.0,21,4.355
2026,regular,2026-04-26,STL,22.333,12.0,13.0,23.0,12.0,15.0,24,4.836
2026,regular,2026-04-27,STL,21.333,11.0,11.0,21.0,11.0,19.0,22,4.641
2026,regular,2026-04-28,STL,22.0,10.0,10.0,21.0,7.0,23.0,22,4.091
2026,regular,2026-04-29,STL,22.0,11.0,12.0,23.0,5.0,23.0,21,4.5
2026,regular,2026-04-30,STL,22.0,13.0,15.0,23.0,9.0,23.0,22,5.318
2026,regular,2026-05-01,STL,26.667,15.0,17.0,28.0,10.0,27.0,27,5.062
2026,regular,2026-05-02,STL,26.333,15.0,17.0,30.0,10.0,27.0,27,5.127
2026,regular,2026-05-03,STL,23.667,11.0,13.0,24.0,9.0,29.0,23,4.183
2026,regular,2026-05-04,STL,23.667,9.0,12.0,24.0,11.0,25.0,22,3.423
2026,regular,2026-05-06,STL,20.667,8.0,10.0,24.0,12.0,18.0,22,3.484
2026,regular,2026-03-26,TBR,0.0,0.0,0.0,0.0,0.0,0.0,0,
2026,regular,2026-03-28,TBR,3.0,8.0,8.0,10.0,1.0,1.0,4,24.0
2026,regular,2026-03-29,TBR,6.333,10.0,12.0,13.0,3.0,5.0,7,14.211
2026,regular,2026-03-30,TBR,10.333,13.0,15.0,18.0,5.0,8.0,11,11.323
2026,regular,2026-03-31,TBR,13.333,13.0,15.0,18.0,7.0,12.0,15,8.775
2026,regular,2026-04-01,TBR,16.667,16.0,18.0,23.0,9.0,14.0,17,8.64
2026,regular,2026-04-03,TBR,16.667,12.0,16.0,19.0,9.0,15.0,16,6.48
2026,regular,2026-04-04,TBR,19.333,18.0,23.0,22.0,12.0,18.0,19,8.379
2026,regular,2026-04-05,TBR,19.0,16.0,19.0,20.0,12.0,18.0,18,7.579
2026,regular,2026-04-06,TBR,19.0,13.0,16.0,17.0,11.0,18.0,17,6.158
2026,regular,2026-04-07,TBR,21.0,15.0,18.0,20.0,9.0,18.0,17,6.429
2026,regular,2026-04-08,TBR,23.0,17.0,20.0,24.0,9.0,19.0,17,6.652
2026,regular,2026-04-10,TBR,24.333,18.0,20.0,22.0,11.0,20.0,15,6.658
2026,regular,2026-04-11,TBR,25.667,13.0,14.0,22.0,8.0,22.0,16,4.558
2026,regular,2026-04-12,TBR,28.0,15.0,17.0,24.0,10.0,23.0,20,4.821
2026,regular,2026-04-14,TBR,22.0,17.0,19.0,25.0,11.0,17.0,16,6.955
2026,regular,2026-04-15,TBR,20.667,14.0,16.0,19.0,12.0,16.0,18,6.097
2026,regular,2026-04-16,TBR,20.333,12.0,13.0,21.0,12.0,16.0,20,5.311
2026,regular,2026-04-17,TBR,24.0,13.0,14.0,23.0,15.0,19.0,23,4.875
2026,regular,2026-04-18,TBR,22.667,15.0,16.0,23.0,17.0,17.0,21,5.956
2026,regular,2026-04-19,TBR,26.667,14.0,16.0,25.0,19.0,23.0,23,4.725
2026,regular,2026-04-20,TBR,27.333,12.0,14.0,23.0,18.0,26.0,22,3.951
2026,regular,2026-04-21,TBR,30.667,13.0,15.0,25.0,18.0,28.0,24,3.815
2026,regular,2026-04-22,TBR,32.667,19.0,21.0,28.0,21.0,33.0,25,5.235
2026,regular,2026-04-24,TBR,26.0,15.0,17.0,20.0,15.0,28.0,20,5.192
2026,regular,2026-04-25,TBR,26.333,13.0,15.0,21.0,14.0,27.0,21,4.443
2026,regular,2026-04-26,TBR,21.0,13.0,13.0,18.0,8.0,20.0,16,5.571
2026,regular,2026-04-27,TBR,22.0,11.0,11.0,16.0,8.0,21.0,17,4.5
2026,regular,2026-04-28,TBR,20.667,10.0,10.0,16.0,9.0,23.0,17,4.355
2026,regular,2026-04-29,TBR,16.667,2.0,2.0,11.0,6.0,19.0,15,1.08
2026,regular,2026-05-01,TBR,18.667,2.0,2.0,14.0,7.0,19.0,16,0.964
2026,regular,2026-05-02,TBR,18.667,1.0,1.0,11.0,6.0,19.0,16,0.482
2026,regular,2026-05-03,TBR,20.667,0.0,0.0,12.0,7.0,20.0,17,0.0
2026,regular,2026-05-04,TBR,20.0,0.0,0.0,12.0,6.0,19.0,17,0.0
2026,regular,2026-05-05,TBR,22.0,0.0,0.0,15.0,6.0,19.0,20,0.0
2026,regular,2026-05-06,TBR,23.0,0.0,0.0,15.0,5.0,18.0,20,0.0
2026,regular,2026-03-26,TEX,0.0,0.0,0.0,0.0,0.0,0.0,0,
2026,regular,2026-03-28,TEX,3.333,0.0,0.0,2.0,1.0,3.0,3,0.0
2026,regular,2026-03-29,TEX,9.333,0.0,4.0,7.0,3.0,11.0,9,0.0
2026,regular,2026-03-30,TEX,13.0,1.0,5.0,8.0,8.0,14.0,13,0.692
2026,regular,2026-03-31,TEX,16.0,1.0,5.0,10.0,8.0,17.0,16,0.562
2026,regular,2026-04-01,TEX,20.333,3.0,7.0,13.0,9.0,21.0,20,1.328
2026,regular,2026-04-03,TEX,21.0,5.0,9.0,15.0,11.0,20.0,20,2.143
2026,regular,2026-04-04,TEX,24.0,7.0,11.0,19.0,11.0,22.0,23,2.625
2026,regular,2026-04-05,TEX,22.0,7.0,7.0,16.0,9.0,18.0,21,2.864
2026,regular,2026-04-06,TEX,22.333,7.0,7.0,20.0,7.0,18.0,22,2.821
2026,regular,2026-04-07,TEX,23.333,7.0,7.0,19.0,8.0,16.0,24,2.7
2026,regular,2026-04-08,TEX,22.0,5.0,5.0,18.0,7.0,14.0,22,2.045
2026,regular,2026-04-10,TEX,22.0,3.0,3.0,15.0,4.0,16.0,22,1.227
2026,regular,2026-04-11,TEX,22.667,6.0,6.0,21.0,6.0,16.0,23,2.382
2026,regular,2026-04-12,TEX,23.0,7.0,7.0,23.0,8.0,16.0,22,2.739
2026,regular,2026-04-13,TEX,22.0,7.0,7.0,20.0,8.0,16.0,20,2.864
2026,regular,2026-04-14,TEX,20.0,8.0,8.0,21.0,7.0,16.0,16,3.6
2026,regular,2026-04-15,TEX,20.333,8.0,8.0,20.0,9.0,20.0,18,3.541
2026,regular,2026-04-16,TEX,19.667,12.0,12.0,22.0,11.0,21.0,19,5.492
2026,regular,2026-04-17,TEX,23.0,15.0,15.0,28.0,12.0,21.0,24,5.87
2026,regular,2026-04-18,TEX,24.333,10.0,10.0,20.0,13.0,23.0,25,3.699
2026,regular,2026-04-19,TEX,23.0,12.0,12.0,19.0,13.0,24.0,23,4.696
2026,regular,2026-04-21,TEX,21.0,10.0,10.0,16.0,13.0,22.0,23,4.286
2026,regular,2026-04-22,TEX,20.667,10.0,10.0,17.0,11.0,20.0,22,4.355
2026,regular,2026-04-23,TEX,21.333,10.0,10.0,18.0,9.0,19.0,22,4.219
2026,regular,2026-04-24,TEX,21.333,7.0,7.0,12.0,9.0,22.0,21,2.953
2026,regular,2026-04-25,TEX,19.333,9.0,9.0,13.0,6.0,20.0,17,4.19
2026,regular,2026-04-26,TEX,20.333,6.0,6.0,11.0,4.0,18.0,20,2.656
2026,regular,2026-04-27,TEX,20.333,6.0,6.0,14.0,3.0,18.0,19,2.656
2026,regular,2026-04-28,TEX,23.333,6.0,6.0,15.0,5.0,19.0,21,2.314
2026,regular,2026-04-29,TEX,23.333,8.0,8.0,15.0,5.0,17.0,21,3.086
2026,regular,2026-05-01,TEX,18.0,4.0,4.0,12.0,4.0,11.0,14,2.0
2026,regular,2026-05-02,TEX,20.333,3.0,3.0,12.0,5.0,12.0,18,1.328
2026,regular,2026-05-03,TEX,21.333,8.0,8.0,20.0,6.0,14.0,17,3.375
2026,regular,2026-05-05,TEX,16.667,10.0,10.0,18.0,2.0,13.0,14,5.4
2026,regular,2026-05-06,TEX,15.333,9.0,9.0,18.0,4.0,11.0,13,5.283
2026,regular,2026-03-27,TOR,0.0,0.0,0.0,0.0,0.0,0.0,0,
2026,regular,2026-03-28,TOR,3.0,1.0,1.0,2.0,2.0,5.0,3,3.0
2026,regular,2026-03-29,TOR,8.667,6.0,7.0,7.0,5.0,12.0,10,6.231
2026,regular,2026-03-30,TOR,12.333,6.0,7.0,9.0,5.0,18.0,14,4.378
2026,regular,2026-03-31,TOR,19.0,18.0,20.0,25.0,8.0,25.0,19,8.526
2026,regular,2026-04-01,TOR,22.0,18.0,20.0,28.0,8.0,27.0,22,7.364
2026,regular,2026-04-03,TOR,26.0,19.0,22.0,32.0,11.0,34.0,27,6.577
2026,regular,2026-04-04,TOR,28.333,18.0,23.0,36.0,10.0,35.0,29,5.718
2026,regular,2026-04-05,TOR,26.667,17.0,23.0,38.0,9.0,31.0,26,5.737
2026,regular,2026-04-06,TOR,28.333,19.0,25.0,41.0,12.0,30.0,25,6.035
2026,regular,2026-04-07,TOR,27.667,17.0,22.0,36.0,12.0,30.0,25,5.53
2026,regular,2026-04-08,TOR,28.333,18.0,23.0,36.0,13.0,34.0,25,5.718
2026,regular,2026-04-10,TOR,28.333,18.0,22.0,34.0,14.0,32.0,24,5.718
2026,regular,2026-04-11,TOR,28.0,18.0,20.0,29.0,14.0,35.0,23,5.786
2026,regular,2026-04-12,TOR,27.667,14.0,14.0,23.0,13.0,34.0,20,4.554
2026,regular,2026-04-14,TOR,23.0,2.0,2.0,10.0,7.0,31.0,18,0.783
2026,regular,2026-04-15,TOR,24.333,4.0,5.0,13.0,10.0,32.0,20,1.479
2026,regular,2026-04-16,TOR,22.333,4.0,6.0,14.0,7.0,27.0,19,1.612
2026,regular,2026-04-17,TOR,24.667,5.0,7.0,17.0,9.0,29.0,22,1.824
2026,regular,2026-04-18,TOR,22.667,6.0,10.0,21.0,9.0,22.0,21,2.382
2026,regular,2026-04-19,TOR,21.0,10.0,14.0,23.0,9.0,22.0,22,4.286
2026,regular,2026-04-20,TOR,17.333,12.0,16.0,23.0,9.0,14.0,19,6.231
2026,regular,2026-04-21,TOR,21.333,12.0,16.0,24.0,10.0,20.0,23,5.062
2026,regular,2026-04-22,TOR,20.333,10.0,13.0,21.0,6.0,16.0,23,4.426
2026,regular,2026-04-24,TOR,19.0,12.0,14.0,19.0,6.0,19.0,20,5.684
2026,regular,2026-04-25,TOR,22.667,12.0,12.0,18.0,6.0,25.0,22,4.765
2026,regular,2026-04-26,TOR,23.0,9.0,9.0,18.0,6.0,27.0,23,3.522
2026,regular,2026-04-27,TOR,24.333,7.0,7.0,17.0,9.0,32.0,24,2.589
2026,regular,2026-04-28,TOR,23.667,8.0,8.0,18.0,9.0,29.0,23,3.042
2026,regular,2026-04-29,TOR,23.333,7.0,7.0,15.0,10.0,32.0,22,2.7
2026,regular,2026-04-30,TOR,25.0,3.0,3.0,15.0,8.0,32.0,23,1.08
2026,regular,2026-05-01,TOR,27.333,6.0,6.0,18.0,10.0,36.0,26,1.976
2026,regular,2026-05-02,TOR,24.333,6.0,6.0,18.0,10.0,34.0,25,2.219
2026,regular,2026-05-03,TOR,24.0,5.0,5.0,15.0,9.0,30.0,24,1.875
2026,regular,2026-05-04,TOR,23.667,8.0,8.0,17.0,7.0,27.0,24,3.042
2026,regular,2026-05-05,TOR,24.0,9.0,9.0,21.0,6.0,27.0,25,3.375
2026,regular,2026-05-06,TOR,22.333,11.0,11.0,26.0,5.0,23.0,24,4.433
2026,regular,2026-03-26,WSN,0.0,0.0,0.0,0.0,0.0,0.0,0,
2026,regular,2026-03-28,WSN,5.333,1.0,1.0,5.0,3.0,4.0,4,1.687
2026,regular,2026-03-29,WSN,8.333,5.0,5.0,9.0,6.0,7.0,7,5.4
2026,regular,2026-03-30,WSN,12.333,6.0,6.0,10.0,7.0,10.0,11,4.378
2026,regular,2026-03-31,WSN,16.333,6.0,6.0,12.0,9.0,14.0,13,3.306
2026,regular,2026-04-01,WSN,19.333,6.0,6.0,13.0,9.0,15.0,15,2.793
2026,regular,2026-04-03,WSN,17.0,9.0,10.0,15.0,9.0,12.0,16,4.765
2026,regular,2026-04-04,WSN,21.667,11.0,12.0,20.0,13.0,16.0,19,4.569
2026,regular,2026-04-05,WSN,23.667,11.0,12.0,24.0,11.0,17.0,19,4.183
2026,regular,2026-04-06,WSN,23.667,17.0,18.0,29.0,12.0,18.0,19,6.465
2026,regular,2026-04-07,WSN,23.667,22.0,23.0,32.0,14.0,16.0,20,8.366
2026,regular,2026-04-08,WSN,26.0,26.0,28.0,36.0,20.0,20.0,23,9.0
2026,regular,2026-04-10,WSN,29.0,26.0,27.0,32.0,21.0,25.0,22,8.069
2026,regular,2026-04-11,WSN,28.333,24.0,25.0,29.0,17.0,23.0,23,7.624
2026,regular,2026-04-12,WSN,27.0,21.0,22.0,22.0,19.0,25.0,23,7.0
2026,regular,2026-04-13,WSN,27.0,17.0,18.0,19.0,19.0,23.0,23,5.667
2026,regular,2026-04-14,WSN,28.333,27.0,28.0,28.0,22.0,26.0,25,8.576
2026,regular,2026-04-15,WSN,28.667,24.0,24.0,28.0,18.0,28.0,25,7.535
2026,regular,2026-04-16,WSN,25.667,20.0,20.0,26.0,14.0,24.0,22,7.013
2026,regular,2026-04-17,WSN,30.333,23.0,23.0,33.0,16.0,28.0,28,6.824
2026,regular,2026-04-18,WSN,31.333,25.0,25.0,35.0,18.0,29.0,27,7.181
2026,regular,2026-04-19,WSN,35.667,27.0,28.0,43.0,16.0,29.0,28,6.813
2026,regular,2026-04-20,WSN,36.333,24.0,25.0,45.0,15.0,31.0,26,5.945
2026,regular,2026-04-21,WSN,35.0,12.0,15.0,35.0,11.0,28.0,24,3.086
2026,regular,2026-04-22,WSN,32.333,12.0,15.0,33.0,11.0,24.0,22,3.34
2026,regular,2026-04-23,WSN,32.333,12.0,15.0,33.0,12.0,22.0,23,3.34
2026,regular,2026-04-24,WSN,31.667,14.0,17.0,33.0,12.0,23.0,21,3.979
2026,regular,2026-04-25,WSN,31.0,14.0,18.0,33.0,15.0,22.0,21,4.065
2026,regular,2026-04-26,WSN,27.333,13.0,17.0,27.0,18.0,21.0,21,4.28
2026,regular,2026-04-28,WSN,21.667,10.0,13.0,20.0,15.0,20.0,19,4.154
2026,regular,2026-04-29,WSN,23.0,9.0,12.0,18.0,15.0,19.0,18,3.522
2026,regular,2026-04-30,WSN,23.0,9.0,12.0,19.0,14.0,21.0,19,3.522
2026,regular,2026-05-01,WSN,24.0,5.0,8.0,16.0,13.0,17.0,18,1.875
2026,regular,2026-05-02,WSN,23.667,3.0,7.0,18.0,9.0,17.0,18,1.141
2026,regular,2026-05-03,WSN,22.333,2.0,5.0,19.0,7.0,15.0,16,0.806
2026,regular,2026-05-05,WSN,24.667,3.0,5.0,20.0,7.0,15.0,17,1.095
2026,regular,2026-05-06,WSN,25.333,8.0,10.0,24.0,8.0,15.0,18,2.842
