season,seasonPhase,playerId,player,team,games,last5StrikeoutsPerGame,last10StrikeoutsPerGame,last15StrikeoutsPerGame,last5HitsAllowedPerGame,last10HitsAllowedPerGame,last15HitsAllowedPerGame,last5EarnedRunsPerGame,last10EarnedRunsPerGame,last15EarnedRunsPerGame,last5WalksPerGame,last10WalksPerGame,last15WalksPerGame,daysRest
2026,regular,663687,Hogan Harris,ATH,20,0.8,0.9,1.067,1.4,1.0,0.733,0.4,0.3,0.2,0.8,0.4,0.667,4
2026,regular,678606,Jose A. Ferrer,SEA,20,1.2,0.9,0.733,0.8,1.1,1.067,0.2,0.1,0.133,0.0,0.2,0.2,1
2026,regular,623437,Justin Topa,MIN,20,0.6,0.5,0.333,2.0,1.3,1.267,1.8,1.0,0.867,0.6,0.5,0.467,3
2026,regular,687396,Brent Headrick,NYY,19,1.2,0.8,1.0,0.8,0.9,0.8,0.2,0.2,0.2,0.2,0.2,0.333,2
2026,regular,689254,Mason Fluharty,TOR,19,0.4,0.7,0.867,0.8,0.7,0.667,0.6,0.5,0.467,0.6,0.3,0.467,2
2026,regular,680755,Braydon Fisher,TOR,18,1.4,0.8,1.2,0.8,0.8,0.867,0.6,0.5,0.4,0.8,0.7,0.533,3
2026,regular,656271,Brock Burke,CIN,18,1.4,1.3,1.267,1.6,1.1,0.933,1.0,0.5,0.4,1.4,0.8,0.6,2
2026,regular,663542,Bryan Hudson,CHW,18,0.8,1.1,1.067,0.8,0.9,0.667,0.0,0.0,0.0,0.0,0.4,0.333,2
2026,regular,683175,Connor Phillips,CIN,18,1.4,1.2,1.067,0.8,0.6,0.6,0.8,0.4,0.333,1.2,1.0,1.133,3
2026,regular,669276,Dylan Lee,ATL,18,2.4,1.6,1.333,0.2,0.1,0.267,0.2,0.1,0.133,0.0,0.2,0.133,2
2026,regular,660825,Eduard Bazardo,SEA,18,0.6,0.7,0.733,1.2,0.9,0.867,0.2,0.2,0.133,0.0,0.2,0.133,2
2026,regular,681870,Erik Sabrowski,CLE,18,1.4,1.4,1.4,0.2,0.4,0.467,0.0,0.4,0.267,0.4,0.5,0.333,5
2026,regular,668933,Graham Ashcraft,CIN,18,1.2,0.9,0.933,1.0,0.7,0.8,0.4,0.2,0.2,1.0,0.9,0.667,2
2026,regular,681982,Grant Anderson,MIL,18,0.8,0.6,0.667,1.0,0.8,0.667,0.4,0.4,0.4,0.0,0.2,0.333,2
2026,regular,642397,Gregory Soto,PIT,18,1.0,1.1,1.2,0.2,0.4,0.333,0.0,0.2,0.2,0.2,0.2,0.333,3
2026,regular,571948,Hoby Milner,CHC,18,0.6,0.5,0.4,0.4,0.5,0.6,0.2,0.3,0.2,0.4,0.6,0.4,2
2026,regular,677865,Justin Bruihl,STL,18,0.6,0.5,0.467,0.8,0.8,0.733,0.4,0.6,0.533,0.8,0.6,0.6,3
2026,regular,686973,Louis Varland,TOR,18,1.6,1.6,1.6,0.6,0.9,0.667,0.0,0.1,0.067,0.6,0.4,0.333,1
2026,regular,670329,Rico Garcia,BAL,18,1.0,1.1,1.0,0.0,0.1,0.067,0.0,0.1,0.067,0.4,0.3,0.4,1
2026,regular,657044,Ryan Thompson,ARI,18,0.4,0.2,0.4,1.0,0.7,0.533,0.4,0.5,0.333,0.4,0.3,0.267,2
2026,regular,595345,Steven Okert,HOU,18,0.4,0.4,0.467,1.6,1.2,1.0,0.8,0.4,0.533,0.4,0.3,0.4,1
2026,regular,641755,Tyler Kinley,ATL,18,1.4,1.3,1.0,1.6,0.9,0.867,0.6,0.4,0.333,0.4,0.6,0.533,2
2026,regular,676879,Aaron Ashby,MIL,17,2.2,2.1,1.933,0.8,1.0,1.133,0.2,0.3,0.4,1.2,0.9,0.8,5
2026,regular,607455,Anthony Banda,MIN,17,0.8,0.8,0.8,0.6,0.9,1.067,0.6,0.9,0.933,0.4,0.4,0.267,3
2026,regular,689296,Anthony Nunez,BAL,17,0.8,1.0,1.0,2.0,1.2,0.933,1.4,0.8,0.533,0.4,0.4,0.333,1
2026,regular,681217,Chase Silseth,LAA,17,0.8,0.8,0.933,1.2,0.8,0.8,0.4,0.3,0.267,0.8,0.8,0.667,5
2026,regular,518585,Fernando Cruz,NYY,17,1.0,1.2,1.2,0.8,1.0,0.733,0.0,0.3,0.267,0.4,0.6,0.6,2
2026,regular,676755,Isaac Mattson,PIT,17,0.6,0.5,0.6,0.6,0.7,0.8,1.0,0.5,0.333,0.6,0.5,0.467,3
2026,regular,656546,Jeff Hoffman,TOR,17,1.0,1.4,1.533,1.0,1.3,1.267,0.2,0.8,0.6,0.2,0.5,0.467,2
2026,regular,667463,John King,MIA,17,0.4,0.9,0.8,0.2,0.3,0.2,0.0,0.1,0.067,0.0,0.2,0.267,1
2026,regular,668941,JoJo Romero,STL,17,1.4,0.8,0.8,0.8,1.0,0.867,0.4,0.7,0.467,0.6,0.5,0.467,2
2026,regular,642528,Jonathan Loáisiga,ARI,17,0.4,0.5,0.667,0.4,0.7,0.933,0.2,0.4,0.4,0.2,0.3,0.2,3
2026,regular,621237,José Alvarado,PHI,17,1.0,0.9,0.867,1.2,1.2,1.0,0.0,0.3,0.267,0.4,0.4,0.333,2
2026,regular,666661,Juan Morillo,ARI,17,1.4,1.5,1.2,0.4,0.7,0.467,0.2,0.2,0.133,0.0,0.2,0.133,4
2026,regular,686993,Justin Sterner,ATH,17,0.8,1.2,1.2,0.8,1.1,1.133,0.8,0.7,0.533,0.2,0.2,0.4,3
2026,regular,681892,Kody Funderburk,MIN,17,0.4,0.4,0.533,0.2,0.3,0.333,0.4,0.2,0.2,0.8,0.6,0.667,3
2026,regular,640448,Kyle Finnegan,DET,17,0.8,1.0,0.733,0.6,0.7,0.667,0.0,0.1,0.067,0.8,0.5,0.733,3
2026,regular,643410,Mark Leiter Jr.,ATH,17,1.0,1.1,1.067,0.6,0.9,1.2,0.8,0.8,0.8,0.4,0.5,0.4,2
2026,regular,695243,Mason Miller,SDP,17,1.4,1.5,1.933,0.8,0.6,0.4,0.4,0.2,0.133,0.2,0.2,0.133,3
2026,regular,657424,Matt Gage,SFG,17,0.4,0.4,0.533,0.4,0.5,0.533,0.0,0.2,0.133,0.6,0.6,0.533,3
2026,regular,694335,Matt Svanson,STL,17,1.2,1.1,1.2,1.6,0.8,1.4,0.8,0.5,0.933,0.2,0.7,0.8,5
2026,regular,676571,PJ Poulin,WSN,17,0.8,0.6,0.733,0.8,0.9,0.867,0.4,0.3,0.467,0.4,0.2,0.467,4
2026,regular,676617,Riley O'Brien,STL,17,1.0,1.2,1.133,2.0,1.1,0.8,0.8,0.4,0.267,0.2,0.1,0.067,2
2026,regular,592773,Ryne Stanek,STL,17,1.2,1.1,1.133,0.6,1.1,1.0,0.4,0.8,0.733,0.6,0.8,0.667,2
2026,regular,594580,Sam Moll,CIN,17,0.8,0.8,0.867,1.2,1.0,0.667,0.2,0.1,0.2,0.2,0.6,0.6,1
2026,regular,656945,Tanner Scott,LAD,17,1.2,0.7,0.933,0.6,0.4,0.533,0.4,0.2,0.2,0.2,0.2,0.133,3
2026,regular,664199,Taylor Clarke,ARI,17,0.6,0.4,0.533,0.4,0.5,0.533,0.0,0.1,0.067,0.4,0.2,0.133,4
2026,regular,643511,Tyler Rogers,TOR,17,1.0,0.5,0.533,0.8,0.7,0.8,0.4,0.3,0.2,0.0,0.1,0.2,4
2026,regular,666974,Yennier Cano,BAL,17,0.4,0.6,0.6,0.2,0.3,0.333,0.0,0.1,0.133,0.0,0.1,0.067,1
2026,regular,607481,Aaron Bummer,ATL,16,1.0,0.8,0.733,1.6,1.4,1.0,0.8,0.7,0.467,0.4,0.2,0.333,1
2026,regular,670970,Adrian Morejon,SDP,16,2.4,2.0,1.6,1.0,0.6,1.333,0.6,0.4,0.8,0.6,0.4,0.333,3
2026,regular,662253,Andrés Muñoz,SEA,16,1.6,1.6,1.533,0.8,1.0,0.867,0.4,0.8,0.667,0.4,0.3,0.467,1
2026,regular,669622,Anthony Bender,MIA,16,0.6,0.9,1.0,0.4,0.6,0.667,0.0,0.3,0.467,0.0,0.3,0.533,3
2026,regular,641745,Brad Keller,PHI,16,1.4,1.2,1.0,0.8,0.8,0.867,0.4,0.4,0.467,0.6,0.5,0.4,2
2026,regular,657514,Brennan Bernardino,COL,16,0.8,0.9,0.8,1.2,1.0,0.867,0.4,0.2,0.2,0.0,0.1,0.2,2
2026,regular,641329,Bryan Baker,TBR,16,1.0,0.9,0.933,0.4,0.4,0.6,0.0,0.1,0.267,0.0,0.2,0.2,2
2026,regular,671922,Cade Smith,CLE,16,1.4,1.3,1.333,1.2,1.0,1.133,0.2,0.1,0.4,0.2,0.1,0.267,5
2026,regular,672335,Cionel Pérez,WSN,16,0.4,0.5,0.467,0.8,0.8,1.067,0.8,0.4,0.733,1.2,0.7,0.733,2
2026,regular,642701,Dennis Santana,PIT,16,0.6,0.6,0.6,1.6,1.1,0.8,1.2,0.7,0.467,0.6,0.6,0.467,6
2026,regular,519141,Drew Pomeranz,LAA,16,1.0,0.9,0.8,1.0,1.2,1.133,0.6,0.8,0.8,0.4,0.4,0.467,1
2026,regular,666277,George Soriano,STL,16,1.0,0.9,0.867,1.0,0.6,0.6,0.2,0.4,0.4,0.6,0.6,0.6,3
2026,regular,664991,Grant Wolfram,BAL,16,0.8,1.0,1.2,1.6,1.3,1.2,0.8,0.5,0.467,0.0,0.1,0.067,1
2026,regular,669711,Greg Weissert,BOS,16,0.6,0.8,1.067,1.6,1.1,1.0,0.6,0.3,0.467,0.0,0.2,0.2,3
2026,regular,693855,Ian Seymour,TBR,16,0.8,1.2,1.333,0.6,0.9,0.8,0.0,0.4,0.333,0.6,0.7,0.467,2
2026,regular,676263,Jack Dreyer,LAD,16,1.4,1.3,1.267,1.0,0.8,0.733,0.0,0.3,0.333,0.0,0.2,0.333,2
2026,regular,657097,Jacob Webb,CHC,16,1.4,1.1,1.0,0.4,1.0,1.0,0.2,0.3,0.4,0.4,0.2,0.467,1
2026,regular,656222,Jalen Beeks,TEX,16,1.0,1.0,0.8,0.6,0.8,0.733,0.2,0.3,0.2,0.2,0.3,0.267,4
2026,regular,663855,Jordan Hicks,CHW,16,0.6,0.5,0.6,0.8,1.1,0.933,0.0,0.1,0.2,0.8,0.6,0.6,5
2026,regular,673929,Jordan Leasure,CHW,16,1.6,1.0,1.133,0.8,0.6,0.8,1.0,0.7,0.733,0.6,0.7,0.533,2
2026,regular,676775,Keaton Winn,SFG,16,0.0,0.6,0.733,0.6,0.3,0.467,0.4,0.2,0.333,0.8,0.4,0.333,2
2026,regular,656464,Kevin Ginkel,ARI,16,0.6,1.3,1.2,0.4,0.7,0.733,0.2,0.2,0.333,0.2,0.2,0.267,4
2026,regular,668674,Lucas Erceg,KCR,16,1.4,1.1,0.933,0.2,0.5,0.6,0.0,0.4,0.4,0.6,0.9,0.667,3
2026,regular,670036,Matt Festa,CLE,16,0.6,1.2,1.067,0.2,0.6,1.0,0.2,0.3,0.6,0.4,0.3,0.267,2
2026,regular,572955,Pierce Johnson,CIN,16,0.6,1.0,0.867,1.0,0.9,0.867,0.6,0.3,0.333,0.4,0.3,0.267,5
2026,regular,663158,Robert Suarez,ATL,16,1.0,0.9,1.0,0.8,0.8,0.667,0.0,0.1,0.067,0.2,0.1,0.133,2
2026,regular,605130,Scott Barlow,ATH,16,0.6,0.8,0.933,0.0,0.3,0.4,0.4,0.3,0.467,0.2,0.5,0.533,3
2026,regular,657612,Tim Hill,NYY,16,0.4,0.3,0.267,0.6,0.7,0.6,0.0,0.2,0.133,0.4,0.2,0.133,1
2026,regular,641835,Tim Mayza,PHI,16,1.2,1.0,1.133,0.8,1.0,0.733,0.0,0.7,0.467,0.4,0.6,0.4,6
2026,regular,667297,Tommy Nance,TOR,16,1.2,1.2,1.267,0.4,0.4,0.867,0.0,0.3,0.533,0.2,0.4,0.4,1
2026,regular,663574,Tony Santillan,CIN,16,0.8,0.8,0.867,1.6,1.0,0.733,1.0,0.5,0.333,0.6,0.4,0.467,2
2026,regular,641302,Tyler Alexander,TEX,16,0.4,0.7,0.8,1.6,1.4,1.267,0.6,0.3,0.267,0.2,0.2,0.267,2
2026,regular,670990,Yohan Ramírez,PIT,16,1.4,1.5,1.4,1.2,1.2,1.067,1.2,0.8,0.667,0.4,0.8,0.667,3
2026,regular,682842,Abner Uribe,MIL,15,1.0,0.8,0.933,0.6,0.7,0.733,0.4,0.5,0.4,0.0,0.2,0.2,4
2026,regular,681911,Alex Vesia,LAD,15,1.2,1.4,1.067,0.4,0.2,0.267,0.4,0.2,0.133,0.6,0.4,0.4,3
2026,regular,677053,Andrew Nardi,MIA,15,0.8,0.8,0.933,1.2,1.2,0.933,1.0,0.9,0.667,1.2,0.8,0.733,3
2026,regular,699134,Bradgley Rodriguez,SDP,15,0.0,0.5,0.8,0.6,0.7,0.867,0.4,0.2,0.2,0.4,0.5,0.333,2
2026,regular,676428,Brant Hurter,DET,15,1.2,1.0,0.867,0.4,0.5,0.667,0.0,0.1,0.2,0.2,0.1,0.267,3
2026,regular,548384,Brooks Raley,NYM,15,1.6,1.1,1.2,0.2,0.5,0.467,0.0,0.2,0.133,0.2,0.5,0.333,3
2026,regular,668873,Caleb Kilian,SFG,15,0.8,1.2,1.2,1.2,0.8,0.533,0.2,0.2,0.133,0.4,0.7,0.533,1
2026,regular,676534,Calvin Faucher,MIA,15,0.6,0.8,1.0,0.6,0.6,0.6,0.4,0.3,0.4,0.8,0.8,0.8,1
2026,regular,666808,Camilo Doval,NYY,15,1.4,1.0,1.0,0.4,0.6,0.733,0.4,0.5,0.6,0.4,0.2,0.2,2
2026,regular,642121,Cole Sulser,TBR,15,1.2,0.8,1.0,0.4,0.8,1.267,0.0,0.2,0.4,0.2,0.4,0.533,1
2026,regular,668390,Cole Winn,TEX,15,1.2,1.1,1.067,1.0,0.8,0.8,1.0,0.8,0.533,0.2,0.4,0.4,3
2026,regular,670280,David Bednar,NYY,15,1.0,1.3,1.2,1.2,1.1,1.2,0.4,0.4,0.4,0.0,0.2,0.333,2
2026,regular,669084,DL Hall,MIL,15,1.6,1.0,1.333,0.2,0.5,0.6,0.0,0.3,0.2,0.6,0.6,0.733,2
2026,regular,641941,Emilio Pagán,CIN,15,0.2,0.5,0.733,1.6,0.8,0.933,1.0,0.5,0.667,0.0,0.3,0.4,1
2026,regular,679358,Eric Orze,MIN,15,1.2,1.2,1.067,1.4,1.3,1.067,1.0,0.8,0.6,0.8,0.5,0.533,2
2026,regular,642100,Gabe Speier,SEA,15,0.6,0.8,0.8,1.4,1.0,0.933,0.4,0.2,0.267,0.4,0.4,0.333,1
2026,regular,700669,Gordon Graceffo,STL,15,0.4,0.6,0.667,1.2,0.9,0.733,0.6,0.3,0.267,0.2,0.2,0.467,3
2026,regular,623211,Huascar Brazobán,NYM,15,0.6,1.0,0.867,0.6,0.9,0.733,0.4,0.2,0.133,0.2,0.3,0.2,2
2026,regular,656641,Jacob Latz,TEX,15,1.2,0.8,1.067,0.2,0.5,0.333,0.0,0.2,0.133,0.2,0.2,0.267,5
2026,regular,677955,Jaden Hill,COL,15,1.4,1.1,1.0,1.8,1.1,0.933,1.0,0.5,0.4,0.6,0.7,0.6,3
2026,regular,670167,John Schreiber,KCR,15,0.2,0.3,0.333,1.0,0.8,0.867,0.2,0.3,0.4,0.4,0.3,0.533,3
2026,regular,664875,Justin Lawrence,PIT,15,0.6,0.8,1.067,0.2,0.8,0.8,0.0,0.5,0.533,0.0,0.3,0.333,4
2026,regular,687330,Kevin Kelly,TBR,15,0.6,0.9,0.867,0.8,0.6,0.6,0.0,0.1,0.4,0.0,0.2,0.267,2
2026,regular,596133,Luke Weaver,NYM,15,1.6,1.2,1.0,1.0,1.1,0.8,0.4,0.8,0.533,0.0,0.2,0.267,3
2026,regular,676254,Ryan Walker,SFG,15,0.2,0.8,0.867,1.4,1.3,1.067,1.0,0.7,0.6,0.8,0.6,0.6,3
2026,regular,656794,Sean Newcomb,CHW,15,1.6,1.4,1.4,1.0,1.1,1.333,0.2,0.4,0.533,0.6,0.4,0.533,6
2026,regular,622554,Seranthony Domínguez,CHW,15,1.0,1.2,1.133,0.4,0.4,0.533,0.2,0.4,0.4,0.2,0.6,0.6,3
2026,regular,573124,Taylor Rogers,MIN,15,0.6,0.7,0.667,1.6,1.4,1.2,0.8,0.6,0.533,0.4,0.4,0.4,2
2026,regular,663947,Tyler Holton,DET,15,0.6,0.8,0.733,2.2,1.9,1.333,0.8,0.8,0.533,0.4,0.5,0.533,1
2026,regular,593974,Wandy Peralta,SDP,15,0.8,1.2,0.933,1.0,1.0,1.133,0.8,0.4,0.4,0.6,0.6,0.4,3
2026,regular,805123,AJ Blubaugh,HOU,14,1.6,1.3,1.429,0.6,1.1,1.286,0.4,0.8,0.929,1.0,1.1,0.929,3
2026,regular,656638,Alex Lange,KCR,14,0.4,1.1,1.357,0.4,0.9,1.0,0.4,0.8,0.786,1.0,0.7,0.786,2
2026,regular,595014,Blake Treinen,LAD,14,1.2,1.0,0.857,1.2,1.1,0.929,0.4,0.5,0.357,0.0,0.2,0.214,2
2026,regular,608718,Brent Suter,LAA,14,0.6,1.1,1.429,1.4,1.3,1.429,1.2,0.7,0.714,0.6,0.7,0.714,2
2026,regular,641401,Connor Brogdon,CLE,14,0.8,1.0,0.929,0.8,0.9,0.857,0.0,0.5,0.5,0.0,0.1,0.143,3
2026,regular,663738,Daniel Lynch IV,KCR,14,1.0,1.1,1.286,0.6,0.3,0.357,0.4,0.2,0.214,0.2,0.1,0.286,2
2026,regular,642207,Devin Williams,NYM,14,1.4,1.5,1.429,0.2,1.2,1.071,0.0,0.8,0.571,0.0,0.4,0.429,2
2026,regular,660853,Enyel De Los Santos,HOU,14,0.8,0.9,0.857,1.4,1.1,1.071,0.8,0.7,0.571,0.2,0.3,0.286,3
2026,regular,676477,Garrett Whitlock,BOS,14,1.0,1.1,1.214,1.6,1.0,0.929,0.8,0.5,0.429,0.2,0.2,0.429,1
2026,regular,691799,Grant Taylor,CHW,14,2.0,2.0,1.857,1.6,1.5,1.286,0.0,0.4,0.357,0.6,0.5,0.5,4
2026,regular,681402,Gus Varland,WSN,14,0.8,0.9,1.0,1.2,1.0,1.071,0.4,0.2,0.357,0.0,0.1,0.214,3
2026,regular,596001,Jakob Junis,TEX,14,0.0,0.2,0.429,0.4,0.6,0.5,0.0,0.3,0.214,0.0,0.4,0.286,3
2026,regular,675848,Juan Mejia,COL,14,2.8,1.9,1.571,1.2,1.5,1.5,0.6,0.8,0.714,0.6,0.5,0.5,3
2026,regular,678906,Kai-Wei Teng,HOU,14,1.6,1.6,1.571,1.6,1.0,1.071,0.6,0.4,0.429,0.4,0.6,0.5,2
2026,regular,682254,Mason Montgomery,PIT,14,1.0,1.5,1.571,0.2,0.7,0.786,0.0,0.1,0.357,0.4,0.3,0.5,3
2026,regular,666374,Matt Brash,SEA,14,0.6,0.4,0.571,0.0,0.1,0.214,0.0,0.0,0.0,0.0,0.2,0.143,1
2026,regular,621381,Matt Strahm,KCR,14,0.8,1.0,1.0,0.4,0.7,0.714,0.0,0.3,0.357,0.4,0.5,0.429,2
2026,regular,683232,Nick Mears,KCR,14,0.8,0.7,0.714,0.0,0.4,0.429,0.0,0.3,0.214,0.6,0.6,0.5,4
2026,regular,689147,Orion Kerkering,PHI,14,0.6,0.5,0.643,0.4,0.5,0.643,0.0,0.1,0.214,0.0,0.5,0.429,3
2026,regular,623149,Paul Sewald,ARI,14,1.0,1.0,1.071,0.4,0.4,0.429,0.6,0.3,0.357,0.6,0.3,0.214,4
2026,regular,670245,Ryan Watson,BOS,14,1.8,1.1,1.071,2.4,2.0,1.786,1.0,1.1,1.0,0.2,0.2,0.571,4
2026,regular,621383,Tanner Banks,PHI,14,1.0,1.1,1.143,1.8,1.8,1.571,0.6,0.8,0.643,0.4,0.8,0.571,2
2026,regular,656730,Trevor Megill,MIL,14,1.0,1.0,1.071,0.6,0.9,0.857,0.2,0.8,0.643,0.2,0.2,0.357,4
2026,regular,669330,Tyler Wells,BAL,14,1.4,1.2,1.286,1.2,1.2,1.286,0.2,0.4,0.5,0.0,0.2,0.286,1
2026,regular,650556,Bryan Abreu,HOU,13,1.6,1.4,1.538,1.2,1.1,1.0,0.8,0.8,1.0,0.8,1.2,1.231,1
2026,regular,687911,Bryan King,HOU,13,0.6,1.0,1.154,1.4,1.3,1.231,0.8,0.5,0.462,0.4,0.4,0.385,3
2026,regular,681867,Cooper Criswell,SEA,13,1.2,0.8,1.154,0.6,0.7,0.846,0.4,0.2,0.308,0.0,0.2,0.231,4
2026,regular,643377,Griffin Jax,TBR,13,1.8,1.3,1.077,0.8,1.0,0.923,0.6,0.6,0.615,0.8,0.8,0.692,6
2026,regular,656234,Jake Bird,NYY,13,0.6,0.9,0.923,0.6,1.1,0.923,0.2,0.7,0.538,0.4,0.3,0.231,2
2026,regular,623474,Jimmy Herget,COL,13,1.6,1.1,1.077,1.8,1.3,1.154,1.0,0.7,0.538,0.4,0.3,0.231,4
2026,regular,573009,Joe Mantiply,TOR,13,0.6,0.9,1.231,1.0,1.3,1.077,0.0,0.1,0.308,0.0,0.1,0.231,1
2026,regular,663992,Richard Lovelady,WSN,13,0.8,0.9,1.0,1.0,0.9,1.154,0.0,0.2,0.308,0.4,0.6,0.692,3
2026,regular,676760,Ron Marinaccio,SDP,13,0.6,0.9,1.077,2.6,1.9,1.692,1.2,0.9,0.846,0.4,0.6,0.462,4
2026,regular,621366,Ryan Borucki,SFG,13,0.4,0.8,0.692,1.2,1.4,1.154,0.4,0.6,0.538,0.4,0.3,0.308,3
2026,regular,666171,Ryan Zeferjahn,LAA,13,2.2,1.7,1.923,0.2,1.0,0.846,0.2,0.8,0.769,0.8,0.9,0.846,3
2026,regular,696147,Sam Bachman,LAA,13,1.4,1.6,1.615,0.8,1.0,0.846,0.6,0.7,0.538,0.4,0.6,0.769,3
2026,regular,682120,Tim Herrin,CLE,13,0.4,0.3,0.385,0.6,0.6,0.615,0.0,0.0,0.0,0.4,0.6,0.462,1
2026,regular,680767,Victor Vodnik,COL,13,1.4,1.1,0.923,1.8,1.4,1.462,1.8,0.9,0.846,0.8,0.8,0.615,3
2026,regular,676684,Will Vest,DET,13,0.8,1.2,1.0,1.0,1.0,0.846,0.6,0.5,0.615,0.6,0.4,0.462,2
2026,regular,677161,Zack Kelly,BOS,13,1.2,1.1,0.923,0.8,0.9,0.769,0.2,0.4,0.385,1.0,0.6,0.462,3
2026,regular,672582,Angel Zerpa,MIL,12,1.0,0.6,0.667,1.2,1.4,1.333,0.6,0.9,0.75,0.4,0.6,0.5,2
2026,regular,547973,Aroldis Chapman,BOS,12,1.4,1.3,1.167,0.6,0.7,0.583,0.0,0.1,0.083,0.0,0.3,0.25,1
2026,regular,676962,Ben Brown,CHC,12,1.8,1.6,2.0,1.2,1.4,1.5,0.2,0.4,0.5,0.4,0.6,0.667,2
2026,regular,668984,Casey Legumina,TBR,12,0.2,0.7,0.833,1.6,1.8,1.667,0.6,0.6,0.5,0.6,0.4,0.417,1
2026,regular,663485,Cole Sands,MIN,12,1.2,0.9,0.917,1.0,1.0,1.0,0.6,0.5,0.5,0.2,0.3,0.333,2
2026,regular,543056,Danny Coulombe,BOS,12,0.6,0.4,0.417,1.0,0.7,0.75,0.8,0.4,0.417,0.2,0.2,0.25,6
2026,regular,623454,Drew Anderson,DET,12,3.0,2.3,2.083,1.0,1.3,1.417,0.2,0.8,0.917,1.0,1.0,1.0,4
2026,regular,683618,Edgardo Henriquez,LAD,12,0.6,0.9,0.917,0.6,0.7,0.833,0.4,0.4,0.5,0.6,0.5,0.5,5
2026,regular,669062,Erik Miller,SFG,12,1.4,1.6,1.417,0.2,0.7,0.667,0.0,0.4,0.333,0.4,0.5,0.5,4
2026,regular,669270,Joel Kuhnel,ATH,12,0.4,0.4,0.417,1.2,1.0,0.833,0.4,0.3,0.25,0.8,0.4,0.333,2
2026,regular,606303,Joel Payamps,ATL,12,0.8,0.7,0.75,0.8,0.7,0.75,1.0,0.6,0.583,0.6,0.3,0.333,4
2026,regular,664141,JT Brubaker,SFG,12,1.4,1.1,1.083,1.6,1.5,1.333,0.4,0.5,0.417,0.8,1.0,0.917,4
2026,regular,606996,Kyle Hart,SDP,12,0.6,0.5,0.833,0.8,0.8,1.0,0.8,0.6,0.833,0.2,0.5,0.5,2
2026,regular,656848,Michael Petersen,MIA,12,1.6,1.2,1.25,0.8,0.9,0.75,0.4,0.5,0.417,0.2,0.5,0.417,7
2026,regular,664854,Ryan Helsley,BAL,12,1.2,1.1,1.25,0.0,0.5,0.583,0.2,0.3,0.25,0.6,0.7,0.583,7
2026,regular,542888,Shawn Armstrong,CLE,12,0.8,1.0,1.083,0.4,0.7,0.667,0.6,0.4,0.417,0.6,0.6,0.583,2
2026,regular,695418,Brad Lord,WSN,11,1.2,1.5,1.455,1.8,1.9,2.091,0.4,0.9,0.909,0.4,0.6,0.545,4
2026,regular,573204,Caleb Thielbar,CHC,11,1.0,1.0,1.0,0.6,0.6,0.545,0.2,0.3,0.273,0.4,0.4,0.455,2
2026,regular,677961,Cole Wilcox,SEA,11,1.2,1.4,1.364,2.0,1.7,1.545,0.8,0.8,0.727,2.0,1.2,1.091,2
2026,regular,688158,David Morgan,SDP,11,1.8,1.4,1.364,2.4,1.6,1.545,1.8,0.9,0.818,1.0,1.0,1.0,2
2026,regular,663765,Jake Woodford,MIL,11,1.8,1.1,1.273,1.6,2.0,1.909,0.8,0.7,0.727,0.2,0.3,0.273,1
2026,regular,592094,Jason Adam,SDP,11,0.6,0.5,0.455,0.4,0.6,0.545,0.2,0.2,0.182,0.2,0.2,0.182,2
2026,regular,605447,Jordan Romano,LAA,11,1.0,1.1,1.091,2.2,1.1,1.0,1.8,0.9,0.818,0.8,0.5,0.545,3
2026,regular,663558,Jovani Morán,BOS,11,1.0,1.8,1.818,1.6,1.2,1.182,1.0,0.7,0.636,1.4,1.2,1.182,2
2026,regular,445276,Kenley Jansen,DET,11,0.6,0.7,0.909,1.0,0.8,0.727,0.8,0.5,0.455,0.8,0.5,0.455,5
2026,regular,472610,Luis García,MIN,11,0.0,0.2,0.364,1.4,1.5,1.636,1.6,1.1,1.182,0.4,0.4,0.364,1
2026,regular,674370,Osvaldo Bido,CHW,11,1.0,0.8,1.0,1.6,1.5,1.364,1.2,1.3,1.182,1.0,1.0,0.909,5
2026,regular,688883,Peyton Pallette,CLE,11,0.8,1.3,1.364,0.8,1.1,1.0,0.8,0.8,0.727,1.6,1.1,1.0,1
2026,regular,693686,Spencer Miles,TOR,11,1.4,1.5,1.455,1.2,1.6,1.455,0.6,0.7,0.636,0.2,0.4,0.455,2
2026,regular,668964,Tobias Myers,NYM,11,1.4,1.5,1.455,2.2,1.9,1.818,0.8,0.8,0.818,0.6,0.4,0.364,4
2026,regular,663969,Tyler Phillips,MIA,11,1.4,2.0,2.0,2.0,1.6,1.545,0.4,0.3,0.273,0.8,1.2,1.091,5
2026,regular,688642,Zach Agnos,COL,11,1.8,1.6,1.636,2.6,2.6,2.364,1.8,1.6,1.455,1.0,0.9,0.909,5
2026,regular,622608,Antonio Senzatela,COL,10,1.0,2.0,2.0,1.6,1.2,1.2,0.6,0.3,0.3,0.6,0.6,0.6,3
2026,regular,663767,Chase Shugart,PHI,10,0.6,0.9,0.9,0.6,0.9,0.9,0.0,0.1,0.1,0.0,0.2,0.2,3
2026,regular,690925,Clayton Beeter,WSN,10,1.2,0.9,0.9,0.6,0.5,0.5,0.4,0.4,0.4,0.8,0.8,0.8,5
2026,regular,665660,Elvis Alvarado,ATH,10,1.0,0.9,0.9,0.8,1.1,1.1,0.8,0.9,0.9,0.6,0.7,0.7,3
2026,regular,681895,Evan Sisk,PIT,10,1.2,1.6,1.6,0.8,1.2,1.2,0.2,0.3,0.3,0.2,0.4,0.4,4
2026,regular,685801,Hunter Bigge,TBR,10,1.6,1.0,1.0,0.8,0.5,0.5,0.6,0.4,0.4,0.6,0.8,0.8,2
2026,regular,679775,Kyle Backhus,PHI,10,0.6,1.0,1.0,0.8,1.1,1.1,0.2,0.5,0.5,0.0,0.1,0.1,1
2026,regular,669199,Lake Bachar,MIA,10,1.2,2.0,2.0,0.8,0.9,0.9,0.4,0.5,0.5,0.6,0.7,0.7,3
2026,regular,664126,Pete Fairbanks,MIA,10,1.2,1.3,1.3,0.4,0.9,0.9,0.8,1.0,1.0,0.6,0.4,0.4,5
2026,regular,664208,Phil Maton,CHC,10,1.2,1.1,1.1,0.8,1.0,1.0,0.4,0.8,0.8,0.2,0.5,0.5,2
2026,regular,701719,Tyler Samaniego,BOS,10,0.6,1.1,1.1,1.0,0.8,0.8,0.0,0.0,0.0,0.4,0.6,0.6,3
2026,regular,694361,Will Klein,LAD,10,1.2,1.5,1.5,1.8,1.5,1.5,0.8,0.5,0.5,0.4,0.5,0.5,4
2026,regular,646241,Enmanuel De Jesus,DET,9,1.4,1.556,1.556,2.4,2.111,2.111,1.2,1.111,1.111,0.8,0.889,0.889,1
2026,regular,686560,Gavin Collyer,TEX,9,0.8,0.778,0.778,0.4,0.333,0.333,0.0,0.0,0.0,0.2,0.333,0.333,1
2026,regular,683769,Hunter Gaddis,CLE,9,0.2,0.778,0.778,1.4,1.111,1.111,0.8,0.667,0.667,0.8,0.556,0.556,4
2026,regular,678022,Jack Perkins,ATH,9,1.8,2.111,2.111,0.8,1.444,1.444,0.4,0.667,0.667,0.2,0.444,0.444,6
2026,regular,669093,Jeremiah Estrada,SDP,9,1.4,1.444,1.444,0.8,0.667,0.667,0.2,0.556,0.556,0.4,0.556,0.556,3
2026,regular,680742,Jonathan Bowlan,PHI,9,1.0,1.0,1.0,1.0,1.222,1.222,1.0,0.889,0.889,0.6,0.333,0.333,1
2026,regular,669165,Kyle Hurt,LAD,9,1.4,1.444,1.444,0.0,0.333,0.333,0.0,0.111,0.111,0.2,0.111,0.111,2
2026,regular,608371,Lucas Sims,CHW,9,1.0,1.111,1.111,1.0,1.0,1.0,0.8,0.556,0.556,1.0,0.778,0.778,1
2026,regular,665622,Luis Medina,ATH,9,0.8,1.222,1.222,1.0,1.0,1.0,0.4,0.333,0.333,0.8,0.778,0.778,6
2026,regular,669438,Mason Englert,TBR,9,1.2,1.111,1.111,1.4,2.111,2.111,0.6,1.111,1.111,0.6,0.444,0.444,1
2026,regular,547179,Michael Lorenzen,COL,9,3.2,2.889,2.889,7.2,6.889,6.889,3.4,3.333,3.333,1.6,1.333,1.333,6
2026,regular,621112,Paul Blackburn,NYY,9,1.2,1.0,1.0,1.6,1.667,1.667,0.8,0.556,0.556,0.6,0.444,0.444,2
2026,regular,687606,Paxton Schultz,WSN,9,1.2,1.333,1.333,1.2,1.333,1.333,0.2,0.444,0.444,0.2,0.222,0.222,4
2026,regular,628452,Raisel Iglesias,ATL,9,2.2,1.444,1.444,1.0,0.667,0.667,0.0,0.0,0.0,0.2,0.111,0.111,16
2026,regular,676395,Robert Garcia,TEX,9,0.6,0.667,0.667,0.6,0.556,0.556,0.4,0.333,0.333,0.6,0.778,0.778,2
2026,regular,680802,Ryan Weiss,HOU,9,3.8,3.333,3.333,4.4,3.889,3.889,3.0,2.444,2.444,3.2,2.222,2.222,6
2026,regular,641312,Shaun Anderson,LAA,9,1.0,1.333,1.333,1.2,1.889,1.889,0.6,1.222,1.222,0.6,0.889,0.889,1
2026,regular,672782,Yoendrys Gómez,TBR,9,1.6,1.444,1.444,1.8,2.111,2.111,1.2,1.333,1.333,1.2,1.111,1.111,8
2026,regular,701552,Andre Granillo,WSN,8,0.4,0.375,0.375,1.8,1.625,1.625,1.2,1.25,1.25,1.0,1.0,1.0,4
2026,regular,671096,Andrew Abbott,CIN,8,3.4,3.5,3.5,5.8,5.875,5.875,3.4,2.875,2.875,2.6,2.375,2.375,5
2026,regular,694851,Andrew Hoffmann,ARI,8,1.4,1.5,1.5,2.8,2.0,2.0,2.0,1.25,1.25,0.8,1.0,1.0,3
2026,regular,641927,Bailey Ober,MIN,8,5.0,4.0,4.0,4.6,4.5,4.5,2.4,2.5,2.5,2.2,1.875,1.875,6
2026,regular,694918,Blade Tidwell,SFG,8,1.2,1.25,1.25,1.6,1.25,1.25,0.8,0.5,0.5,0.4,0.375,0.375,5
2026,regular,663903,Brady Singer,CIN,8,2.6,3.25,3.25,6.4,6.625,6.625,2.8,3.0,3.0,1.4,1.25,1.25,5
2026,regular,693433,Bryan Woo,SEA,8,4.2,4.75,4.75,5.8,4.875,4.875,3.6,2.625,2.625,0.8,1.0,1.0,5
2026,regular,693821,Bryce Elder,ATL,8,5.8,5.625,5.625,4.2,4.25,4.25,1.8,1.375,1.375,2.2,2.0,2.0,5
2026,regular,676917,Cade Cavalli,WSN,8,5.8,5.0,5.0,6.0,5.25,5.25,2.4,2.0,2.0,1.6,2.125,2.125,6
2026,regular,693645,Cam Schlittler,NYY,8,6.2,6.625,6.625,4.8,4.0,4.0,1.0,1.0,1.0,1.8,1.125,1.125,6
2026,regular,801403,Chase Dollander,COL,8,5.6,5.25,5.25,3.6,3.875,3.875,1.6,1.75,1.75,1.6,1.5,1.5,6
2026,regular,455119,Chris Martin,TEX,8,1.0,0.875,0.875,1.4,1.375,1.375,0.6,0.625,0.625,0.0,0.0,0.0,3
2026,regular,666142,Cole Ragans,KCR,8,6.0,5.625,5.625,3.0,3.375,3.375,2.4,2.375,2.375,3.4,2.875,2.875,5
2026,regular,607067,Colin Rea,CHC,8,5.0,4.375,4.375,6.0,5.0,5.0,2.6,2.125,2.125,1.8,1.5,1.5,5
2026,regular,657756,Connor Seabold,DET,8,1.0,1.375,1.375,1.6,1.5,1.5,1.0,0.625,0.625,0.4,0.625,0.625,4
2026,regular,518886,Craig Kimbrel,NYM,8,1.4,1.125,1.125,0.8,0.875,0.875,0.6,0.375,0.375,0.4,0.375,0.375,2
2026,regular,650911,Cristopher Sánchez,PHI,8,7.4,7.5,7.5,6.6,6.375,6.375,2.0,1.625,1.625,2.0,1.75,1.75,5
2026,regular,656849,David Peterson,NYM,8,4.2,4.375,4.375,4.0,5.125,5.125,2.8,3.0,3.0,1.6,1.75,1.75,5
2026,regular,691587,Eury Pérez,MIA,8,5.4,5.625,5.625,5.0,4.75,4.75,2.8,2.875,2.875,2.4,2.625,2.625,5
2026,regular,664285,Framber Valdez,DET,8,4.6,4.375,4.375,5.2,5.75,5.75,2.6,2.75,2.75,2.0,1.875,1.875,5
2026,regular,642547,Freddy Peralta,NYM,8,4.8,5.375,5.375,4.4,4.25,4.25,1.4,1.875,1.875,2.6,2.25,2.25,6
2026,regular,668909,Gavin Williams,CLE,8,7.0,7.5,7.5,5.6,4.125,4.125,2.8,2.25,2.25,1.4,2.625,2.625,6
2026,regular,669923,George Kirby,SEA,8,4.6,4.875,4.875,6.4,5.625,5.625,1.8,2.125,2.125,1.4,1.5,1.5,6
2026,regular,669372,J.T. Ginn,ATH,8,3.8,2.875,2.875,3.4,2.875,2.875,2.0,1.75,1.75,2.4,1.75,1.75,5
2026,regular,656427,Jack Flaherty,DET,8,5.6,5.25,5.25,3.6,3.75,3.75,2.6,2.625,2.625,3.0,3.25,3.25,5
2026,regular,605488,Jeffrey Springs,ATH,8,4.8,4.875,4.875,6.0,4.75,4.75,3.2,2.375,2.375,1.2,1.5,1.5,6
2026,regular,661395,Jhoan Duran,PHI,8,1.0,1.25,1.25,0.4,0.75,0.75,0.2,0.25,0.25,0.6,0.375,0.375,24
2026,regular,657746,Joe Ryan,MIN,8,4.6,5.0,5.0,3.6,3.875,3.875,1.8,2.0,2.0,1.0,1.25,1.25,5
2026,regular,676282,Joey Cantillo,CLE,8,3.4,4.625,4.625,4.8,4.375,4.375,2.2,1.875,1.875,2.4,2.375,2.375,5
2026,regular,667755,José Soriano,LAA,8,6.6,6.75,6.75,5.0,4.0,4.0,1.6,1.125,1.125,2.6,2.375,2.375,6
2026,regular,660761,José Suarez,ATL,8,2.2,2.625,2.625,2.2,2.75,2.75,1.0,1.5,1.5,1.6,1.5,1.5,5
2026,regular,592332,Kevin Gausman,TOR,8,3.4,5.375,5.375,5.8,4.625,4.625,2.6,2.0,2.0,1.4,1.125,1.125,5
2026,regular,669302,Logan Gilbert,SEA,8,5.0,5.375,5.375,5.8,5.875,5.875,2.2,2.625,2.625,1.4,1.25,1.25,6
2026,regular,657277,Logan Webb,SFG,8,5.4,5.25,5.25,6.6,6.5,6.5,3.4,3.375,3.375,1.8,1.875,1.875,5
2026,regular,622663,Luis Severino,ATH,8,5.2,5.375,5.375,5.6,4.875,4.875,2.4,2.5,2.5,2.4,3.125,3.125,6
2026,regular,608331,Max Fried,NYY,8,5.8,5.375,5.375,4.4,4.0,4.0,2.2,1.75,1.75,2.0,1.875,1.875,6
2026,regular,571945,Miles Mikolas,WSN,8,2.2,2.75,2.75,3.4,4.875,4.875,2.0,3.375,3.375,0.8,1.375,1.375,6
2026,regular,543135,Nathan Eovaldi,TEX,8,5.6,5.875,5.875,4.8,5.75,5.75,1.8,2.75,2.75,1.0,1.25,1.25,7
2026,regular,680704,Nick Sandlin,LAA,8,0.6,0.75,0.75,1.0,1.125,1.125,1.0,1.375,1.375,0.4,0.625,0.625,2
2026,regular,694973,Paul Skenes,PIT,8,6.8,5.75,5.75,3.0,3.0,3.0,1.0,1.5,1.5,0.2,0.875,0.875,6
2026,regular,702303,Riley Martin,CHC,8,1.4,1.25,1.25,0.6,0.625,0.625,0.4,0.25,0.25,0.4,0.25,0.25,2
2026,regular,642232,Ryan Yarbrough,NYY,8,1.4,1.25,1.25,1.2,1.0,1.0,1.0,0.625,0.625,0.6,0.625,0.625,10
2026,regular,645261,Sandy Alcantara,MIA,8,3.6,4.5,4.5,7.6,6.0,6.0,4.2,2.875,2.875,2.8,2.25,2.25,6
2026,regular,640455,Sean Manaea,NYM,8,3.6,3.0,3.0,3.8,3.625,3.625,2.8,2.125,2.125,0.8,1.25,1.25,7
2026,regular,671737,Taj Bradley,MIN,8,6.0,6.5,6.5,5.0,4.875,4.875,2.6,1.875,1.875,2.6,2.125,2.125,6
2026,regular,676440,Tanner Bibee,CLE,8,4.4,4.5,4.5,5.8,5.25,5.25,3.0,2.5,2.5,2.2,2.0,2.0,6
2026,regular,701542,Will Warren,NYY,8,7.8,6.625,6.625,5.0,4.875,4.875,2.2,2.0,2.0,1.2,1.375,1.375,5
2026,regular,650644,Aaron Civale,ATH,7,3.6,3.857,3.857,6.6,5.571,5.571,1.8,1.714,1.714,1.0,1.429,1.429,5
2026,regular,605400,Aaron Nola,PHI,7,4.8,5.714,5.714,6.2,5.857,5.857,3.4,3.0,3.0,2.0,1.857,1.857,8
2026,regular,605288,Adrian Houser,SFG,7,2.4,2.714,2.714,6.0,6.429,6.429,4.0,3.571,3.571,1.6,1.571,1.571,6
2026,regular,669467,Andre Pallante,STL,7,4.8,4.143,4.143,5.8,5.0,5.0,3.2,2.571,2.571,1.8,2.286,2.286,7
2026,regular,702193,Andrew Morris,MIN,7,2.0,2.0,2.0,2.2,2.857,2.857,1.0,1.286,1.286,0.4,0.571,0.571,3
2026,regular,641743,Anthony Kay,CHW,7,3.0,2.857,2.857,5.8,5.0,5.0,3.0,2.714,2.714,1.8,2.143,2.143,6
2026,regular,694297,Brandon Pfaadt,ARI,7,3.4,3.143,3.143,3.2,4.0,4.0,2.2,2.714,2.714,2.2,2.0,2.0,3
2026,regular,687075,Brandon Sproat,MIL,7,4.6,4.286,4.286,3.8,4.143,4.143,1.8,2.857,2.857,2.2,2.571,2.571,7
2026,regular,677952,Braxton Ashcraft,PIT,7,6.8,6.429,6.429,4.6,4.429,4.429,2.2,2.0,2.0,2.0,2.0,2.0,5
2026,regular,678394,Brayan Bello,BOS,7,3.4,3.429,3.429,6.8,6.714,6.714,3.8,3.857,3.857,1.8,2.286,2.286,6
2026,regular,696149,Bubba Chandler,PIT,7,4.2,4.429,4.429,4.0,3.571,3.571,3.0,2.571,2.571,3.2,3.714,3.714,6
2026,regular,572143,Burch Smith,DET,7,2.4,2.286,2.286,1.4,1.286,1.286,0.4,0.286,0.286,0.4,0.571,0.571,1
2026,regular,669387,Carmen Mlodzinski,PIT,7,5.4,5.714,5.714,5.4,5.429,5.429,2.8,2.571,2.571,2.0,1.857,1.857,6
2026,regular,694477,Chad Patrick,MIL,7,2.6,2.857,2.857,4.0,4.143,4.143,2.2,1.714,1.714,2.4,2.286,2.286,6
2026,regular,695505,Chase Burns,CIN,7,6.0,6.571,6.571,4.6,4.143,4.143,1.8,1.429,1.429,1.8,1.857,1.857,5
2026,regular,605135,Chris Bassitt,BAL,7,3.4,2.857,2.857,6.4,6.286,6.286,2.2,3.0,3.0,2.2,2.429,2.429,5
2026,regular,663978,Chris Paddack,MIA,7,3.4,3.857,3.857,6.0,5.857,5.857,3.6,3.714,3.714,1.2,1.429,1.429,6
2026,regular,519242,Chris Sale,ATL,7,8.0,7.0,7.0,4.4,3.714,3.714,1.8,1.429,1.429,1.8,1.714,1.714,6
2026,regular,685005,Christian Roa,HOU,7,0.8,0.857,0.857,1.8,1.429,1.429,0.8,0.714,0.714,1.0,1.0,1.0,4
2026,regular,605280,Clay Holmes,NYM,7,4.4,4.429,4.429,4.2,4.0,4.0,1.2,1.143,1.143,1.8,2.0,2.0,5
2026,regular,669371,Cole Henry,WSN,7,1.2,1.143,1.143,1.4,1.143,1.143,1.0,0.714,0.714,0.6,0.571,0.571,4
2026,regular,670059,Colin Holderman,CLE,7,1.6,1.571,1.571,0.8,0.857,0.857,0.0,0.286,0.286,0.0,0.286,0.286,2
2026,regular,813349,Connelly Early,BOS,7,4.2,4.429,4.429,4.4,4.286,4.286,2.4,2.143,2.143,2.2,2.429,2.429,6
2026,regular,656686,Corbin Martin,CHC,7,0.6,0.571,0.571,0.8,0.714,0.714,1.2,0.857,0.857,0.8,0.714,0.714,3
2026,regular,663436,Davis Martin,CHW,7,6.2,6.143,6.143,5.6,5.286,5.286,1.0,1.143,1.143,0.8,1.143,1.143,6
2026,regular,656876,Drew Rasmussen,TBR,7,5.4,5.286,5.286,4.2,4.0,4.0,2.0,1.714,1.714,1.0,0.857,0.857,6
2026,regular,669160,Dustin May,STL,7,3.6,3.571,3.571,6.0,6.714,6.714,1.6,3.0,3.0,1.2,1.286,1.286,6
2026,regular,656302,Dylan Cease,TOR,7,7.6,8.0,8.0,5.0,4.714,4.714,2.0,1.857,1.857,2.6,2.571,2.571,5
2026,regular,593958,Eduardo Rodriguez,ARI,7,4.2,4.143,4.143,4.8,4.571,4.571,2.2,1.571,1.571,3.2,2.714,2.714,6
2026,regular,665795,Edward Cabrera,CHC,7,5.6,5.286,5.286,7.4,5.571,5.571,3.0,2.143,2.143,1.6,2.0,2.0,6
2026,regular,621242,Edwin Díaz,LAD,7,1.6,1.429,1.429,1.8,1.286,1.286,1.4,1.0,1.0,0.8,0.714,0.714,9
2026,regular,669212,Eli Morgan,KCR,7,0.6,1.286,1.286,1.2,1.143,1.143,0.6,0.429,0.429,0.8,0.857,0.857,4
2026,regular,676106,Emerson Hancock,SEA,7,6.4,6.571,6.571,5.6,4.857,4.857,2.2,1.714,1.714,1.0,0.857,0.857,6
2026,regular,641778,Eric Lauer,TOR,7,2.6,3.143,3.143,5.4,4.714,4.714,3.4,3.0,3.0,2.0,2.0,2.0,5
2026,regular,607200,Erick Fedde,CHW,7,3.2,3.429,3.429,3.8,4.286,4.286,2.2,2.286,2.286,2.2,1.857,1.857,6
2026,regular,656492,Foster Griffin,WSN,7,4.4,4.714,4.714,3.8,4.143,4.143,1.4,1.429,1.429,2.2,2.0,2.0,6
2026,regular,656550,Grant Holmes,ATL,7,4.2,4.143,4.143,5.2,4.571,4.571,3.0,2.571,2.571,2.4,2.429,2.429,7
2026,regular,686799,Jack Kochanowicz,LAA,7,4.0,4.286,4.286,4.2,4.143,4.143,1.8,2.0,2.0,2.8,3.0,3.0,6
2026,regular,683004,Jack Leiter,TEX,7,5.2,6.143,6.143,6.0,5.571,5.571,4.0,3.286,3.286,2.2,1.857,1.857,6
2026,regular,594798,Jacob deGrom,TEX,7,6.8,6.714,6.714,4.6,4.286,4.286,1.8,1.857,1.857,1.4,1.143,1.143,7
2026,regular,682052,Jacob Lopez,ATH,7,3.4,3.286,3.286,5.2,5.0,5.0,3.2,3.143,3.143,2.4,3.143,3.143,6
2026,regular,694819,Jacob Misiorowski,MIL,7,8.2,8.429,8.429,3.4,3.286,3.286,1.8,1.714,1.714,2.0,2.143,2.143,6
2026,regular,663623,Jake Irvin,WSN,7,5.6,5.571,5.571,3.8,4.286,4.286,2.2,2.714,2.714,2.4,2.143,2.143,6
2026,regular,592791,Jameson Taillon,CHC,7,5.8,5.143,5.143,4.6,4.571,4.571,3.2,2.714,2.714,2.0,2.0,2.0,6
2026,regular,676083,Janson Junk,MIA,7,3.8,3.857,3.857,4.0,4.571,4.571,1.6,1.714,1.714,1.2,1.143,1.143,6
2026,regular,666200,Jesús Luzardo,PHI,7,6.6,7.286,7.286,6.4,6.143,6.143,3.2,3.286,3.286,1.6,1.286,1.286,5
2026,regular,683742,Jose Franco,CIN,7,1.8,1.571,1.571,2.2,2.0,2.0,1.4,1.0,1.0,1.6,1.429,1.429,3
2026,regular,663460,Kris Bubic,KCR,7,6.0,6.0,6.0,4.2,3.857,3.857,2.0,2.143,2.143,2.6,2.714,2.714,5
2026,regular,680694,Kyle Bradish,BAL,7,5.0,5.0,5.0,6.6,5.857,5.857,2.6,2.714,2.714,3.0,3.0,3.0,6
2026,regular,681517,Kyle Leahy,STL,7,4.4,3.857,3.857,6.2,6.286,6.286,2.6,2.714,2.714,1.6,1.857,1.857,6
2026,regular,693312,Kyle Nicolas,CIN,7,1.2,1.0,1.0,1.0,1.143,1.143,0.8,1.0,1.0,1.6,1.857,1.857,3
2026,regular,621121,Lance McCullers Jr.,HOU,7,4.8,5.286,5.286,4.4,4.429,4.429,4.8,4.0,4.0,3.2,2.857,2.857,6
2026,regular,694738,Landen Roupp,SFG,7,5.8,6.143,6.143,3.4,3.714,3.714,1.8,2.0,2.0,2.6,2.286,2.286,6
2026,regular,622491,Luis Castillo,SEA,7,4.0,4.429,4.429,7.0,6.286,6.286,4.2,3.429,3.429,2.0,1.857,1.857,6
2026,regular,669022,MacKenzie Gore,TEX,7,5.8,6.429,6.429,4.2,4.143,4.143,2.6,2.571,2.571,3.0,2.571,2.571,6
2026,regular,527048,Martín Pérez,ATL,7,4.0,3.429,3.429,3.2,3.286,3.286,1.0,1.286,1.286,2.0,1.571,1.571,8
2026,regular,669461,Matthew Liberatore,STL,7,3.8,3.286,3.286,6.2,5.857,5.857,3.2,2.571,2.571,2.0,1.857,1.857,6
2026,regular,676974,Max Meyer,MIA,7,5.8,5.714,5.714,3.4,3.571,3.571,1.2,1.571,1.571,1.6,1.857,1.857,6
2026,regular,650633,Michael King,SDP,7,5.6,5.571,5.571,3.8,3.857,3.857,1.8,1.857,1.857,2.6,2.571,2.571,6
2026,regular,700241,Michael McGreevy,STL,7,3.0,3.429,3.429,4.2,4.0,4.0,1.6,1.571,1.571,1.2,1.143,1.143,6
2026,regular,647336,Michael Soroka,ARI,7,5.8,6.0,6.0,6.8,6.0,6.0,3.2,2.429,2.429,1.4,1.571,1.571,6
2026,regular,608379,Michael Wacha,KCR,7,5.2,5.143,5.143,5.2,4.571,4.571,2.8,2.143,2.143,2.2,2.143,2.143,5
2026,regular,681347,Mike Burrows,HOU,7,4.8,5.143,5.143,7.0,7.0,7.0,3.6,3.571,3.571,1.6,1.857,1.857,6
2026,regular,656605,Mitch Keller,PIT,7,4.8,4.429,4.429,4.4,4.429,4.429,2.2,1.857,1.857,1.6,1.714,1.714,6
2026,regular,680730,Mitchell Parker,WSN,7,1.4,2.0,2.0,0.8,1.571,1.571,0.6,0.857,0.857,0.8,0.571,0.571,3
2026,regular,607259,Nick Martinez,TBR,7,4.2,4.0,4.0,5.2,4.714,4.714,1.0,1.143,1.143,1.8,1.429,1.429,6
2026,regular,690997,Nolan McLean,NYM,7,7.8,7.286,7.286,4.2,3.714,3.714,2.0,1.857,1.857,1.4,1.571,1.571,6
2026,regular,800048,Parker Messick,CLE,7,6.6,6.286,6.286,4.2,4.0,4.0,2.0,1.571,1.571,1.4,1.429,1.429,6
2026,regular,681190,Randy Vásquez,SDP,7,5.0,5.143,5.143,5.0,4.714,4.714,2.6,2.0,2.0,1.8,1.857,1.857,7
2026,regular,624133,Ranger Suarez,BOS,7,5.4,4.571,4.571,2.8,3.857,3.857,0.8,1.714,1.714,1.4,1.429,1.429,6
2026,regular,672282,Reid Detmers,LAA,7,6.2,6.286,6.286,5.6,5.286,5.286,3.2,2.714,2.714,1.0,1.286,1.286,6
2026,regular,625643,Reynaldo López,ATL,7,3.4,3.286,3.286,2.8,3.0,3.0,1.4,1.286,1.286,1.8,1.714,1.714,4
2026,regular,695076,Rhett Lowder,CIN,7,3.4,3.714,3.714,5.8,5.0,5.0,3.6,2.857,2.857,2.0,2.0,2.0,6
2026,regular,592662,Robbie Ray,SFG,7,5.8,5.714,5.714,4.0,4.0,4.0,1.8,1.857,1.857,2.2,2.0,2.0,6
2026,regular,677960,Ryan Weathers,NYY,7,6.8,6.429,6.429,5.2,5.143,5.143,1.8,1.857,1.857,1.0,1.429,1.429,7
2026,regular,669194,Ryne Nelson,ARI,7,4.2,4.0,4.0,5.4,4.571,4.571,3.4,3.286,3.286,1.4,1.857,1.857,6
2026,regular,680732,Sean Burke,CHW,7,4.0,4.571,4.571,4.2,4.571,4.571,1.6,1.714,1.714,1.4,1.143,1.143,6
2026,regular,607625,Seth Lugo,KCR,7,5.4,5.286,5.286,6.2,5.714,5.714,2.2,1.857,1.857,2.2,1.857,1.857,6
2026,regular,669358,Shane Baz,BAL,7,4.8,4.714,4.714,6.8,6.429,6.429,3.4,3.143,3.143,2.6,2.286,2.286,6
2026,regular,663556,Shane McClanahan,TBR,7,5.0,4.857,4.857,4.0,3.286,3.286,1.2,1.429,1.429,1.4,2.0,2.0,5
2026,regular,684007,Shota Imanaga,CHC,7,6.4,6.143,6.143,3.2,3.571,3.571,1.2,1.571,1.571,1.4,1.429,1.429,6
2026,regular,680573,Simeon Woods Richardson,MIN,7,2.2,2.429,2.429,7.4,6.714,6.714,4.4,3.571,3.571,2.2,2.0,2.0,5
2026,regular,677944,Slade Cecconi,CLE,7,3.4,4.0,4.0,7.2,6.143,6.143,4.0,3.714,3.714,1.8,1.857,1.857,6
2026,regular,571927,Steven Matz,TBR,7,3.6,4.0,4.0,4.0,4.0,4.0,2.2,2.286,2.286,2.0,1.857,1.857,6
2026,regular,669373,Tarik Skubal,DET,7,7.2,6.429,6.429,5.2,5.0,5.0,2.4,1.857,1.857,1.2,0.857,0.857,6
2026,regular,608372,Tomoyuki Sugano,COL,7,2.6,3.143,3.143,5.0,4.429,4.429,2.4,2.0,2.0,1.6,1.571,1.571,5
2026,regular,607192,Tyler Glasnow,LAD,7,6.8,7.0,7.0,2.4,2.857,2.857,1.6,1.714,1.714,2.0,1.857,1.857,7
2026,regular,641816,Tyler Mahle,SFG,7,5.0,4.857,4.857,4.8,5.286,5.286,2.6,2.857,2.857,3.0,2.571,2.571,5
2026,regular,621111,Walker Buehler,SDP,7,4.4,4.143,4.143,5.2,4.857,4.857,2.4,2.714,2.714,1.4,1.714,1.714,7
2026,regular,808967,Yoshinobu Yamamoto,LAD,7,6.4,5.714,5.714,5.0,4.857,4.857,2.2,2.143,2.143,1.8,1.429,1.429,7
2026,regular,579328,Yusei Kikuchi,LAA,7,5.0,4.714,4.714,4.2,5.0,5.0,2.6,2.857,2.857,1.8,2.0,2.0,5
2026,regular,668678,Zac Gallen,ARI,7,3.2,2.857,2.857,6.0,5.571,5.571,2.4,2.286,2.286,1.6,1.429,1.429,6
2026,regular,647315,Zach Pop,PHI,7,1.0,0.857,0.857,0.8,0.714,0.714,0.2,0.429,0.429,0.2,0.429,0.429,4
2026,regular,641793,Zack Littell,WSN,7,2.0,2.429,2.429,6.0,5.714,5.714,4.4,3.714,3.714,1.4,1.714,1.714,5
2026,regular,544150,Albert Suárez,BAL,6,1.4,1.5,1.5,1.8,1.833,1.833,1.0,1.0,1.0,1.6,1.5,1.5,6
2026,regular,691725,Andrew Painter,PHI,6,4.0,4.667,4.667,6.6,6.167,6.167,3.2,2.833,2.833,1.6,1.5,1.5,8
2026,regular,682227,Brandon Williamson,CIN,6,3.2,3.167,3.167,4.0,4.333,4.333,2.6,3.167,3.167,3.6,3.333,3.333,7
2026,regular,605540,Brandon Woodruff,MIL,6,3.8,4.167,4.167,4.0,4.0,4.0,2.0,2.0,2.0,1.4,1.167,1.167,6
2026,regular,663554,Casey Mize,DET,6,5.2,5.833,5.833,4.4,4.333,4.333,1.8,1.667,1.667,1.8,1.833,1.833,6
2026,regular,669684,Chris Murphy,CHW,6,1.0,1.0,1.0,1.8,1.5,1.5,1.4,1.167,1.167,0.8,0.833,0.833,2
2026,regular,694037,Daniel Palencia,CHC,6,0.8,0.833,0.833,0.4,0.667,0.667,0.0,0.0,0.0,0.4,0.333,0.333,23
2026,regular,800311,Didier Fuentes,ATL,6,2.4,2.667,2.667,1.8,1.833,1.833,1.0,1.0,1.0,0.6,0.667,0.667,3
2026,regular,686218,Emmet Sheehan,LAD,6,6.0,6.0,6.0,5.4,5.333,5.333,2.8,3.0,3.0,1.4,1.5,1.5,7
2026,regular,676979,Garrett Crochet,BOS,6,5.8,6.167,6.167,6.0,5.5,5.5,4.2,3.5,3.5,1.8,1.833,1.833,6
2026,regular,608566,Germán Márquez,SDP,6,3.6,3.167,3.167,4.6,5.167,5.167,3.0,3.167,3.167,2.2,2.0,2.0,6
2026,regular,665871,Javier Assad,CHC,6,1.8,2.0,2.0,4.2,3.667,3.667,3.2,2.667,2.667,0.8,1.0,1.0,10
2026,regular,680736,Justin Wrobleski,LAD,6,2.6,2.5,2.5,4.4,4.333,4.333,0.4,0.833,0.833,1.8,1.667,1.667,7
2026,regular,672456,Keider Montero,DET,6,4.4,4.167,4.167,4.8,4.5,4.5,2.2,2.167,2.167,1.2,1.167,1.167,6
2026,regular,677958,Kumar Rocker,TEX,6,4.2,4.0,4.0,5.0,5.167,5.167,2.6,2.5,2.5,1.8,1.667,1.667,6
2026,regular,607536,Kyle Freeland,COL,6,4.4,4.0,4.0,4.2,4.333,4.333,2.4,2.333,2.333,1.2,1.333,1.333,5
2026,regular,690986,Kyle Harrison,MIL,6,5.4,5.833,5.833,4.0,4.0,4.0,1.2,1.167,1.167,1.6,1.5,1.5,6
2026,regular,702070,Noah Cameron,KCR,6,4.6,4.667,4.667,7.2,6.667,6.667,3.6,3.167,3.167,2.0,1.833,1.833,6
2026,regular,571578,Patrick Corbin,TOR,6,3.6,3.5,3.5,4.6,4.833,4.833,1.6,2.0,2.0,1.6,1.5,1.5,5
2026,regular,808963,Roki Sasaki,LAD,6,4.4,4.333,4.333,5.8,5.5,5.5,3.6,3.167,3.167,2.6,2.5,2.5,7
2026,regular,669020,Ryan Rolison,CHC,6,2.0,1.667,1.667,1.0,1.0,1.0,0.6,0.5,0.5,0.4,0.333,0.333,1
2026,regular,660271,Shohei Ohtani,LAD,6,7.2,7.0,7.0,4.0,3.5,3.5,0.8,0.667,0.667,1.2,1.5,1.5,7
2026,regular,543243,Sonny Gray,BOS,6,2.0,2.5,2.5,4.6,4.833,4.833,1.6,1.833,1.833,1.2,1.167,1.167,16
2026,regular,669432,Trevor Rogers,BAL,6,4.4,4.5,4.5,6.2,5.667,5.667,3.2,2.667,2.667,1.2,1.667,1.667,6
2026,regular,552640,Andrew Kittredge,BAL,5,1.0,1.0,1.0,2.0,2.0,2.0,1.4,1.4,1.4,0.4,0.4,0.4,2
2026,regular,681810,Austin Warren,NYM,5,1.6,1.6,1.6,1.0,1.0,1.0,0.2,0.2,0.2,0.2,0.2,0.2,2
2026,regular,676508,Ben Casparius,LAD,5,0.8,0.8,0.8,1.2,1.2,1.2,1.0,1.0,1.0,0.8,0.8,0.8,4
2026,regular,656986,Bennett Sousa,HOU,5,0.8,0.8,0.8,0.6,0.6,0.6,0.6,0.6,0.6,1.0,1.0,1.0,2
2026,regular,663893,Brendon Little,TOR,5,1.2,1.2,1.2,2.0,2.0,2.0,2.0,2.0,2.0,0.6,0.6,0.6,1
2026,regular,671382,Cameron Foster,BAL,5,1.8,1.8,1.8,2.4,2.4,2.4,1.0,1.0,1.0,1.2,1.2,1.2,6
2026,regular,688297,Chris Roycroft,STL,5,0.6,0.6,0.6,1.6,1.6,1.6,1.0,1.0,1.0,1.0,1.0,1.0,1
2026,regular,675989,Cody Bolton,HOU,5,2.8,2.8,2.8,2.4,2.4,2.4,1.2,1.2,1.2,1.8,1.8,1.8,3
2026,regular,689520,Cody Laweryson,MIN,5,1.6,1.6,1.6,0.6,0.6,0.6,0.6,0.6,0.6,0.4,0.4,0.4,2
2026,regular,608650,Dietrich Enns,BAL,5,1.6,1.6,1.6,0.8,0.8,0.8,0.4,0.4,0.4,1.2,1.2,1.2,1
2026,regular,664076,Garrett Cleavinger,TBR,5,1.0,1.0,1.0,0.8,0.8,0.8,0.4,0.4,0.4,0.8,0.8,0.8,4
2026,regular,682995,Hunter Barco,PIT,5,1.6,1.6,1.6,2.8,2.8,2.8,2.0,2.0,2.0,1.8,1.8,1.8,16
2026,regular,669947,Jesse Scholtens,TBR,5,3.4,3.4,3.4,4.0,4.0,4.0,1.6,1.6,1.6,1.2,1.2,1.2,6
2026,regular,664192,Joey Lucchesi,LAA,5,0.8,0.8,0.8,1.4,1.4,1.4,1.0,1.0,1.0,1.2,1.2,1.2,2
2026,regular,500779,Jose Quintana,COL,5,2.4,2.4,2.4,4.4,4.4,4.4,2.2,2.2,2.2,2.2,2.2,2.2,5
2026,regular,664353,José Urquidy,PIT,5,1.2,1.2,1.2,3.0,3.0,3.0,1.2,1.2,1.2,0.4,0.4,0.4,1
2026,regular,669211,Keegan Akin,BAL,5,0.8,0.8,0.8,1.8,1.8,1.8,1.4,1.4,1.4,0.0,0.0,0.0,1
2026,regular,686610,Ken Waldichuk,WSN,5,1.6,1.6,1.6,1.6,1.6,1.6,1.4,1.4,1.4,1.2,1.2,1.2,6
2026,regular,673540,Kodai Senga,NYM,5,4.6,4.6,4.6,5.2,5.2,5.2,4.0,4.0,4.0,2.6,2.6,2.6,9
2026,regular,679883,Luinder Avila,KCR,5,2.2,2.2,2.2,3.6,3.6,3.6,1.8,1.8,1.8,1.2,1.2,1.2,4
2026,regular,571510,Matthew Boyd,CHC,5,6.2,6.2,6.2,5.0,5.0,5.0,3.2,3.2,3.2,1.2,1.2,1.2,6
2026,regular,453286,Max Scherzer,TOR,5,2.0,2.0,2.0,4.4,4.4,4.4,4.0,4.0,4.0,1.6,1.6,1.6,6
2026,regular,815083,Mitch Farris,LAA,5,1.8,1.8,1.8,3.0,3.0,3.0,0.6,0.6,0.6,0.8,0.8,0.8,5
2026,regular,702273,Noah Schultz,CHW,5,4.6,4.6,4.6,3.4,3.4,3.4,2.6,2.6,2.6,3.2,3.2,3.2,5
2026,regular,663372,Ryan Feltner,COL,5,3.4,3.4,3.4,4.4,4.4,4.4,2.8,2.8,2.8,1.6,1.6,1.6,5
2026,regular,675660,Shane Drohan,MIL,5,2.0,2.0,2.0,2.6,2.6,2.6,1.2,1.2,1.2,1.2,1.2,1.2,4
2026,regular,674444,Steven Cruz,KCR,5,1.4,1.4,1.4,1.4,1.4,1.4,1.6,1.6,1.6,0.8,0.8,0.8,3
2026,regular,592836,Taijuan Walker,PHI,5,3.4,3.4,3.4,7.2,7.2,7.2,4.6,4.6,4.6,2.2,2.2,2.2,5
2026,regular,699823,Tyler Davis,CHW,5,0.8,0.8,0.8,0.0,0.0,0.0,0.2,0.2,0.2,0.4,0.4,0.4,2
2026,regular,687064,Brandon Young,BAL,4,3.5,3.5,3.5,5.75,5.75,5.75,3.25,3.25,3.25,2.0,2.0,2.0,6
2026,regular,669724,Brenan Hanifee,DET,4,1.0,1.0,1.0,1.25,1.25,1.25,0.0,0.0,0.0,0.25,0.25,0.25,2
2026,regular,615698,Cal Quantrill,TEX,4,2.25,2.25,2.25,2.25,2.25,2.25,1.25,1.25,1.25,1.0,1.0,1.0,8
2026,regular,691945,Carter Baumler,TEX,4,1.5,1.5,1.5,1.0,1.0,1.0,0.5,0.5,0.5,1.5,1.5,1.5,3
2026,regular,676467,Colton Gordon,HOU,4,2.75,2.75,2.75,5.25,5.25,5.25,3.0,3.0,3.0,0.75,0.75,0.75,3
2026,regular,670183,Garrett Acton,MIN,4,2.25,2.25,2.25,1.0,1.0,1.0,0.5,0.5,0.5,0.75,0.75,0.75,6
2026,regular,640451,Hunter Harvey,CHC,4,1.0,1.0,1.0,1.25,1.25,1.25,0.75,0.75,0.75,0.25,0.25,0.25,5
2026,regular,671109,Jake Eder,LAD,4,0.25,0.25,0.25,0.75,0.75,0.75,0.25,0.25,0.25,0.25,0.25,0.25,5
2026,regular,543510,James McCann,ARI,4,0.0,0.0,0.0,2.25,2.25,2.25,1.25,1.25,1.25,0.75,0.75,0.75,2
2026,regular,694363,Jared Shuster,STL,4,0.5,0.5,0.5,1.5,1.5,1.5,0.5,0.5,0.5,0.75,0.75,0.75,3
2026,regular,681151,Jayden Murray,HOU,4,1.25,1.25,1.25,1.75,1.75,1.75,1.0,1.0,1.0,1.25,1.25,1.25,1
2026,regular,820862,José Fermin,LAA,4,1.5,1.5,1.5,0.5,0.5,0.5,0.25,0.25,0.25,0.0,0.0,0.0,4
2026,regular,686580,Justin Slaten,BOS,4,1.25,1.25,1.25,0.5,0.5,0.5,0.0,0.0,0.0,0.5,0.5,0.5,1
2026,regular,663465,Kolby Allard,CLE,4,2.25,2.25,2.25,4.0,4.0,4.0,2.5,2.5,2.5,0.75,0.75,0.75,2
2026,regular,681168,Luis Curvelo,TEX,4,0.75,0.75,0.75,1.5,1.5,1.5,0.75,0.75,0.75,0.5,0.5,0.5,1
2026,regular,661563,Luis Gil,NYY,4,2.25,2.25,2.25,3.75,3.75,3.75,3.25,3.25,3.25,2.75,2.75,2.75,5
2026,regular,696131,Mason Black,KCR,4,1.25,1.25,1.25,1.75,1.75,1.75,0.0,0.0,0.0,0.5,0.5,0.5,4
2026,regular,663362,Matt Waldron,SDP,4,3.75,3.75,3.75,6.0,6.0,6.0,4.0,4.0,4.0,1.25,1.25,1.25,7
2026,regular,518876,Merrill Kelly,ARI,4,3.5,3.5,3.5,7.25,7.25,7.25,5.25,5.25,5.25,3.75,3.75,3.75,5
2026,regular,547184,Michael Kelly,ATH,4,1.0,1.0,1.0,1.5,1.5,1.5,0.75,0.75,0.75,1.0,1.0,1.0,1
2026,regular,690953,Mick Abel,MIN,4,5.75,5.75,5.75,5.5,5.5,5.5,2.25,2.25,2.25,2.5,2.5,2.5,5
2026,regular,601713,Nick Pivetta,SDP,4,6.0,6.0,6.0,3.0,3.0,3.0,2.0,2.0,2.0,1.5,1.5,1.5,5
2026,regular,687377,Orlando Ribalta,WSN,4,0.75,0.75,0.75,0.5,0.5,0.5,0.25,0.25,0.25,0.5,0.5,0.5,3
2026,regular,663567,Peter Lambert,HOU,4,5.75,5.75,5.75,3.75,3.75,3.75,1.5,1.5,1.5,2.75,2.75,2.75,5
2026,regular,682608,Peyton Gray,TEX,4,1.25,1.25,1.25,1.0,1.0,1.0,0.0,0.0,0.0,1.25,1.25,1.25,5
2026,regular,681676,Ryan Fernandez,STL,4,2.25,2.25,2.25,1.75,1.75,1.75,0.25,0.25,0.25,0.5,0.5,0.5,5
2026,regular,681293,Spencer Arrighetti,HOU,4,6.25,6.25,6.25,4.0,4.0,4.0,1.25,1.25,1.25,3.5,3.5,3.5,6
2026,regular,685299,Tanner Gordon,COL,4,4.25,4.25,4.25,4.0,4.0,4.0,2.5,2.5,2.5,1.0,1.0,1.0,4
2026,regular,695380,Alex Hoppe,SEA,3,2.333,2.333,2.333,1.0,1.0,1.0,1.0,1.0,1.0,1.0,1.0,1.0,2
2026,regular,669620,Brady Basso,ATH,3,0.333,0.333,0.333,1.667,1.667,1.667,0.667,0.667,0.667,0.333,0.333,0.333,1
2026,regular,702153,Brian Fitzpatrick,MIL,3,0.667,0.667,0.667,2.0,2.0,2.0,0.333,0.333,0.333,0.667,0.667,0.667,3
2026,regular,700249,Cade Povich,BAL,3,3.667,3.667,3.667,5.333,5.333,5.333,2.667,2.667,2.667,1.667,1.667,1.667,19
2026,regular,676742,Cam Sanders,PIT,3,1.333,1.333,1.333,1.333,1.333,1.333,1.333,1.333,1.333,0.667,0.667,0.667,1
2026,regular,606965,Chris Devenski,PIT,3,1.0,1.0,1.0,1.667,1.667,1.667,0.667,0.667,0.667,0.0,0.0,0.0,2
2026,regular,687570,Connor Prielipp,MIN,3,5.0,5.0,5.0,2.667,2.667,2.667,2.0,2.0,2.0,1.667,1.667,1.667,5
2026,regular,664299,Cristian Javier,HOU,3,1.333,1.333,1.333,4.333,4.333,4.333,4.333,4.333,4.333,3.0,3.0,3.0,5
2026,regular,681799,Ethan Roberts,CHC,3,0.667,0.667,0.667,0.333,0.333,0.333,0.0,0.0,0.0,0.0,0.0,0.0,2
2026,regular,641585,J.P. France,HOU,3,1.333,1.333,1.333,2.0,2.0,2.0,2.0,2.0,2.0,1.667,1.667,1.667,4
2026,regular,681252,Jack Anderson,BOS,3,2.0,2.0,2.0,2.667,2.667,2.667,1.0,1.0,1.0,0.667,0.667,0.667,2
2026,regular,657649,Jared Koenig,MIL,3,1.333,1.333,1.333,1.0,1.0,1.0,0.0,0.0,0.0,0.667,0.667,0.667,4
2026,regular,699151,Jedixson Paez,CHW,3,0.0,0.0,0.0,1.333,1.333,1.333,2.0,2.0,2.0,1.0,1.0,1.0,3
2026,regular,671212,Joe Boyle,TBR,3,5.333,5.333,5.333,3.667,3.667,3.667,3.0,3.0,3.0,2.0,2.0,2.0,5
2026,regular,605452,Joe Ross,ARI,3,0.667,0.667,0.667,2.333,2.333,2.333,2.667,2.667,2.667,1.333,1.333,1.333,3
2026,regular,624431,Jose Trevino,CIN,3,0.333,0.333,0.333,3.667,3.667,3.667,2.333,2.333,2.333,0.333,0.333,0.333,1
2026,regular,676130,José Buttó,SFG,3,1.667,1.667,1.667,2.0,2.0,2.0,1.667,1.667,1.667,1.333,1.333,1.333,1
2026,regular,702275,JR Ritchie,ATL,3,4.333,4.333,4.333,4.667,4.667,4.667,2.333,2.333,2.333,4.0,4.0,4.0,5
2026,regular,642759,Julian Fernández,WSN,3,1.0,1.0,1.0,1.0,1.0,1.0,0.333,0.333,0.333,0.667,0.667,0.667,1
2026,regular,806960,Luis Morales,ATH,3,2.333,2.333,2.333,5.667,5.667,5.667,5.0,5.0,5.0,4.0,4.0,4.0,28
2026,regular,675919,Nick Raquet,BAL,3,0.333,0.333,0.333,1.0,1.0,1.0,1.0,1.0,1.0,0.667,0.667,0.667,18
2026,regular,801139,Payton Tolle,BOS,3,7.667,7.667,7.667,2.333,2.333,2.333,1.333,1.333,1.333,2.0,2.0,2.0,6
2026,regular,682610,Roddery Muñoz,HOU,3,2.0,2.0,2.0,2.333,2.333,2.333,2.333,2.333,2.333,2.0,2.0,2.0,5
2026,regular,686751,Seth Johnson,PHI,3,1.333,1.333,1.333,1.667,1.667,1.667,1.0,1.0,1.0,1.0,1.0,1.0,1
2026,regular,681343,Shane Smith,CHW,3,3.667,3.667,3.667,4.0,4.0,4.0,3.333,3.333,3.333,3.0,3.0,3.0,6
2026,regular,837227,Tatsuya Imai,HOU,3,4.333,4.333,4.333,2.333,2.333,2.333,2.333,2.333,2.333,3.667,3.667,3.667,6
2026,regular,688497,Taylor Rashi,ARI,3,1.333,1.333,1.333,1.0,1.0,1.0,1.333,1.333,1.333,0.333,0.333,0.333,4
2026,regular,694680,Trevor Martin,TBR,3,1.333,1.333,1.333,2.0,2.0,2.0,1.0,1.0,1.0,0.333,0.333,0.333,1
2026,regular,678368,Valente Bellozo,COL,3,2.667,2.667,2.667,3.333,3.333,3.333,3.0,3.0,3.0,2.333,2.333,2.333,3
2026,regular,700712,Walbert Urena,LAA,3,4.0,4.0,4.0,3.667,3.667,3.667,2.0,2.0,2.0,2.667,2.667,2.667,6
2026,regular,700712,Walbert Ureña,LAA,3,3.333,3.333,3.333,2.667,2.667,2.667,0.667,0.667,0.667,2.667,2.667,2.667,5
2026,regular,696062,Wilber Dotel,PIT,3,1.333,1.333,1.333,0.667,0.667,0.667,0.333,0.333,0.333,1.0,1.0,1.0,6
2026,regular,682274,Yaramil Hiraldo,BAL,3,0.667,0.667,0.667,1.0,1.0,1.0,1.333,1.333,1.333,1.333,1.333,1.333,2
2026,regular,554430,Zack Wheeler,PHI,3,6.0,6.0,6.0,3.667,3.667,3.667,2.0,2.0,2.0,2.0,2.0,2.0,5
2026,regular,687849,Zak Kent,WSN,3,0.667,0.667,0.667,1.333,1.333,1.333,0.667,0.667,0.667,1.667,1.667,1.667,32
2026,regular,683409,Angel Chivilli,NYY,2,1.5,1.5,1.5,1.0,1.0,1.0,0.5,0.5,0.5,1.5,1.5,1.5,3
2026,regular,663559,Bailey Falter,KCR,2,2.0,2.0,2.0,4.0,4.0,4.0,2.5,2.5,2.5,1.0,1.0,1.0,5
2026,regular,685126,Brandon Eisert,CHW,2,1.0,1.0,1.0,3.0,3.0,3.0,2.0,2.0,2.0,0.5,0.5,0.5,2
2026,regular,805299,Brandyn Garcia,ARI,2,2.0,2.0,2.0,0.0,0.0,0.0,0.0,0.0,0.0,0.0,0.0,0.0,4
2026,regular,690990,Cade Horton,CHC,2,2.0,2.0,2.0,2.0,2.0,2.0,1.0,1.0,1.0,1.0,1.0,1.0,6
2026,regular,605218,Carl Edwards Jr.,NYM,2,5.5,5.5,5.5,1.5,1.5,1.5,0.5,0.5,0.5,2.0,2.0,2.0,3
2026,regular,471911,Carlos Carrasco,ATL,2,1.0,1.0,1.0,0.5,0.5,0.5,0.0,0.0,0.0,0.0,0.0,0.0,11
2026,regular,692230,Carlos Rodriguez,MIL,2,2.5,2.5,2.5,2.5,2.5,2.5,0.5,0.5,0.5,0.0,0.0,0.0,3
2026,regular,681035,Christian Scott,NYM,2,4.5,4.5,4.5,1.5,1.5,1.5,1.5,1.5,1.5,2.5,2.5,2.5,8
2026,regular,665152,Dean Kremer,BAL,2,8.0,8.0,8.0,4.0,4.0,4.0,2.5,2.5,2.5,1.0,1.0,1.0,5
2026,regular,689266,Dylan Dodd,ATL,2,2.0,2.0,2.0,1.5,1.5,1.5,0.5,0.5,0.5,0.5,0.5,0.5,9
2026,regular,664238,Dylan Moore,PHI,2,0.0,0.0,0.0,0.5,0.5,0.5,0.5,0.5,0.5,0.5,0.5,0.5,16
2026,regular,668834,Easton McGee,MIL,2,0.5,0.5,0.5,0.5,0.5,0.5,0.0,0.0,0.0,0.5,0.5,0.5,21
2026,regular,695684,Elmer Rodríguez,NYY,2,2.5,2.5,2.5,5.0,5.0,5.0,2.5,2.5,2.5,4.0,4.0,4.0,6
2026,regular,691946,George Klassen,LAA,2,3.0,3.0,3.0,3.5,3.5,3.5,3.0,3.0,3.0,5.0,5.0,5.0,6
2026,regular,666619,Gregory Santos,SFG,2,0.5,0.5,0.5,1.5,1.5,1.5,1.0,1.0,1.0,1.0,1.0,1.0,3
2026,regular,686613,Hunter Brown,HOU,2,8.5,8.5,8.5,2.5,2.5,2.5,0.5,0.5,0.5,3.0,3.0,3.0,5
2026,regular,669920,Jason Alexander,HOU,2,3.0,3.0,3.0,5.5,5.5,5.5,5.0,5.0,5.0,2.5,2.5,2.5,6
2026,regular,666711,Joel Peguero,SFG,2,0.5,0.5,0.5,0.5,0.5,0.5,0.0,0.0,0.0,0.0,0.0,0.0,1
2026,regular,694795,Josh Ekness,MIA,2,1.0,1.0,1.0,0.0,0.0,0.0,0.0,0.0,0.0,0.0,0.0,0.0,2
2026,regular,701656,Logan Henderson,MIL,2,5.5,5.5,5.5,3.0,3.0,3.0,2.0,2.0,2.0,0.5,0.5,0.5,29
2026,regular,682825,Luis Mey,CIN,2,2.5,2.5,2.5,0.5,0.5,0.5,0.5,0.5,0.5,1.0,1.0,1.0,2
2026,regular,676510,Nolan Hoffman,PHI,2,1.0,1.0,1.0,2.5,2.5,2.5,0.5,0.5,0.5,0.5,0.5,0.5,4
2026,regular,676568,Ricky Vanasco,DET,2,1.0,1.0,1.0,2.0,2.0,2.0,2.5,2.5,2.5,1.0,1.0,1.0,1
2026,regular,691951,Sam Aldegheri,LAA,2,1.0,1.0,1.0,3.0,3.0,3.0,1.5,1.5,1.5,1.5,1.5,1.5,19
2026,regular,678020,Seth Halvorsen,COL,2,1.0,1.0,1.0,0.0,0.0,0.0,0.0,0.0,0.0,1.0,1.0,1.0,3
2026,regular,670950,Trevor Richards,PHI,2,2.5,2.5,2.5,2.0,2.0,2.0,0.5,0.5,0.5,1.5,1.5,1.5,2
2026,regular,702056,Trey Yesavage,TOR,2,4.5,4.5,4.5,4.5,4.5,4.5,0.5,0.5,0.5,1.5,1.5,1.5,5
2026,regular,656457,Tyler Gilbert,CHW,2,1.0,1.0,1.0,2.0,2.0,2.0,3.0,3.0,3.0,1.5,1.5,1.5,20
2026,regular,623168,Tyler Heineman,TOR,2,0.0,0.0,0.0,3.5,3.5,3.5,2.5,2.5,2.5,0.5,0.5,0.5,7
2026,regular,642215,Weston Wilson,BAL,2,0.0,0.0,0.0,2.0,2.0,2.0,2.0,2.0,2.0,0.0,0.0,0.0,9
2026,regular,660787,Yerry De los Santos,NYY,2,3.0,3.0,3.0,2.0,2.0,2.0,0.5,0.5,0.5,1.5,1.5,1.5,22
2026,regular,624428,Adam Frazier,LAA,1,0.0,0.0,0.0,1.0,1.0,1.0,0.0,0.0,0.0,1.0,1.0,1.0,-1
2026,regular,660604,Alan Rangel,PHI,1,5.0,5.0,5.0,3.0,3.0,3.0,1.0,1.0,1.0,0.0,0.0,0.0,-1
2026,regular,687941,Alec Gamboa,BOS,1,2.0,2.0,2.0,0.0,0.0,0.0,0.0,0.0,0.0,0.0,0.0,0.0,-1
2026,regular,689690,Alek Jacob,SDP,1,3.0,3.0,3.0,1.0,1.0,1.0,0.0,0.0,0.0,1.0,1.0,1.0,-1
2026,regular,674841,Andrew Alvarez,WSN,1,5.0,5.0,5.0,4.0,4.0,4.0,0.0,0.0,0.0,0.0,0.0,0.0,-1
2026,regular,683627,Anthony Molina,ATL,1,0.0,0.0,0.0,0.0,0.0,0.0,0.0,0.0,0.0,1.0,1.0,1.0,-1
2026,regular,595978,Austin Hedges,CLE,1,0.0,0.0,0.0,0.0,0.0,0.0,0.0,0.0,0.0,0.0,0.0,0.0,-1
2026,regular,608723,Austin Voth,TOR,1,1.0,1.0,1.0,3.0,3.0,3.0,1.0,1.0,1.0,1.0,1.0,1.0,-1
2026,regular,810938,Ben Williamson,TBR,1,0.0,0.0,0.0,1.0,1.0,1.0,1.0,1.0,1.0,0.0,0.0,0.0,-1
2026,regular,592779,Brock Stewart,LAD,1,2.0,2.0,2.0,0.0,0.0,0.0,0.0,0.0,0.0,0.0,0.0,0.0,-1
2026,regular,806188,Cade Gibson,MIA,1,1.0,1.0,1.0,5.0,5.0,5.0,4.0,4.0,4.0,1.0,1.0,1.0,-1
2026,regular,608032,Carlos Estévez,KCR,1,0.0,0.0,0.0,4.0,4.0,4.0,6.0,6.0,6.0,2.0,2.0,2.0,-1
2026,regular,656212,Charlie Barnes,CHC,1,1.0,1.0,1.0,4.0,4.0,4.0,3.0,3.0,3.0,3.0,3.0,3.0,-1
2026,regular,695445,Chase Lee,TOR,1,1.0,1.0,1.0,1.0,1.0,1.0,1.0,1.0,1.0,0.0,0.0,0.0,-1
2026,regular,695534,Chase Petty,CIN,1,1.0,1.0,1.0,4.0,4.0,4.0,3.0,3.0,3.0,2.0,2.0,2.0,-1
2026,regular,683766,Christian Koss,SFG,1,0.0,0.0,0.0,0.0,0.0,0.0,0.0,0.0,0.0,0.0,0.0,0.0,-1
2026,regular,664074,Cody Ponce,TOR,1,3.0,3.0,3.0,1.0,1.0,1.0,1.0,1.0,1.0,1.0,1.0,1.0,-1
2026,regular,689441,Coleman Crow,MIL,1,4.0,4.0,4.0,4.0,4.0,4.0,2.0,2.0,2.0,1.0,1.0,1.0,-1
2026,regular,663967,César Salazar,HOU,1,0.0,0.0,0.0,1.0,1.0,1.0,1.0,1.0,1.0,0.0,0.0,0.0,-1
2026,regular,690978,Dax Fulton,MIA,1,3.0,3.0,3.0,3.0,3.0,3.0,2.0,2.0,2.0,2.0,2.0,2.0,-1
2026,regular,680951,Doug Nikhazy,CHW,1,1.0,1.0,1.0,1.0,1.0,1.0,1.0,1.0,1.0,2.0,2.0,2.0,-1
2026,regular,701474,Duncan Davitt,CHW,1,0.0,0.0,0.0,0.0,0.0,0.0,0.0,0.0,0.0,1.0,1.0,1.0,-1
2026,regular,700842,Eduardo Rivera,BOS,1,3.0,3.0,3.0,1.0,1.0,1.0,0.0,0.0,0.0,0.0,0.0,0.0,-1
2026,regular,672021,Eric Cerantola,KCR,1,2.0,2.0,2.0,1.0,1.0,1.0,0.0,0.0,0.0,1.0,1.0,1.0,-1
2026,regular,656288,Griffin Canning,SDP,1,7.0,7.0,7.0,3.0,3.0,3.0,1.0,1.0,1.0,3.0,3.0,3.0,-1
2026,regular,690928,Hunter Dobbins,STL,1,4.0,4.0,4.0,2.0,2.0,2.0,3.0,3.0,3.0,5.0,5.0,5.0,-1
2026,regular,676702,Hunter Stratton,ATL,1,1.0,1.0,1.0,1.0,1.0,1.0,0.0,0.0,0.0,0.0,0.0,0.0,-1
2026,regular,641656,Ian Hamilton,ATL,1,1.0,1.0,1.0,2.0,2.0,2.0,3.0,3.0,3.0,2.0,2.0,2.0,-1
2026,regular,671131,Jackson Rutledge,WSN,1,2.0,2.0,2.0,6.0,6.0,6.0,7.0,7.0,7.0,2.0,2.0,2.0,-1
2026,regular,687562,Jake Bennett,BOS,1,3.0,3.0,3.0,5.0,5.0,5.0,1.0,1.0,1.0,2.0,2.0,2.0,-1
2026,regular,668670,Jake Rogers,DET,1,1.0,1.0,1.0,2.0,2.0,2.0,0.0,0.0,0.0,0.0,0.0,0.0,-1
2026,regular,680702,Joey Gerber,NYM,1,5.0,5.0,5.0,2.0,2.0,2.0,0.0,0.0,0.0,1.0,1.0,1.0,-1
2026,regular,686894,Joey Wiemer,WSN,1,0.0,0.0,0.0,2.0,2.0,2.0,1.0,1.0,1.0,1.0,1.0,1.0,-1
2026,regular,670912,Johan Oviedo,BOS,1,3.0,3.0,3.0,6.0,6.0,6.0,4.0,4.0,4.0,1.0,1.0,1.0,-1
2026,regular,804619,John Klein,MIN,1,0.0,0.0,0.0,0.0,0.0,0.0,0.0,0.0,0.0,0.0,0.0,0.0,-1
2026,regular,686563,Jonathan Cannon,CHW,1,0.0,0.0,0.0,0.0,0.0,0.0,1.0,1.0,1.0,3.0,3.0,3.0,-1
2026,regular,664744,Jose Espada,BAL,1,0.0,0.0,0.0,2.0,2.0,2.0,0.0,0.0,0.0,0.0,0.0,0.0,-1
2026,regular,676596,Josh Fleming,TOR,1,1.0,1.0,1.0,6.0,6.0,6.0,4.0,4.0,4.0,2.0,2.0,2.0,-1
2026,regular,434378,Justin Verlander,DET,1,1.0,1.0,1.0,6.0,6.0,6.0,5.0,5.0,5.0,2.0,2.0,2.0,-1
2026,regular,696070,Kendry Rojas,MIN,1,0.0,0.0,0.0,2.0,2.0,2.0,0.0,0.0,0.0,3.0,3.0,3.0,-1
2026,regular,681751,Lazaro Estrada,TOR,1,3.0,3.0,3.0,0.0,0.0,0.0,0.0,0.0,0.0,2.0,2.0,2.0,-1
2026,regular,642152,Lou Trivino,BAL,1,0.0,0.0,0.0,4.0,4.0,4.0,6.0,6.0,6.0,3.0,3.0,3.0,-1
2026,regular,681432,Luke Little,CHC,1,1.0,1.0,1.0,2.0,2.0,2.0,1.0,1.0,1.0,0.0,0.0,0.0,-1
2026,regular,686930,Mason Barnett,ATH,1,1.0,1.0,1.0,1.0,1.0,1.0,0.0,0.0,0.0,2.0,2.0,2.0,-1
2026,regular,690155,Matt Pushard,STL,1,1.0,1.0,1.0,3.0,3.0,3.0,3.0,3.0,3.0,1.0,1.0,1.0,-1
2026,regular,500743,Miguel Rojas,LAD,1,0.0,0.0,0.0,1.0,1.0,1.0,1.0,1.0,1.0,1.0,1.0,1.0,-1
2026,regular,687765,Mitch Spence,KCR,1,3.0,3.0,3.0,4.0,4.0,4.0,6.0,6.0,6.0,5.0,5.0,5.0,-1
2026,regular,689546,Nick Davila,SEA,1,1.0,1.0,1.0,1.0,1.0,1.0,0.0,0.0,0.0,1.0,1.0,1.0,-1
2026,regular,664731,P.J. Higgins,CIN,1,1.0,1.0,1.0,0.0,0.0,0.0,0.0,0.0,0.0,0.0,0.0,0.0,-1
2026,regular,691769,Philip Abner,ARI,1,1.0,1.0,1.0,1.0,1.0,1.0,2.0,2.0,2.0,1.0,1.0,1.0,-1
2026,regular,624512,Reese McGuire,CHW,1,0.0,0.0,0.0,0.0,0.0,0.0,0.0,0.0,0.0,0.0,0.0,0.0,-1
2026,regular,683000,Riley Cornelio,WSN,1,1.0,1.0,1.0,2.0,2.0,2.0,2.0,2.0,2.0,4.0,4.0,4.0,-1
2026,regular,691548,Rolddy Muñoz,ATL,1,3.0,3.0,3.0,5.0,5.0,5.0,3.0,3.0,3.0,1.0,1.0,1.0,-1
2026,regular,687473,Ryan Gusto,MIA,1,1.0,1.0,1.0,0.0,0.0,0.0,0.0,0.0,0.0,0.0,0.0,0.0,-1
2026,regular,696270,Ryan Johnson,LAA,1,2.0,2.0,2.0,7.0,7.0,7.0,6.0,6.0,6.0,4.0,4.0,4.0,-1
2026,regular,675911,Spencer Strider,ATL,1,6.0,6.0,6.0,4.0,4.0,4.0,3.0,3.0,3.0,5.0,5.0,5.0,-1
2026,regular,663568,Stephen Kolek,KCR,1,3.0,3.0,3.0,4.0,4.0,4.0,3.0,3.0,3.0,0.0,0.0,0.0,-1
2026,regular,642048,Tayler Saucedo,LAA,1,2.0,2.0,2.0,0.0,0.0,0.0,1.0,1.0,1.0,0.0,0.0,0.0,-1
2026,regular,622088,Tejay Antone,CIN,1,2.0,2.0,2.0,0.0,0.0,0.0,0.0,0.0,0.0,0.0,0.0,0.0,-1
2026,regular,663423,Trent Thornton,CHC,1,0.0,0.0,0.0,0.0,0.0,0.0,0.0,0.0,0.0,0.0,0.0,0.0,-1
2026,regular,686790,Trevor McDonald,SFG,1,8.0,8.0,8.0,2.0,2.0,2.0,1.0,1.0,1.0,0.0,0.0,0.0,-1
2026,regular,694346,Trey Gibson,BAL,1,2.0,2.0,2.0,4.0,4.0,4.0,3.0,3.0,3.0,2.0,2.0,2.0,-1
2026,regular,680744,Ty Madden,DET,1,7.0,7.0,7.0,4.0,4.0,4.0,0.0,0.0,0.0,0.0,0.0,0.0,-1
2026,regular,621053,Tyler Ferguson,ATH,1,1.0,1.0,1.0,4.0,4.0,4.0,4.0,4.0,4.0,0.0,0.0,0.0,-1
2026,regular,805326,Tyler Schweitzer,CHW,1,1.0,1.0,1.0,2.0,2.0,2.0,1.0,1.0,1.0,1.0,1.0,1.0,-1
2026,regular,686475,Tyler Tolbert,KCR,1,0.0,0.0,0.0,1.0,1.0,1.0,0.0,0.0,0.0,0.0,0.0,0.0,-1
2026,regular,700413,Tyler Uberstine,BOS,1,2.0,2.0,2.0,3.0,3.0,3.0,1.0,1.0,1.0,1.0,1.0,1.0,-1
2026,regular,592826,Vince Velasquez,CHC,1,1.0,1.0,1.0,1.0,1.0,1.0,0.0,0.0,0.0,0.0,0.0,0.0,-1
2026,regular,687531,William Kempner,MIA,1,1.0,1.0,1.0,0.0,0.0,0.0,0.0,0.0,0.0,0.0,0.0,0.0,-1
2026,regular,605441,Yacksel Ríos,CHC,1,2.0,2.0,2.0,0.0,0.0,0.0,0.0,0.0,0.0,0.0,0.0,0.0,-1
2026,regular,621107,Zach Eflin,BAL,1,7.0,7.0,7.0,4.0,4.0,4.0,1.0,1.0,1.0,2.0,2.0,2.0,-1
2026,regular,687209,Zach Maxwell,CIN,1,1.0,1.0,1.0,3.0,3.0,3.0,4.0,4.0,4.0,2.0,2.0,2.0,-1
