season,seasonPhase,playerId,player,team,games,ip,runs,earnedRuns,hitsAllowed,homeRunsAllowed,walks,strikeouts,battersFaced,pitchesThrown,strikes,era,whip,kPer9,bbPer9,hrPer9,strikeoutsPerGame,hitsAllowedPerGame,earnedRunsPerGame,walksPerGame,homeRunsAllowedPerGame,kRate,bbRate
2026,regular,608331,Max Fried,NYY,8,52.667,14.0,14.0,32.0,1.0,15.0,43.0,201.0,762.0,478.0,2.39,0.892,7.35,2.56,0.17,5.375,4.0,1.75,1.875,0.125,21.39,7.46
2026,regular,693645,Cam Schlittler,NYY,8,47.333,10.0,8.0,32.0,1.0,9.0,53.0,181.0,692.0,481.0,1.52,0.866,10.08,1.71,0.19,6.625,4.0,1.0,1.125,0.125,29.28,4.97
2026,regular,645261,Sandy Alcantara,MIA,7,47.333,18.0,16.0,40.0,4.0,15.0,31.0,193.0,670.0,446.0,3.04,1.162,5.89,2.85,0.76,4.429,5.714,2.286,2.143,0.571,16.06,7.77
2026,regular,667755,José Soriano,LAA,8,46.667,9.0,9.0,32.0,5.0,19.0,54.0,186.0,752.0,472.0,1.74,1.093,10.41,3.66,0.96,6.75,4.0,1.125,2.375,0.625,29.03,10.22
2026,regular,669923,George Kirby,SEA,7,45.0,15.0,15.0,40.0,4.0,11.0,34.0,178.0,642.0,432.0,3.0,1.133,6.8,2.2,0.8,4.857,5.714,2.143,1.571,0.571,19.1,6.18
2026,regular,608379,Michael Wacha,KCR,7,44.333,15.0,15.0,32.0,5.0,15.0,36.0,174.0,640.0,413.0,3.05,1.06,7.31,3.05,1.02,5.143,4.571,2.143,2.143,0.714,20.69,8.62
2026,regular,663436,Davis Martin,CHW,7,44.0,8.0,8.0,37.0,2.0,8.0,43.0,169.0,628.0,423.0,1.64,1.023,8.8,1.64,0.41,6.143,5.286,1.143,1.143,0.286,25.44,4.73
2026,regular,669302,Logan Gilbert,SEA,8,44.0,21.0,21.0,47.0,8.0,10.0,43.0,185.0,732.0,479.0,4.3,1.295,8.8,2.05,1.64,5.375,5.875,2.625,1.25,1.0,23.24,5.41
2026,regular,657277,Logan Webb,SFG,7,44.0,23.0,21.0,45.0,3.0,15.0,38.0,188.0,669.0,437.0,4.3,1.364,7.77,3.07,0.61,5.429,6.429,3.0,2.143,0.429,20.21,7.98
2026,regular,607625,Seth Lugo,KCR,7,43.667,14.0,13.0,40.0,1.0,13.0,37.0,174.0,657.0,437.0,2.68,1.214,7.63,2.68,0.21,5.286,5.714,1.857,1.857,0.143,21.26,7.47
2026,regular,808967,Yoshinobu Yamamoto,LAD,7,43.667,16.0,15.0,34.0,5.0,10.0,40.0,170.0,666.0,429.0,3.09,1.008,8.24,2.06,1.03,5.714,4.857,2.143,1.429,0.714,23.53,5.88
2026,regular,668909,Gavin Williams,CLE,7,43.333,14.0,13.0,25.0,6.0,19.0,53.0,171.0,660.0,432.0,2.7,1.015,11.01,3.95,1.25,7.571,3.571,1.857,2.714,0.857,30.99,11.11
2026,regular,669373,Tarik Skubal,DET,7,43.333,14.0,13.0,35.0,2.0,6.0,45.0,166.0,626.0,422.0,2.7,0.946,9.35,1.25,0.42,6.429,5.0,1.857,0.857,0.286,27.11,3.61
2026,regular,693821,Bryce Elder,ATL,7,43.0,12.0,9.0,32.0,2.0,13.0,36.0,172.0,607.0,379.0,1.88,1.047,7.53,2.72,0.42,5.143,4.571,1.286,1.857,0.286,20.93,7.56
2026,regular,605280,Clay Holmes,NYM,7,42.667,8.0,8.0,28.0,3.0,14.0,31.0,168.0,630.0,420.0,1.69,0.984,6.54,2.95,0.63,4.429,4.0,1.143,2.0,0.429,18.45,8.33
2026,regular,519242,Chris Sale,ATL,7,42.0,10.0,10.0,26.0,5.0,12.0,49.0,164.0,644.0,434.0,2.14,0.905,10.5,2.57,1.07,7.0,3.714,1.429,1.714,0.714,29.88,7.32
2026,regular,607259,Nick Martinez,TBR,7,42.0,8.0,8.0,33.0,3.0,10.0,28.0,168.0,588.0,396.0,1.71,1.024,6.0,2.14,0.64,4.0,4.714,1.143,1.429,0.429,16.67,5.95
2026,regular,677952,Braxton Ashcraft,PIT,7,41.667,17.0,14.0,31.0,3.0,14.0,45.0,165.0,604.0,394.0,3.02,1.08,9.72,3.02,0.65,6.429,4.429,2.0,2.0,0.429,27.27,8.48
2026,regular,676106,Emerson Hancock,SEA,7,41.667,12.0,12.0,34.0,7.0,6.0,46.0,159.0,647.0,429.0,2.59,0.96,9.94,1.3,1.51,6.571,4.857,1.714,0.857,1.0,28.93,3.77
2026,regular,665795,Edward Cabrera,CHC,7,41.333,17.0,15.0,39.0,5.0,14.0,37.0,171.0,637.0,404.0,3.27,1.282,8.06,3.05,1.09,5.286,5.571,2.143,2.0,0.714,21.64,8.19
2026,regular,686799,Jack Kochanowicz,LAA,7,41.333,16.0,14.0,29.0,2.0,21.0,30.0,175.0,660.0,404.0,3.05,1.21,6.53,4.57,0.44,4.286,4.143,2.0,3.0,0.286,17.14,12.0
2026,regular,800048,Parker Messick,CLE,7,41.333,11.0,11.0,28.0,4.0,10.0,44.0,156.0,621.0,408.0,2.4,0.919,9.58,2.18,0.87,6.286,4.0,1.571,1.429,0.571,28.21,6.41
2026,regular,684007,Shota Imanaga,CHC,7,41.333,12.0,11.0,25.0,3.0,10.0,43.0,159.0,645.0,412.0,2.4,0.847,9.36,2.18,0.65,6.143,3.571,1.571,1.429,0.429,27.04,6.29
2026,regular,693433,Bryan Woo,SEA,7,41.0,23.0,21.0,38.0,6.0,6.0,29.0,166.0,567.0,386.0,4.61,1.073,6.37,1.32,1.32,4.143,5.429,3.0,0.857,0.857,17.47,3.61
2026,regular,695505,Chase Burns,CIN,7,41.0,10.0,10.0,29.0,5.0,13.0,46.0,161.0,632.0,402.0,2.2,1.024,10.1,2.85,1.1,6.571,4.143,1.429,1.857,0.714,28.57,8.07
2026,regular,656605,Mitch Keller,PIT,7,41.0,13.0,13.0,31.0,1.0,12.0,31.0,163.0,616.0,396.0,2.85,1.049,6.8,2.63,0.22,4.429,4.429,1.857,1.714,0.143,19.02,7.36
2026,regular,671737,Taj Bradley,MIN,7,41.0,13.0,13.0,35.0,5.0,15.0,44.0,174.0,708.0,439.0,2.85,1.22,9.66,3.29,1.1,6.286,5.0,1.857,2.143,0.714,25.29,8.62
2026,regular,666200,Jesús Luzardo,PHI,7,40.667,24.0,23.0,43.0,4.0,9.0,51.0,172.0,672.0,434.0,5.09,1.279,11.29,1.99,0.89,7.286,6.143,3.286,1.286,0.571,29.65,5.23
2026,regular,592332,Kevin Gausman,TOR,7,40.667,15.0,14.0,31.0,5.0,8.0,40.0,161.0,624.0,417.0,3.1,0.959,8.85,1.77,1.11,5.714,4.429,2.0,1.143,0.714,24.84,4.97
2026,regular,663460,Kris Bubic,KCR,7,40.667,15.0,15.0,27.0,3.0,19.0,42.0,163.0,631.0,398.0,3.32,1.131,9.3,4.2,0.66,6.0,3.857,2.143,2.714,0.429,25.77,11.66
2026,regular,650911,Cristopher Sánchez,PHI,7,40.333,18.0,13.0,48.0,3.0,13.0,50.0,180.0,649.0,433.0,2.9,1.512,11.16,2.9,0.67,7.143,6.857,1.857,1.857,0.429,27.78,7.22
2026,regular,664285,Framber Valdez,DET,7,40.333,16.0,15.0,37.0,2.0,14.0,32.0,173.0,634.0,422.0,3.35,1.264,7.14,3.12,0.45,4.571,5.286,2.143,2.0,0.286,18.5,8.09
2026,regular,672282,Reid Detmers,LAA,7,40.0,20.0,19.0,37.0,3.0,9.0,44.0,168.0,668.0,447.0,4.27,1.15,9.9,2.02,0.67,6.286,5.286,2.714,1.286,0.429,26.19,5.36
2026,regular,656492,Foster Griffin,WSN,7,39.667,13.0,10.0,29.0,5.0,14.0,33.0,163.0,638.0,400.0,2.27,1.084,7.49,3.18,1.13,4.714,4.143,1.429,2.0,0.714,20.25,8.59
2026,regular,694738,Landen Roupp,SFG,7,39.667,16.0,14.0,26.0,1.0,16.0,43.0,159.0,660.0,400.0,3.18,1.059,9.76,3.63,0.23,6.143,3.714,2.0,2.286,0.143,27.04,10.06
2026,regular,650633,Michael King,SDP,7,39.667,14.0,13.0,27.0,3.0,18.0,39.0,159.0,646.0,390.0,2.95,1.134,8.85,4.08,0.68,5.571,3.857,1.857,2.571,0.429,24.53,11.32
2026,regular,543135,Nathan Eovaldi,TEX,7,39.667,23.0,21.0,43.0,9.0,10.0,39.0,173.0,628.0,418.0,4.76,1.336,8.85,2.27,2.04,5.571,6.143,3.0,1.429,1.286,22.54,5.78
2026,regular,592662,Robbie Ray,SFG,7,39.667,13.0,13.0,28.0,7.0,14.0,40.0,157.0,680.0,424.0,2.95,1.059,9.08,3.18,1.59,5.714,4.0,1.857,2.0,1.0,25.48,8.92
2026,regular,680732,Sean Burke,CHW,7,39.667,13.0,12.0,32.0,3.0,8.0,32.0,156.0,625.0,422.0,2.72,1.008,7.26,1.82,0.68,4.571,4.571,1.714,1.143,0.429,20.51,5.13
2026,regular,669358,Shane Baz,BAL,7,39.667,23.0,22.0,45.0,4.0,16.0,33.0,176.0,666.0,418.0,4.99,1.538,7.49,3.63,0.91,4.714,6.429,3.143,2.286,0.571,18.75,9.09
2026,regular,700241,Michael McGreevy,STL,7,39.333,11.0,11.0,28.0,5.0,8.0,24.0,147.0,615.0,376.0,2.52,0.915,5.49,1.83,1.14,3.429,4.0,1.571,1.143,0.714,16.33,5.44
2026,regular,690997,Nolan McLean,NYM,7,39.333,15.0,13.0,26.0,2.0,11.0,51.0,153.0,640.0,405.0,2.97,0.941,11.67,2.52,0.46,7.286,3.714,1.857,1.571,0.286,33.33,7.19
2026,regular,681190,Randy Vásquez,SDP,7,39.333,14.0,14.0,33.0,4.0,13.0,36.0,161.0,629.0,409.0,3.2,1.169,8.24,2.97,0.92,5.143,4.714,2.0,1.857,0.571,22.36,8.07
2026,regular,676440,Tanner Bibee,CLE,8,39.333,20.0,20.0,42.0,6.0,16.0,36.0,172.0,693.0,437.0,4.58,1.475,8.24,3.66,1.37,4.5,5.25,2.5,2.0,0.75,20.93,9.3
2026,regular,624133,Ranger Suarez,BOS,7,39.0,12.0,12.0,27.0,3.0,10.0,32.0,148.0,574.0,361.0,2.77,0.949,7.38,2.31,0.69,4.571,3.857,1.714,1.429,0.429,21.62,6.76
2026,regular,605488,Jeffrey Springs,ATH,7,38.667,17.0,17.0,30.0,6.0,12.0,35.0,158.0,612.0,387.0,3.96,1.086,8.15,2.79,1.4,5.0,4.286,2.429,1.714,0.857,22.15,7.59
2026,regular,657746,Joe Ryan,MIN,8,38.667,21.0,16.0,31.0,3.0,10.0,40.0,157.0,637.0,423.0,3.72,1.06,9.31,2.33,0.7,5.0,3.875,2.0,1.25,0.375,25.48,6.37
2026,regular,677960,Ryan Weathers,NYY,7,38.667,15.0,13.0,36.0,6.0,10.0,45.0,158.0,631.0,412.0,3.03,1.19,10.47,2.33,1.4,6.429,5.143,1.857,1.429,0.857,28.48,6.33
2026,regular,607192,Tyler Glasnow,LAD,6,38.667,11.0,11.0,19.0,4.0,13.0,47.0,144.0,580.0,369.0,2.56,0.828,10.94,3.03,0.93,7.833,3.167,1.833,2.167,0.667,32.64,9.03
2026,regular,656302,Dylan Cease,TOR,7,38.333,16.0,13.0,33.0,1.0,18.0,56.0,166.0,708.0,432.0,3.05,1.33,13.15,4.23,0.23,8.0,4.714,1.857,2.571,0.143,33.73,10.84
2026,regular,642547,Freddy Peralta,NYM,7,38.333,17.0,15.0,30.0,4.0,16.0,42.0,164.0,651.0,410.0,3.52,1.2,9.86,3.76,0.94,6.0,4.286,2.143,2.286,0.571,25.61,9.76
2026,regular,676083,Janson Junk,MIA,7,38.333,14.0,12.0,32.0,3.0,8.0,27.0,155.0,582.0,385.0,2.82,1.043,6.34,1.88,0.7,3.857,4.571,1.714,1.143,0.429,17.42,5.16
2026,regular,622663,Luis Severino,ATH,7,38.333,19.0,19.0,32.0,4.0,23.0,40.0,162.0,666.0,411.0,4.46,1.435,9.39,5.4,0.94,5.714,4.571,2.714,3.286,0.571,24.69,14.2
2026,regular,641927,Bailey Ober,MIN,7,38.0,16.0,15.0,30.0,4.0,13.0,29.0,157.0,605.0,382.0,3.55,1.132,6.87,3.08,0.95,4.143,4.286,2.143,1.857,0.571,18.47,8.28
2026,regular,683004,Jack Leiter,TEX,7,38.0,24.0,23.0,39.0,7.0,13.0,43.0,164.0,652.0,424.0,5.45,1.368,10.18,3.08,1.66,6.143,5.571,3.286,1.857,1.0,26.22,7.93
2026,regular,694819,Jacob Misiorowski,MIL,7,38.0,14.0,12.0,23.0,4.0,15.0,59.0,155.0,638.0,413.0,2.84,1.0,13.97,3.55,0.95,8.429,3.286,1.714,2.143,0.571,38.06,9.68
2026,regular,681347,Mike Burrows,HOU,7,37.667,25.0,25.0,49.0,8.0,13.0,36.0,169.0,636.0,414.0,5.97,1.646,8.6,3.11,1.91,5.143,7.0,3.571,1.857,1.143,21.3,7.69
2026,regular,701542,Will Warren,NYY,7,37.667,15.0,10.0,32.0,4.0,8.0,46.0,152.0,616.0,395.0,2.39,1.062,10.99,1.91,0.96,6.571,4.571,1.429,1.143,0.571,30.26,5.26
2026,regular,605400,Aaron Nola,PHI,7,37.333,21.0,21.0,41.0,6.0,13.0,40.0,161.0,640.0,400.0,5.06,1.446,9.64,3.13,1.45,5.714,5.857,3.0,1.857,0.857,24.84,8.07
2026,regular,801403,Chase Dollander,COL,8,37.333,14.0,14.0,31.0,4.0,12.0,42.0,156.0,626.0,406.0,3.38,1.152,10.13,2.89,0.96,5.25,3.875,1.75,1.5,0.5,26.92,7.69
2026,regular,656550,Grant Holmes,ATL,7,37.333,19.0,18.0,32.0,6.0,17.0,29.0,160.0,576.0,358.0,4.34,1.312,6.99,4.1,1.45,4.143,4.571,2.571,2.429,0.857,18.12,10.62
2026,regular,571927,Steven Matz,TBR,7,37.333,16.0,16.0,28.0,6.0,13.0,28.0,149.0,601.0,387.0,3.86,1.098,6.75,3.13,1.45,4.0,4.0,2.286,1.857,0.857,18.79,8.72
2026,regular,676974,Max Meyer,MIA,7,37.0,12.0,11.0,25.0,2.0,13.0,40.0,154.0,590.0,388.0,2.68,1.027,9.73,3.16,0.49,5.714,3.571,1.571,1.857,0.286,25.97,8.44
2026,regular,608372,Tomoyuki Sugano,COL,7,37.0,14.0,14.0,31.0,6.0,11.0,22.0,151.0,575.0,358.0,3.41,1.135,5.35,2.68,1.46,3.143,4.429,2.0,1.571,0.857,14.57,7.28
2026,regular,650644,Aaron Civale,ATH,7,36.667,12.0,12.0,39.0,4.0,10.0,27.0,158.0,618.0,393.0,2.95,1.336,6.63,2.45,0.98,3.857,5.571,1.714,1.429,0.571,17.09,6.33
2026,regular,669160,Dustin May,STL,7,36.667,22.0,21.0,47.0,3.0,9.0,25.0,155.0,593.0,379.0,5.15,1.527,6.14,2.21,0.74,3.571,6.714,3.0,1.286,0.429,16.13,5.81
2026,regular,691587,Eury Pérez,MIA,7,36.333,22.0,18.0,34.0,6.0,16.0,39.0,158.0,622.0,398.0,4.46,1.376,9.66,3.96,1.49,5.571,4.857,2.571,2.286,0.857,24.68,10.13
2026,regular,680736,Justin Wrobleski,LAD,6,36.0,5.0,5.0,26.0,0.0,10.0,15.0,143.0,517.0,337.0,1.25,1.0,3.75,2.5,0.0,2.5,4.333,0.833,1.667,0.0,10.49,6.99
2026,regular,669461,Matthew Liberatore,STL,7,36.0,18.0,18.0,41.0,8.0,13.0,23.0,158.0,593.0,373.0,4.5,1.5,5.75,3.25,2.0,3.286,5.857,2.571,1.857,1.143,14.56,8.23
2026,regular,641816,Tyler Mahle,SFG,7,36.0,20.0,20.0,37.0,6.0,18.0,34.0,158.0,619.0,384.0,5.0,1.528,8.5,4.5,1.5,4.857,5.286,2.857,2.571,0.857,21.52,11.39
2026,regular,813349,Connelly Early,BOS,7,35.667,15.0,15.0,30.0,5.0,17.0,31.0,151.0,616.0,381.0,3.79,1.318,7.82,4.29,1.26,4.429,4.286,2.143,2.429,0.714,20.53,11.26
2026,regular,677944,Slade Cecconi,CLE,7,35.667,28.0,26.0,43.0,8.0,13.0,28.0,164.0,603.0,384.0,6.56,1.57,7.07,3.28,2.02,4.0,6.143,3.714,1.857,1.143,17.07,7.93
2026,regular,695076,Rhett Lowder,CIN,7,35.333,21.0,20.0,35.0,1.0,14.0,26.0,153.0,592.0,362.0,5.09,1.387,6.62,3.57,0.25,3.714,5.0,2.857,2.0,0.143,16.99,9.15
2026,regular,671096,Andrew Abbott,CIN,7,34.667,24.0,23.0,43.0,5.0,15.0,24.0,158.0,605.0,372.0,5.97,1.673,6.23,3.89,1.3,3.429,6.143,3.286,2.143,0.714,15.19,9.49
2026,regular,663623,Jake Irvin,WSN,7,34.667,21.0,19.0,30.0,4.0,15.0,39.0,154.0,617.0,390.0,4.93,1.298,10.12,3.89,1.04,5.571,4.286,2.714,2.143,0.571,25.32,9.74
2026,regular,592791,Jameson Taillon,CHC,6,34.667,18.0,17.0,27.0,9.0,13.0,31.0,141.0,550.0,344.0,4.41,1.154,8.05,3.37,2.34,5.167,4.5,2.833,2.167,1.5,21.99,9.22
2026,regular,681517,Kyle Leahy,STL,7,34.667,19.0,19.0,44.0,6.0,13.0,27.0,159.0,595.0,359.0,4.93,1.644,7.01,3.38,1.56,3.857,6.286,2.714,1.857,0.857,16.98,8.18
2026,regular,669022,MacKenzie Gore,TEX,7,34.667,18.0,18.0,29.0,5.0,18.0,45.0,151.0,644.0,401.0,4.67,1.356,11.68,4.67,1.3,6.429,4.143,2.571,2.571,0.714,29.8,11.92
2026,regular,680573,Simeon Woods Richardson,MIN,7,34.667,28.0,25.0,47.0,8.0,14.0,17.0,161.0,592.0,363.0,6.49,1.76,4.41,3.63,2.08,2.429,6.714,3.571,2.0,1.143,10.56,8.7
2026,regular,656849,David Peterson,NYM,8,34.333,25.0,24.0,41.0,2.0,14.0,35.0,159.0,559.0,360.0,6.29,1.602,9.17,3.67,0.52,4.375,5.125,3.0,1.75,0.25,22.01,8.81
2026,regular,676282,Joey Cantillo,CLE,7,34.333,18.0,14.0,32.0,5.0,16.0,36.0,145.0,590.0,356.0,3.67,1.398,9.44,4.19,1.31,5.143,4.571,2.0,2.286,0.714,24.83,11.03
2026,regular,622491,Luis Castillo,SEA,7,34.333,28.0,24.0,44.0,4.0,13.0,31.0,160.0,661.0,424.0,6.29,1.66,8.13,3.41,1.05,4.429,6.286,3.429,1.857,0.571,19.38,8.12
2026,regular,669387,Carmen Mlodzinski,PIT,7,34.0,19.0,18.0,38.0,1.0,13.0,40.0,154.0,606.0,384.0,4.76,1.5,10.59,3.44,0.26,5.714,5.429,2.571,1.857,0.143,25.97,8.44
2026,regular,680694,Kyle Bradish,BAL,7,34.0,23.0,19.0,41.0,5.0,21.0,35.0,157.0,638.0,385.0,5.03,1.824,9.26,5.56,1.32,5.0,5.857,2.714,3.0,0.714,22.29,13.38
2026,regular,547179,Michael Lorenzen,COL,8,34.0,28.0,23.0,51.0,6.0,9.0,24.0,164.0,615.0,384.0,6.09,1.765,6.35,2.38,1.59,3.0,6.375,2.875,1.125,0.75,14.63,5.49
2026,regular,694973,Paul Skenes,PIT,7,34.0,13.0,12.0,22.0,4.0,7.0,39.0,133.0,548.0,363.0,3.18,0.853,10.32,1.85,1.06,5.571,3.143,1.714,1.0,0.571,29.32,5.26
2026,regular,672456,Keider Montero,DET,6,33.667,14.0,13.0,27.0,3.0,7.0,25.0,133.0,485.0,316.0,3.48,1.01,6.68,1.87,0.8,4.167,4.5,2.167,1.167,0.5,18.8,5.26
2026,regular,607200,Erick Fedde,CHW,6,33.333,15.0,12.0,24.0,5.0,11.0,22.0,134.0,520.0,314.0,3.24,1.05,5.94,2.97,1.35,3.667,4.0,2.0,1.833,0.833,16.42,8.21
2026,regular,607067,Colin Rea,CHC,7,32.667,16.0,16.0,34.0,3.0,9.0,30.0,142.0,551.0,361.0,4.41,1.316,8.27,2.48,0.83,4.286,4.857,2.286,1.286,0.429,21.13,6.34
2026,regular,593958,Eduardo Rodriguez,ARI,6,32.667,12.0,11.0,30.0,4.0,16.0,22.0,143.0,552.0,339.0,3.03,1.408,6.06,4.41,1.1,3.667,5.0,1.833,2.667,0.667,15.38,11.19
2026,regular,663903,Brady Singer,CIN,7,32.333,21.0,20.0,47.0,7.0,9.0,20.0,153.0,563.0,357.0,5.57,1.732,5.57,2.51,1.95,2.857,6.714,2.857,1.286,1.0,13.07,5.88
2026,regular,666142,Cole Ragans,KCR,7,32.333,20.0,19.0,26.0,10.0,21.0,41.0,138.0,581.0,352.0,5.29,1.454,11.41,5.85,2.78,5.857,3.714,2.714,3.0,1.429,29.71,15.22
2026,regular,668678,Zac Gallen,ARI,7,32.333,17.0,16.0,39.0,2.0,10.0,20.0,141.0,575.0,359.0,4.45,1.515,5.57,2.78,0.56,2.857,5.571,2.286,1.429,0.286,14.18,7.09
2026,regular,641793,Zack Littell,WSN,7,32.333,32.0,26.0,40.0,13.0,12.0,17.0,150.0,514.0,328.0,7.24,1.608,4.73,3.34,3.62,2.429,5.714,3.714,1.714,1.857,11.33,8.0
2026,regular,702070,Noah Cameron,KCR,6,31.667,22.0,19.0,40.0,5.0,11.0,28.0,144.0,505.0,321.0,5.4,1.611,7.96,3.13,1.42,4.667,6.667,3.167,1.833,0.833,19.44,7.64
2026,regular,669467,Andre Pallante,STL,6,31.333,14.0,13.0,27.0,4.0,14.0,26.0,138.0,539.0,327.0,3.73,1.309,7.47,4.02,1.15,4.333,4.5,2.167,2.333,0.667,18.84,10.14
2026,regular,694477,Chad Patrick,MIL,7,31.333,12.0,12.0,29.0,2.0,16.0,20.0,134.0,533.0,325.0,3.45,1.436,5.74,4.6,0.57,2.857,4.143,1.714,2.286,0.286,14.93,11.94
2026,regular,641778,Eric Lauer,TOR,7,31.333,21.0,21.0,33.0,8.0,14.0,22.0,141.0,522.0,337.0,6.03,1.5,6.32,4.02,2.3,3.143,4.714,3.0,2.0,1.143,15.6,9.93
2026,regular,594798,Jacob deGrom,TEX,6,31.333,7.0,7.0,23.0,4.0,7.0,40.0,123.0,520.0,345.0,2.01,0.957,11.49,2.01,1.15,6.667,3.833,1.167,1.167,0.667,32.52,5.69
2026,regular,621121,Lance McCullers Jr.,HOU,6,31.333,24.0,22.0,27.0,4.0,17.0,33.0,133.0,536.0,320.0,6.32,1.404,9.48,4.88,1.15,5.5,4.5,3.667,2.833,0.667,24.81,12.78
2026,regular,669194,Ryne Nelson,ARI,7,31.333,29.0,23.0,32.0,7.0,13.0,28.0,143.0,548.0,357.0,6.61,1.436,8.04,3.73,2.01,4.0,4.571,3.286,1.857,1.0,19.58,9.09
2026,regular,663554,Casey Mize,DET,6,31.0,10.0,10.0,26.0,2.0,11.0,35.0,128.0,473.0,303.0,2.9,1.194,10.16,3.19,0.58,5.833,4.333,1.667,1.833,0.333,27.34,8.59
2026,regular,686218,Emmet Sheehan,LAD,6,31.0,18.0,18.0,32.0,6.0,9.0,36.0,132.0,533.0,342.0,5.23,1.323,10.45,2.61,1.74,6.0,5.333,3.0,1.5,1.0,27.27,6.82
2026,regular,579328,Yusei Kikuchi,LAA,7,31.0,20.0,20.0,35.0,3.0,14.0,33.0,142.0,567.0,360.0,5.81,1.581,9.58,4.06,0.87,4.714,5.0,2.857,2.0,0.429,23.24,9.86
2026,regular,676917,Cade Cavalli,WSN,7,30.667,17.0,13.0,37.0,1.0,14.0,38.0,143.0,575.0,367.0,3.82,1.663,11.15,4.11,0.29,5.429,5.286,1.857,2.0,0.143,26.57,9.79
2026,regular,663978,Chris Paddack,MIA,7,30.667,27.0,26.0,41.0,6.0,10.0,27.0,146.0,585.0,372.0,7.63,1.663,7.92,2.93,1.76,3.857,5.857,3.714,1.429,0.857,18.49,6.85
2026,regular,656876,Drew Rasmussen,TBR,6,30.667,11.0,9.0,21.0,5.0,5.0,32.0,122.0,491.0,325.0,2.64,0.848,9.39,1.47,1.47,5.333,3.5,1.5,0.833,0.833,26.23,4.1
2026,regular,647336,Michael Soroka,ARI,6,30.667,16.0,16.0,35.0,3.0,9.0,36.0,136.0,547.0,362.0,4.7,1.435,10.57,2.64,0.88,6.0,5.833,2.667,1.5,0.5,26.47,6.62
2026,regular,605288,Adrian Houser,SFG,6,30.333,27.0,24.0,42.0,6.0,10.0,16.0,143.0,496.0,315.0,7.12,1.714,4.75,2.97,1.78,2.667,7.0,4.0,1.667,1.0,11.19,6.99
2026,regular,669432,Trevor Rogers,BAL,6,30.333,17.0,16.0,34.0,3.0,10.0,27.0,133.0,536.0,351.0,4.75,1.451,8.01,2.97,0.89,4.5,5.667,2.667,1.667,0.5,20.3,7.52
2026,regular,641743,Anthony Kay,CHW,7,30.0,20.0,19.0,35.0,6.0,15.0,20.0,143.0,607.0,361.0,5.7,1.667,6.0,4.5,1.8,2.857,5.0,2.714,2.143,0.857,13.99,10.49
2026,regular,605540,Brandon Woodruff,MIL,6,30.0,13.0,12.0,24.0,4.0,7.0,25.0,121.0,415.0,285.0,3.6,1.033,7.5,2.1,1.2,4.167,4.0,2.0,1.167,0.667,20.66,5.79
2026,regular,676979,Garrett Crochet,BOS,6,30.0,23.0,21.0,33.0,5.0,11.0,37.0,138.0,518.0,329.0,6.3,1.467,11.1,3.3,1.5,6.167,5.5,3.5,1.833,0.833,26.81,7.97
2026,regular,682052,Jacob Lopez,ATH,7,30.0,22.0,22.0,35.0,6.0,22.0,23.0,146.0,571.0,332.0,6.6,1.9,6.9,6.6,1.8,3.286,5.0,3.143,3.143,0.857,15.75,15.07
2026,regular,660271,Shohei Ohtani,LAD,5,30.0,4.0,2.0,17.0,0.0,9.0,34.0,119.0,473.0,308.0,0.6,0.867,10.2,2.7,0.0,6.8,3.4,0.4,1.8,0.0,28.57,7.56
2026,regular,608566,Germán Márquez,SDP,6,29.667,19.0,19.0,31.0,8.0,12.0,19.0,128.0,501.0,312.0,5.76,1.449,5.76,3.64,2.43,3.167,5.167,3.167,2.0,1.333,14.84,9.38
2026,regular,690986,Kyle Harrison,MIL,6,29.667,7.0,7.0,24.0,2.0,9.0,35.0,120.0,519.0,347.0,2.12,1.112,10.62,2.73,0.61,5.833,4.0,1.167,1.5,0.333,29.17,7.5
2026,regular,694297,Brandon Pfaadt,ARI,7,29.333,20.0,19.0,28.0,5.0,14.0,22.0,128.0,472.0,302.0,5.83,1.432,6.75,4.3,1.53,3.143,4.0,2.714,2.0,0.714,17.19,10.94
2026,regular,669372,J.T. Ginn,ATH,8,29.333,14.0,14.0,23.0,4.0,14.0,23.0,123.0,476.0,294.0,4.3,1.261,7.06,4.3,1.23,2.875,2.875,1.75,1.75,0.5,18.7,11.38
2026,regular,691725,Andrew Painter,PHI,6,29.0,17.0,17.0,37.0,3.0,9.0,28.0,133.0,533.0,340.0,5.28,1.586,8.69,2.79,0.93,4.667,6.167,2.833,1.5,0.5,21.05,6.77
2026,regular,696149,Bubba Chandler,PIT,6,29.0,17.0,16.0,23.0,5.0,20.0,27.0,130.0,508.0,316.0,4.97,1.483,8.38,6.21,1.55,4.5,3.833,2.667,3.333,0.833,20.77,15.38
2026,regular,656427,Jack Flaherty,DET,7,29.0,22.0,19.0,27.0,5.0,25.0,32.0,141.0,593.0,336.0,5.9,1.793,9.93,7.76,1.55,4.571,3.857,2.714,3.571,0.714,22.7,17.73
2026,regular,663556,Shane McClanahan,TBR,6,29.0,12.0,10.0,21.0,1.0,13.0,30.0,121.0,480.0,307.0,3.1,1.172,9.31,4.03,0.31,5.0,3.5,1.667,2.167,0.167,24.79,10.74
2026,regular,677958,Kumar Rocker,TEX,6,28.667,15.0,15.0,31.0,3.0,10.0,24.0,127.0,475.0,292.0,4.71,1.43,7.53,3.14,0.94,4.0,5.167,2.5,1.667,0.5,18.9,7.87
2026,regular,808963,Roki Sasaki,LAD,6,28.667,19.0,19.0,33.0,8.0,15.0,26.0,134.0,543.0,329.0,5.97,1.674,8.16,4.71,2.51,4.333,5.5,3.167,2.5,1.333,19.4,11.19
2026,regular,527048,Martín Pérez,ATL,6,28.333,7.0,7.0,18.0,3.0,10.0,19.0,112.0,445.0,276.0,2.22,0.988,6.04,3.18,0.95,3.167,3.0,1.167,1.667,0.5,16.96,8.93
2026,regular,682227,Brandon Williamson,CIN,6,28.0,19.0,19.0,26.0,4.0,20.0,19.0,128.0,518.0,298.0,6.11,1.643,6.11,6.43,1.29,3.167,4.333,3.167,3.333,0.667,14.84,15.62
2026,regular,605135,Chris Bassitt,BAL,6,28.0,18.0,17.0,38.0,3.0,14.0,17.0,135.0,533.0,323.0,5.46,1.857,5.46,4.5,0.96,2.833,6.333,2.833,2.333,0.5,12.59,10.37
2026,regular,571945,Miles Mikolas,WSN,7,27.333,27.0,25.0,36.0,8.0,11.0,19.0,127.0,479.0,302.0,8.23,1.72,6.26,3.62,2.63,2.714,5.143,3.571,1.571,1.143,14.96,8.66
2026,regular,687075,Brandon Sproat,MIL,6,26.667,20.0,20.0,28.0,7.0,15.0,25.0,115.0,454.0,278.0,6.75,1.613,8.44,5.06,2.36,4.167,4.667,3.333,2.5,1.167,21.74,13.04
2026,regular,680802,Ryan Weiss,HOU,9,26.0,24.0,22.0,35.0,8.0,20.0,30.0,131.0,530.0,323.0,7.62,2.115,10.38,6.92,2.77,3.333,3.889,2.444,2.222,0.889,22.9,15.27
2026,regular,676962,Ben Brown,CHC,12,25.667,8.0,6.0,18.0,1.0,8.0,24.0,101.0,401.0,254.0,2.1,1.013,8.42,2.81,0.35,2.0,1.5,0.5,0.667,0.083,23.76,7.92
2026,regular,678394,Brayan Bello,BOS,6,25.667,28.0,26.0,43.0,8.0,15.0,17.0,133.0,504.0,310.0,9.12,2.26,5.96,5.26,2.81,2.833,7.167,4.333,2.5,1.333,12.78,11.28
2026,regular,607536,Kyle Freeland,COL,6,25.0,14.0,14.0,26.0,4.0,8.0,24.0,111.0,427.0,286.0,5.04,1.36,8.64,2.88,1.44,4.0,4.333,2.333,1.333,0.667,21.62,7.21
2026,regular,621111,Walker Buehler,SDP,6,25.0,15.0,15.0,27.0,1.0,12.0,24.0,114.0,463.0,279.0,5.4,1.56,8.64,4.32,0.36,4.0,4.5,2.5,2.0,0.167,21.05,10.53
2026,regular,571578,Patrick Corbin,TOR,5,24.667,10.0,10.0,24.0,3.0,7.0,20.0,102.0,392.0,247.0,3.65,1.257,7.3,2.55,1.09,4.0,4.8,2.0,1.4,0.6,19.61,6.86
2026,regular,625643,Reynaldo López,ATL,7,24.667,12.0,9.0,21.0,4.0,12.0,23.0,106.0,419.0,250.0,3.28,1.338,8.39,4.38,1.46,3.286,3.0,1.286,1.714,0.571,21.7,11.32
2026,regular,500779,Jose Quintana,COL,5,24.333,13.0,11.0,22.0,5.0,11.0,12.0,105.0,413.0,240.0,4.07,1.356,4.44,4.07,1.85,2.4,4.4,2.2,2.2,1.0,11.43,10.48
2026,regular,571510,Matthew Boyd,CHC,5,24.0,17.0,16.0,25.0,2.0,6.0,31.0,100.0,430.0,286.0,6.0,1.292,11.62,2.25,0.75,6.2,5.0,3.2,1.2,0.4,31.0,6.0
2026,regular,695418,Brad Lord,WSN,11,23.667,11.0,10.0,23.0,3.0,6.0,16.0,102.0,408.0,277.0,3.8,1.225,6.08,2.28,1.14,1.455,2.091,0.909,0.545,0.273,15.69,5.88
2026,regular,678906,Kai-Wei Teng,HOU,14,23.0,6.0,6.0,15.0,3.0,7.0,22.0,89.0,353.0,223.0,2.35,0.957,8.61,2.74,1.17,1.571,1.071,0.429,0.5,0.214,24.72,7.87
2026,regular,543243,Sonny Gray,BOS,5,23.0,12.0,11.0,25.0,3.0,5.0,13.0,99.0,390.0,239.0,4.3,1.304,5.09,1.96,1.17,2.6,5.0,2.2,1.0,0.6,13.13,5.05
2026,regular,681293,Spencer Arrighetti,HOU,4,23.0,5.0,5.0,16.0,1.0,14.0,25.0,101.0,379.0,231.0,1.96,1.304,9.78,5.48,0.39,6.25,4.0,1.25,3.5,0.25,24.75,13.86
2026,regular,669947,Jesse Scholtens,TBR,5,22.667,8.0,8.0,20.0,2.0,6.0,17.0,94.0,352.0,231.0,3.18,1.147,6.75,2.38,0.79,3.4,4.0,1.6,1.2,0.4,18.09,6.38
2026,regular,592836,Taijuan Walker,PHI,5,22.667,25.0,23.0,36.0,8.0,11.0,17.0,115.0,424.0,263.0,9.13,2.074,6.75,4.37,3.18,3.4,7.2,4.6,2.2,1.6,14.78,9.57
2026,regular,622608,Antonio Senzatela,COL,10,22.333,4.0,3.0,12.0,0.0,6.0,20.0,82.0,300.0,204.0,1.21,0.806,8.06,2.42,0.0,2.0,1.2,0.3,0.6,0.0,24.39,7.32
2026,regular,805123,AJ Blubaugh,HOU,14,22.0,13.0,13.0,18.0,4.0,13.0,20.0,97.0,393.0,237.0,5.32,1.409,8.18,5.32,1.64,1.429,1.286,0.929,0.929,0.286,20.62,13.4
2026,regular,640455,Sean Manaea,NYM,7,22.0,16.0,16.0,26.0,3.0,10.0,23.0,103.0,420.0,269.0,6.55,1.636,9.41,4.09,1.23,3.286,3.714,2.286,1.429,0.429,22.33,9.71
2026,regular,668964,Tobias Myers,NYM,10,22.0,7.0,5.0,15.0,2.0,4.0,16.0,83.0,298.0,196.0,2.05,0.864,6.55,1.64,0.82,1.6,1.5,0.5,0.4,0.2,19.28,4.82
2026,regular,670990,Yohan Ramírez,PIT,15,21.667,7.0,5.0,15.0,1.0,10.0,24.0,88.0,318.0,212.0,2.08,1.154,9.97,4.15,0.42,1.6,1.0,0.333,0.667,0.067,27.27,11.36
2026,regular,702273,Noah Schultz,CHW,4,21.333,7.0,6.0,10.0,1.0,12.0,20.0,85.0,336.0,202.0,2.53,1.031,8.44,5.06,0.42,5.0,2.5,1.5,3.0,0.25,23.53,14.12
2026,regular,663969,Tyler Phillips,MIA,11,21.333,4.0,3.0,17.0,1.0,12.0,22.0,93.0,368.0,228.0,1.27,1.359,9.28,5.06,0.42,2.0,1.545,0.273,1.091,0.091,23.66,12.9
2026,regular,676879,Aaron Ashby,MIL,16,21.0,6.0,6.0,17.0,1.0,13.0,34.0,92.0,371.0,230.0,2.57,1.429,14.57,5.57,0.43,2.125,1.062,0.375,0.812,0.062,36.96,14.13
2026,regular,608718,Brent Suter,LAA,13,20.667,10.0,9.0,19.0,3.0,8.0,20.0,83.0,355.0,232.0,3.92,1.306,8.71,3.48,1.31,1.538,1.462,0.692,0.615,0.231,24.1,9.64
2026,regular,670245,Ryan Watson,BOS,14,20.667,14.0,14.0,25.0,4.0,8.0,15.0,96.0,360.0,220.0,6.1,1.597,6.53,3.48,1.74,1.071,1.786,1.0,0.571,0.286,15.62,8.33
2026,regular,690953,Mick Abel,MIN,4,20.333,9.0,9.0,22.0,0.0,10.0,23.0,93.0,357.0,239.0,3.98,1.574,10.18,4.43,0.0,5.75,5.5,2.25,2.5,0.0,24.73,10.75
2026,regular,673540,Kodai Senga,NYM,5,20.0,21.0,20.0,26.0,5.0,13.0,23.0,97.0,367.0,219.0,9.0,1.95,10.35,5.85,2.25,4.6,5.2,4.0,2.6,1.0,23.71,13.4
2026,regular,663372,Ryan Feltner,COL,5,20.0,15.0,14.0,22.0,5.0,8.0,17.0,88.0,326.0,200.0,6.3,1.5,7.65,3.6,2.25,3.4,4.4,2.8,1.6,1.0,19.32,9.09
2026,regular,656794,Sean Newcomb,CHW,15,20.0,8.0,8.0,20.0,0.0,8.0,21.0,86.0,335.0,221.0,3.6,1.4,9.45,3.6,0.0,1.4,1.333,0.533,0.533,0.0,24.42,9.3
2026,regular,623454,Drew Anderson,DET,11,19.333,11.0,11.0,16.0,3.0,9.0,22.0,83.0,327.0,202.0,5.12,1.293,10.24,4.19,1.4,2.0,1.455,1.0,0.818,0.273,26.51,10.84
2026,regular,663558,Jovani Morán,BOS,10,19.333,5.0,5.0,10.0,2.0,11.0,17.0,79.0,289.0,174.0,2.33,1.086,7.91,5.12,0.93,1.7,1.0,0.5,1.1,0.2,21.52,13.92
2026,regular,661563,Luis Gil,NYY,4,19.333,13.0,13.0,15.0,6.0,11.0,9.0,85.0,337.0,193.0,6.05,1.345,4.19,5.12,2.79,2.25,3.75,3.25,2.75,1.5,10.59,12.94
2026,regular,665871,Javier Assad,CHC,5,19.0,16.0,16.0,22.0,3.0,6.0,11.0,84.0,321.0,194.0,7.58,1.474,5.21,2.84,1.42,2.2,4.4,3.2,1.2,0.6,13.1,7.14
2026,regular,518876,Merrill Kelly,ARI,4,19.0,21.0,21.0,29.0,6.0,15.0,14.0,98.0,383.0,218.0,9.95,2.316,6.63,7.11,2.84,3.5,7.25,5.25,3.75,1.5,14.29,15.31
2026,regular,642121,Cole Sulser,TBR,14,18.667,8.0,6.0,19.0,1.0,8.0,15.0,82.0,313.0,187.0,2.89,1.446,7.23,3.86,0.48,1.071,1.357,0.429,0.571,0.071,18.29,9.76
2026,regular,700669,Gordon Graceffo,STL,15,18.667,5.0,4.0,11.0,1.0,7.0,10.0,71.0,255.0,147.0,1.93,0.964,4.82,3.38,0.48,0.667,0.733,0.267,0.467,0.067,14.08,9.86
2026,regular,663687,Hogan Harris,ATH,19,18.667,7.0,6.0,15.0,2.0,16.0,19.0,88.0,364.0,212.0,2.89,1.661,9.16,7.71,0.96,1.0,0.789,0.316,0.842,0.105,21.59,18.18
2026,regular,453286,Max Scherzer,TOR,5,18.667,20.0,20.0,22.0,7.0,8.0,10.0,84.0,343.0,222.0,9.64,1.607,4.82,3.86,3.38,2.0,4.4,4.0,1.6,1.4,11.9,9.52
2026,regular,676760,Ron Marinaccio,SDP,12,18.667,11.0,11.0,22.0,2.0,6.0,13.0,80.0,337.0,206.0,5.3,1.5,6.27,2.89,0.96,1.083,1.833,0.917,0.5,0.167,16.25,7.5
2026,regular,688642,Zach Agnos,COL,10,18.667,15.0,13.0,22.0,2.0,9.0,17.0,86.0,334.0,213.0,6.27,1.661,8.2,4.34,0.96,1.7,2.2,1.3,0.9,0.2,19.77,10.47
2026,regular,680755,Braydon Fisher,TOR,17,18.333,8.0,6.0,14.0,1.0,7.0,18.0,70.0,280.0,186.0,2.95,1.145,8.84,3.44,0.49,1.059,0.824,0.353,0.412,0.059,25.71,10.0
2026,regular,666171,Ryan Zeferjahn,LAA,12,18.333,11.0,10.0,11.0,0.0,9.0,22.0,77.0,319.0,191.0,4.91,1.091,10.8,4.42,0.0,1.833,0.917,0.833,0.75,0.0,28.57,11.69
2026,regular,669330,Tyler Wells,BAL,14,18.333,8.0,7.0,18.0,2.0,4.0,18.0,76.0,289.0,194.0,3.44,1.2,8.84,1.96,0.98,1.286,1.286,0.5,0.286,0.143,23.68,5.26
2026,regular,670970,Adrian Morejon,SDP,15,18.0,13.0,12.0,20.0,2.0,5.0,21.0,79.0,309.0,210.0,6.0,1.389,10.5,2.5,1.0,1.4,1.333,0.8,0.333,0.133,26.58,6.33
2026,regular,676428,Brant Hurter,DET,14,18.0,4.0,3.0,10.0,1.0,4.0,12.0,68.0,238.0,151.0,1.5,0.778,6.0,2.0,0.5,0.857,0.714,0.214,0.286,0.071,17.65,5.88
2026,regular,669199,Lake Bachar,MIA,10,18.0,5.0,5.0,9.0,2.0,7.0,20.0,70.0,290.0,179.0,2.5,0.889,10.0,3.5,1.0,2.0,0.9,0.5,0.7,0.2,28.57,10.0
2026,regular,693686,Spencer Miles,TOR,11,18.0,9.0,7.0,16.0,2.0,5.0,16.0,75.0,290.0,185.0,3.5,1.167,8.0,2.5,1.0,1.455,1.455,0.636,0.455,0.182,21.33,6.67
2026,regular,641835,Tim Mayza,PHI,15,18.0,8.0,7.0,12.0,2.0,7.0,18.0,75.0,294.0,188.0,3.5,1.056,9.0,3.5,1.0,1.2,0.8,0.467,0.467,0.133,24.0,9.33
2026,regular,683175,Connor Phillips,CIN,17,17.667,6.0,6.0,9.0,1.0,19.0,19.0,82.0,342.0,197.0,3.06,1.585,9.68,9.68,0.51,1.118,0.529,0.353,1.118,0.059,23.17,23.17
2026,regular,668933,Graham Ashcraft,CIN,17,17.667,3.0,2.0,11.0,0.0,12.0,19.0,71.0,289.0,181.0,1.02,1.302,9.68,6.11,0.0,1.118,0.647,0.118,0.706,0.0,26.76,16.9
2026,regular,656641,Jacob Latz,TEX,14,17.667,2.0,2.0,5.0,1.0,3.0,15.0,62.0,269.0,171.0,1.02,0.453,7.64,1.53,0.51,1.071,0.357,0.143,0.214,0.071,24.19,4.84
2026,regular,686993,Justin Sterner,ATH,16,17.667,11.0,9.0,20.0,3.0,6.0,20.0,79.0,306.0,200.0,4.58,1.472,10.19,3.06,1.53,1.25,1.25,0.562,0.375,0.188,25.32,7.59
2026,regular,694335,Matt Svanson,STL,16,17.667,19.0,19.0,24.0,4.0,12.0,16.0,88.0,333.0,197.0,9.68,2.038,8.15,6.11,2.04,1.0,1.5,1.188,0.75,0.25,18.18,13.64
2026,regular,801139,Payton Tolle,BOS,3,17.667,6.0,4.0,7.0,1.0,6.0,23.0,67.0,244.0,164.0,2.04,0.736,11.72,3.06,0.51,7.667,2.333,1.333,2.0,0.333,34.33,8.96
2026,regular,702275,JR Ritchie,ATL,3,17.333,8.0,7.0,14.0,4.0,12.0,13.0,75.0,279.0,157.0,3.63,1.5,6.75,6.23,2.08,4.333,4.667,2.333,4.0,1.333,17.33,16.0
2026,regular,675848,Juan Mejia,COL,14,17.333,10.0,10.0,21.0,2.0,7.0,22.0,78.0,330.0,216.0,5.19,1.615,11.42,3.63,1.04,1.571,1.5,0.714,0.5,0.143,28.21,8.97
2026,regular,676571,PJ Poulin,WSN,17,17.333,7.0,7.0,14.0,3.0,9.0,12.0,74.0,310.0,195.0,3.63,1.327,6.23,4.67,1.56,0.706,0.824,0.412,0.529,0.176,16.22,12.16
2026,regular,672782,Yoendrys Gómez,TBR,9,17.333,13.0,12.0,19.0,5.0,10.0,13.0,82.0,298.0,183.0,6.23,1.673,6.75,5.19,2.6,1.444,2.111,1.333,1.111,0.556,15.85,12.2
2026,regular,687396,Brent Headrick,NYY,18,17.0,4.0,3.0,17.0,0.0,6.0,17.0,73.0,267.0,178.0,1.59,1.353,9.0,3.18,0.0,0.944,0.944,0.167,0.333,0.0,23.29,8.22
2026,regular,681982,Grant Anderson,MIL,18,17.0,7.0,6.0,12.0,2.0,6.0,15.0,64.0,246.0,163.0,3.18,1.059,7.94,3.18,1.06,0.833,0.667,0.333,0.333,0.111,23.44,9.38
2026,regular,642397,Gregory Soto,PIT,17,17.0,3.0,3.0,6.0,1.0,6.0,23.0,63.0,263.0,164.0,1.59,0.706,12.18,3.18,0.53,1.353,0.353,0.176,0.353,0.059,36.51,9.52
2026,regular,668941,JoJo Romero,STL,17,17.0,7.0,7.0,15.0,3.0,7.0,13.0,71.0,294.0,178.0,3.71,1.294,6.88,3.71,1.59,0.765,0.882,0.412,0.412,0.176,18.31,9.86
2026,regular,678606,Jose A. Ferrer,SEA,18,17.0,5.0,4.0,23.0,0.0,3.0,13.0,78.0,269.0,187.0,2.12,1.529,6.88,1.59,0.0,0.722,1.278,0.222,0.167,0.0,16.67,3.85
2026,regular,677865,Justin Bruihl,STL,18,17.0,12.0,10.0,13.0,1.0,12.0,9.0,78.0,316.0,184.0,5.29,1.471,4.76,6.35,0.53,0.5,0.722,0.556,0.667,0.056,11.54,15.38
2026,regular,686973,Louis Varland,TOR,16,17.0,4.0,1.0,13.0,0.0,5.0,28.0,65.0,295.0,190.0,0.53,1.059,14.82,2.65,0.0,1.75,0.812,0.062,0.312,0.0,43.08,7.69
2026,regular,670036,Matt Festa,CLE,15,17.0,10.0,9.0,15.0,3.0,4.0,15.0,72.0,251.0,164.0,4.76,1.118,7.94,2.12,1.59,1.0,1.0,0.6,0.267,0.2,20.83,5.56
2026,regular,676617,Riley O'Brien,STL,17,17.0,5.0,4.0,15.0,0.0,1.0,19.0,67.0,257.0,169.0,2.12,0.941,10.06,0.53,0.0,1.118,0.882,0.235,0.059,0.0,28.36,1.49
2026,regular,696147,Sam Bachman,LAA,12,17.0,6.0,6.0,10.0,1.0,10.0,18.0,68.0,267.0,154.0,3.18,1.176,9.53,5.29,0.53,1.5,0.833,0.5,0.833,0.083,26.47,14.71
2026,regular,699134,Bradgley Rodriguez,SDP,14,16.667,3.0,3.0,13.0,0.0,5.0,12.0,67.0,260.0,175.0,1.62,1.08,6.48,2.7,0.0,0.857,0.929,0.214,0.357,0.0,17.91,7.46
2026,regular,669276,Dylan Lee,ATL,17,16.667,2.0,2.0,6.0,0.0,2.0,20.0,58.0,234.0,164.0,1.08,0.48,10.8,1.08,0.0,1.176,0.353,0.118,0.118,0.0,34.48,3.45
2026,regular,691799,Grant Taylor,CHW,13,16.667,7.0,5.0,17.0,0.0,6.0,25.0,73.0,307.0,208.0,2.7,1.38,13.5,3.24,0.0,1.923,1.308,0.385,0.462,0.0,34.25,8.22
2026,regular,571948,Hoby Milner,CHC,17,16.667,4.0,4.0,11.0,2.0,5.0,5.0,65.0,241.0,158.0,2.16,0.96,2.7,2.7,1.08,0.294,0.647,0.235,0.294,0.118,7.69,7.69
2026,regular,623211,Huascar Brazobán,NYM,15,16.667,2.0,2.0,11.0,1.0,3.0,13.0,63.0,242.0,161.0,1.08,0.84,7.02,1.62,0.54,0.867,0.733,0.133,0.2,0.067,20.63,4.76
2026,regular,693855,Ian Seymour,TBR,15,16.667,10.0,10.0,17.0,1.0,7.0,19.0,73.0,283.0,190.0,5.4,1.44,10.26,3.78,0.54,1.267,1.133,0.667,0.467,0.067,26.03,9.59
2026,regular,676755,Isaac Mattson,PIT,17,16.667,7.0,7.0,15.0,0.0,9.0,12.0,72.0,293.0,184.0,3.78,1.44,6.48,4.86,0.0,0.706,0.882,0.412,0.529,0.0,16.67,12.5
2026,regular,640448,Kyle Finnegan,DET,16,16.667,1.0,1.0,10.0,1.0,10.0,13.0,66.0,266.0,159.0,0.54,1.2,7.02,5.4,0.54,0.812,0.625,0.062,0.625,0.062,19.7,15.15
2026,regular,606996,Kyle Hart,SDP,12,16.667,10.0,10.0,12.0,0.0,6.0,10.0,68.0,259.0,165.0,5.4,1.08,5.4,3.24,0.0,0.833,1.0,0.833,0.5,0.0,14.71,8.82
2026,regular,641312,Shaun Anderson,LAA,9,16.667,13.0,11.0,17.0,3.0,8.0,12.0,73.0,284.0,168.0,5.94,1.5,6.48,4.32,1.62,1.333,1.889,1.222,0.889,0.333,16.44,10.96
2026,regular,700249,Cade Povich,BAL,3,16.333,8.0,8.0,16.0,3.0,5.0,11.0,68.0,261.0,164.0,4.41,1.286,6.06,2.76,1.65,3.667,5.333,2.667,1.667,1.0,16.18,7.35
2026,regular,663765,Jake Woodford,MIL,11,16.333,8.0,8.0,21.0,1.0,3.0,14.0,73.0,255.0,172.0,4.41,1.469,7.71,1.65,0.55,1.273,1.909,0.727,0.273,0.091,19.18,4.11
2026,regular,660761,José Suarez,ATL,8,16.333,12.0,12.0,22.0,0.0,12.0,21.0,79.0,328.0,202.0,6.61,2.082,11.57,6.61,0.0,2.625,2.75,1.5,1.5,0.0,26.58,15.19
2026,regular,695243,Mason Miller,SDP,16,16.333,2.0,2.0,7.0,0.0,3.0,32.0,58.0,230.0,163.0,1.1,0.612,17.63,1.65,0.0,2.0,0.438,0.125,0.188,0.0,55.17,5.17
2026,regular,674370,Osvaldo Bido,CHW,10,16.333,13.0,13.0,15.0,3.0,10.0,11.0,72.0,290.0,179.0,7.16,1.531,6.06,5.51,1.65,1.1,1.5,1.3,1.0,0.3,15.28,13.89
2026,regular,664199,Taylor Clarke,ARI,16,16.333,6.0,5.0,11.0,1.0,2.0,8.0,63.0,228.0,143.0,2.76,0.796,4.41,1.1,0.55,0.5,0.688,0.312,0.125,0.062,12.7,3.17
2026,regular,667297,Tommy Nance,TOR,16,16.333,8.0,8.0,13.0,1.0,6.0,20.0,67.0,239.0,165.0,4.41,1.163,11.02,3.31,0.55,1.25,0.812,0.5,0.375,0.062,29.85,8.96
2026,regular,643511,Tyler Rogers,TOR,16,16.333,2.0,1.0,8.0,0.0,4.0,10.0,62.0,198.0,143.0,0.55,0.735,5.51,2.2,0.0,0.625,0.5,0.062,0.25,0.0,16.13,6.45
2026,regular,656271,Brock Burke,CIN,17,16.0,9.0,6.0,16.0,0.0,8.0,20.0,72.0,284.0,175.0,3.38,1.5,11.25,4.5,0.0,1.176,0.941,0.353,0.471,0.0,27.78,11.11
2026,regular,663542,Bryan Hudson,CHW,17,16.0,3.0,2.0,14.0,0.0,8.0,20.0,69.0,307.0,195.0,1.12,1.375,11.25,4.5,0.0,1.176,0.824,0.118,0.471,0.0,28.99,11.59
2026,regular,668873,Caleb Kilian,SFG,15,16.0,3.0,2.0,8.0,2.0,8.0,18.0,64.0,232.0,149.0,1.12,1.0,10.12,4.5,1.12,1.2,0.533,0.133,0.533,0.133,28.12,12.5
2026,regular,672335,Cionel Pérez,WSN,16,16.0,12.0,11.0,16.0,2.0,11.0,9.0,73.0,295.0,173.0,6.19,1.688,5.06,6.19,1.12,0.562,1.0,0.688,0.688,0.125,12.33,15.07
2026,regular,669084,DL Hall,MIL,14,16.0,3.0,3.0,9.0,1.0,11.0,19.0,67.0,294.0,173.0,1.69,1.25,10.69,6.19,0.56,1.357,0.643,0.214,0.786,0.071,28.36,16.42
2026,regular,664141,JT Brubaker,SFG,11,16.0,4.0,4.0,14.0,1.0,9.0,12.0,67.0,259.0,161.0,2.25,1.438,6.75,5.06,0.56,1.091,1.273,0.364,0.818,0.091,17.91,13.43
2026,regular,601713,Nick Pivetta,SDP,4,16.0,8.0,8.0,12.0,0.0,6.0,24.0,66.0,283.0,184.0,4.5,1.125,13.5,3.38,0.0,6.0,3.0,2.0,1.5,0.0,36.36,9.09
2026,regular,641755,Tyler Kinley,ATL,17,16.0,6.0,5.0,11.0,2.0,8.0,18.0,67.0,274.0,172.0,2.81,1.188,10.12,4.5,1.12,1.059,0.647,0.294,0.471,0.118,26.87,11.94
2026,regular,593974,Wandy Peralta,SDP,15,16.0,6.0,6.0,17.0,3.0,6.0,14.0,69.0,284.0,180.0,3.38,1.438,7.88,3.38,1.69,0.933,1.133,0.4,0.4,0.2,20.29,8.7
2026,regular,544150,Albert Suárez,BAL,6,15.667,10.0,6.0,11.0,3.0,9.0,9.0,66.0,257.0,150.0,3.45,1.277,5.17,5.17,1.72,1.5,1.833,1.0,1.5,0.5,13.64,13.64
2026,regular,660825,Eduard Bazardo,SEA,17,15.667,2.0,2.0,11.0,0.0,5.0,12.0,61.0,244.0,162.0,1.15,1.021,6.89,2.87,0.0,0.706,0.647,0.118,0.294,0.0,19.67,8.2
2026,regular,679358,Eric Orze,MIN,14,15.667,8.0,8.0,14.0,0.0,8.0,15.0,67.0,268.0,171.0,4.6,1.404,8.62,4.6,0.0,1.071,1.0,0.571,0.571,0.0,22.39,11.94
2026,regular,671212,Joe Boyle,TBR,3,15.667,11.0,9.0,11.0,1.0,6.0,16.0,66.0,263.0,165.0,5.17,1.085,9.19,3.45,0.57,5.333,3.667,3.0,2.0,0.333,24.24,9.09
2026,regular,667463,John King,MIA,17,15.667,1.0,1.0,3.0,1.0,5.0,14.0,56.0,199.0,132.0,0.57,0.511,8.04,2.87,0.57,0.824,0.176,0.059,0.294,0.059,25.0,8.93
2026,regular,666661,Juan Morillo,ARI,16,15.667,4.0,4.0,9.0,1.0,4.0,19.0,61.0,251.0,163.0,2.3,0.83,10.91,2.3,0.57,1.188,0.562,0.25,0.25,0.062,31.15,6.56
2026,regular,605130,Scott Barlow,ATH,15,15.667,8.0,7.0,7.0,2.0,8.0,13.0,65.0,241.0,143.0,4.02,0.957,7.47,4.6,1.15,0.867,0.467,0.467,0.533,0.133,20.0,12.31
2026,regular,595345,Steven Okert,HOU,18,15.667,8.0,8.0,15.0,2.0,7.0,11.0,67.0,256.0,168.0,4.6,1.404,6.32,4.02,1.15,0.611,0.833,0.444,0.389,0.111,16.42,10.45
2026,regular,641302,Tyler Alexander,TEX,15,15.667,4.0,3.0,18.0,0.0,3.0,12.0,67.0,249.0,162.0,1.72,1.34,6.89,1.72,0.0,0.8,1.2,0.2,0.2,0.0,17.91,4.48
2026,regular,689296,Anthony Nunez,BAL,15,15.333,11.0,7.0,14.0,2.0,5.0,18.0,67.0,235.0,155.0,4.11,1.239,10.57,2.93,1.17,1.2,0.933,0.467,0.333,0.133,26.87,7.46
2026,regular,671922,Cade Smith,CLE,15,15.333,7.0,6.0,16.0,1.0,4.0,18.0,65.0,292.0,191.0,3.52,1.304,10.57,2.35,0.59,1.2,1.067,0.4,0.267,0.067,27.69,6.15
2026,regular,681867,Cooper Criswell,SEA,12,15.333,5.0,4.0,11.0,3.0,3.0,14.0,56.0,223.0,148.0,2.35,0.913,8.22,1.76,1.76,1.167,0.917,0.333,0.25,0.25,25.0,5.36
2026,regular,666277,George Soriano,STL,16,15.333,7.0,6.0,9.0,1.0,9.0,13.0,66.0,267.0,172.0,3.52,1.174,7.63,5.28,0.59,0.812,0.562,0.375,0.562,0.062,19.7,13.64
2026,regular,676263,Jack Dreyer,LAD,15,15.333,5.0,5.0,11.0,1.0,5.0,19.0,61.0,249.0,164.0,2.93,1.043,11.15,2.93,0.59,1.267,0.733,0.333,0.333,0.067,31.15,8.2
2026,regular,596001,Jakob Junis,TEX,14,15.333,3.0,3.0,7.0,0.0,4.0,6.0,58.0,195.0,136.0,1.76,0.717,3.52,2.35,0.0,0.429,0.5,0.214,0.286,0.0,10.34,6.9
2026,regular,673929,Jordan Leasure,CHW,15,15.333,12.0,11.0,12.0,5.0,8.0,15.0,65.0,257.0,162.0,6.46,1.304,8.8,4.7,2.93,1.0,0.8,0.733,0.533,0.333,23.08,12.31
2026,regular,623437,Justin Topa,MIN,19,15.333,9.0,8.0,19.0,3.0,6.0,9.0,67.0,250.0,159.0,4.7,1.63,5.28,3.52,1.76,0.474,1.0,0.421,0.316,0.158,13.43,8.96
2026,regular,663567,Peter Lambert,HOU,3,15.333,6.0,6.0,12.0,0.0,7.0,19.0,66.0,277.0,175.0,3.52,1.239,11.15,4.11,0.0,6.333,4.0,2.0,2.333,0.0,28.79,10.61
2026,regular,702193,Andrew Morris,MIN,6,15.0,8.0,8.0,18.0,1.0,4.0,13.0,66.0,267.0,179.0,4.8,1.467,7.8,2.4,0.6,2.167,3.0,1.333,0.667,0.167,19.7,6.06
2026,regular,664875,Justin Lawrence,PIT,15,15.0,10.0,8.0,12.0,3.0,5.0,16.0,64.0,243.0,152.0,4.8,1.133,9.6,3.0,1.8,1.067,0.8,0.533,0.333,0.2,25.0,7.81
2026,regular,656464,Kevin Ginkel,ARI,15,15.0,6.0,6.0,13.0,1.0,4.0,18.0,62.0,247.0,157.0,3.6,1.133,10.8,2.4,0.6,1.2,0.867,0.4,0.267,0.067,29.03,6.45
2026,regular,592773,Ryne Stanek,STL,17,15.0,13.0,12.0,18.0,1.0,13.0,20.0,76.0,346.0,208.0,7.2,2.067,12.0,7.8,0.6,1.176,1.059,0.706,0.765,0.059,26.32,17.11
2026,regular,656638,Alex Lange,KCR,13,14.667,11.0,10.0,14.0,2.0,10.0,19.0,67.0,286.0,172.0,6.14,1.636,11.66,6.14,1.23,1.462,1.077,0.769,0.769,0.154,28.36,14.93
2026,regular,641745,Brad Keller,PHI,15,14.667,7.0,7.0,12.0,2.0,4.0,15.0,59.0,241.0,156.0,4.3,1.091,9.2,2.45,1.23,1.0,0.8,0.467,0.267,0.133,25.42,6.78
2026,regular,687064,Brandon Young,BAL,3,14.667,13.0,10.0,19.0,3.0,5.0,9.0,68.0,241.0,155.0,6.14,1.636,5.52,3.07,1.84,3.0,6.333,3.333,1.667,1.0,13.24,7.35
2026,regular,642701,Dennis Santana,PIT,15,14.667,6.0,5.0,9.0,2.0,8.0,10.0,61.0,240.0,149.0,3.07,1.159,6.14,4.91,1.23,0.667,0.6,0.333,0.533,0.133,16.39,13.11
2026,regular,681870,Erik Sabrowski,CLE,17,14.667,4.0,4.0,7.0,1.0,6.0,24.0,57.0,245.0,159.0,2.45,0.886,14.73,3.68,0.61,1.412,0.412,0.235,0.353,0.059,42.11,10.53
2026,regular,656222,Jalen Beeks,TEX,15,14.667,3.0,3.0,11.0,2.0,3.0,14.0,57.0,223.0,144.0,1.84,0.955,8.59,1.84,1.23,0.933,0.733,0.2,0.2,0.133,24.56,5.26
2026,regular,656546,Jeff Hoffman,TOR,16,14.667,12.0,10.0,20.0,2.0,7.0,28.0,73.0,279.0,188.0,6.14,1.841,17.18,4.3,1.23,1.75,1.25,0.625,0.438,0.125,38.36,9.59
2026,regular,642528,Jonathan Loáisiga,ARI,16,14.667,6.0,6.0,15.0,1.0,3.0,12.0,61.0,247.0,152.0,3.68,1.227,7.36,1.84,0.61,0.75,0.938,0.375,0.188,0.062,19.67,4.92
2026,regular,676775,Keaton Winn,SFG,15,14.667,4.0,4.0,7.0,0.0,5.0,13.0,54.0,210.0,137.0,2.45,0.818,7.98,3.07,0.0,0.867,0.467,0.267,0.333,0.0,24.07,9.26
2026,regular,687330,Kevin Kelly,TBR,14,14.667,8.0,6.0,7.0,1.0,4.0,13.0,55.0,218.0,144.0,3.68,0.75,7.98,2.45,0.61,0.929,0.5,0.429,0.286,0.071,23.64,7.27
2026,regular,688883,Peyton Pallette,CLE,11,14.667,8.0,8.0,11.0,1.0,11.0,15.0,67.0,301.0,174.0,4.91,1.5,9.2,6.75,0.61,1.364,1.0,0.727,1.0,0.091,22.39,16.42
2026,regular,670329,Rico Garcia,BAL,16,14.667,1.0,1.0,1.0,1.0,4.0,16.0,49.0,191.0,124.0,0.61,0.341,9.82,2.45,0.61,1.0,0.062,0.062,0.25,0.062,32.65,8.16
2026,regular,663158,Robert Suarez,ATL,15,14.667,1.0,1.0,12.0,0.0,2.0,14.0,56.0,210.0,139.0,0.61,0.955,8.59,1.23,0.0,0.933,0.8,0.067,0.133,0.0,25.0,3.57
2026,regular,594580,Sam Moll,CIN,15,14.667,5.0,3.0,7.0,1.0,9.0,14.0,63.0,255.0,145.0,1.84,1.091,8.59,5.52,0.61,0.933,0.467,0.2,0.6,0.067,22.22,14.29
2026,regular,663574,Tony Santillan,CIN,15,14.667,4.0,4.0,10.0,2.0,9.0,15.0,59.0,219.0,134.0,2.45,1.295,9.2,5.52,1.23,1.0,0.667,0.267,0.6,0.133,25.42,15.25
2026,regular,663947,Tyler Holton,DET,15,14.667,8.0,8.0,20.0,2.0,8.0,11.0,70.0,282.0,170.0,4.91,1.909,6.75,4.91,1.23,0.733,1.333,0.533,0.533,0.133,15.71,11.43
2026,regular,694361,Will Klein,LAD,10,14.667,5.0,5.0,15.0,0.0,5.0,15.0,62.0,239.0,159.0,3.07,1.364,9.2,3.07,0.0,1.5,1.5,0.5,0.5,0.0,24.19,8.06
2026,regular,657514,Brennan Bernardino,COL,16,14.333,4.0,3.0,13.0,1.0,3.0,12.0,57.0,229.0,149.0,1.88,1.116,7.53,1.88,0.63,0.75,0.812,0.188,0.188,0.062,21.05,5.26
2026,regular,668984,Casey Legumina,TBR,11,14.333,6.0,6.0,19.0,0.0,4.0,10.0,65.0,254.0,158.0,3.77,1.605,6.28,2.51,0.0,0.909,1.727,0.545,0.364,0.0,15.38,6.15
2026,regular,676477,Garrett Whitlock,BOS,14,14.333,7.0,6.0,13.0,2.0,6.0,17.0,62.0,254.0,165.0,3.77,1.326,10.67,3.77,1.26,1.214,0.929,0.429,0.429,0.143,27.42,9.68
2026,regular,668674,Lucas Erceg,KCR,15,14.333,7.0,6.0,10.0,0.0,10.0,13.0,58.0,258.0,151.0,3.77,1.395,8.16,6.28,0.0,0.867,0.667,0.4,0.667,0.0,22.41,17.24
2026,regular,596133,Luke Weaver,NYM,14,14.333,8.0,8.0,11.0,2.0,4.0,13.0,58.0,225.0,148.0,5.02,1.047,8.16,2.51,1.26,0.929,0.786,0.571,0.286,0.143,22.41,6.9
2026,regular,663992,Richard Lovelady,WSN,13,14.333,6.0,4.0,15.0,1.0,9.0,13.0,65.0,237.0,153.0,2.51,1.674,8.16,5.65,0.63,1.0,1.154,0.308,0.692,0.077,20.0,13.85
2026,regular,656945,Tanner Scott,LAD,16,14.333,3.0,3.0,8.0,2.0,2.0,15.0,52.0,195.0,143.0,1.88,0.698,9.42,1.26,1.26,0.938,0.5,0.188,0.125,0.125,28.85,3.85
2026,regular,662253,Andrés Muñoz,SEA,15,14.0,10.0,9.0,13.0,2.0,6.0,23.0,61.0,249.0,156.0,5.79,1.357,14.79,3.86,1.29,1.533,0.867,0.6,0.4,0.133,37.7,9.84
2026,regular,607455,Anthony Banda,MIN,16,14.0,15.0,14.0,16.0,2.0,5.0,13.0,67.0,257.0,155.0,9.0,1.5,8.36,3.21,1.29,0.812,1.0,0.875,0.312,0.125,19.4,7.46
2026,regular,641401,Connor Brogdon,CLE,14,14.0,10.0,7.0,12.0,3.0,2.0,13.0,60.0,231.0,143.0,4.5,1.0,8.36,1.29,1.93,0.929,0.857,0.5,0.143,0.214,21.67,3.33
2026,regular,687570,Connor Prielipp,MIN,3,14.0,6.0,6.0,8.0,2.0,5.0,15.0,56.0,257.0,160.0,3.86,0.929,9.64,3.21,1.29,5.0,2.667,2.0,1.667,0.667,26.79,8.93
2026,regular,641941,Emilio Pagán,CIN,14,14.0,10.0,10.0,14.0,3.0,6.0,11.0,62.0,228.0,139.0,6.43,1.429,7.07,3.86,1.93,0.786,1.0,0.714,0.429,0.214,17.74,9.68
2026,regular,660853,Enyel De Los Santos,HOU,13,14.0,8.0,8.0,15.0,1.0,4.0,12.0,61.0,237.0,160.0,5.14,1.357,7.71,2.57,0.64,0.923,1.154,0.615,0.308,0.077,19.67,6.56
2026,regular,643377,Griffin Jax,TBR,13,14.0,11.0,8.0,12.0,3.0,9.0,14.0,62.0,263.0,160.0,5.14,1.5,9.0,5.79,1.93,1.077,0.923,0.615,0.692,0.231,22.58,14.52
2026,regular,623474,Jimmy Herget,COL,13,14.0,7.0,7.0,15.0,1.0,3.0,14.0,60.0,245.0,168.0,4.5,1.286,9.0,1.93,0.64,1.077,1.154,0.538,0.231,0.077,23.33,5.0
2026,regular,643410,Mark Leiter Jr.,ATH,16,14.0,9.0,9.0,18.0,2.0,5.0,15.0,65.0,245.0,158.0,5.79,1.643,9.64,3.21,1.29,0.938,1.125,0.562,0.312,0.125,23.08,7.69
2026,regular,657424,Matt Gage,SFG,16,14.0,3.0,2.0,7.0,1.0,9.0,9.0,56.0,229.0,135.0,1.29,1.143,5.79,5.79,0.64,0.562,0.438,0.125,0.562,0.062,16.07,16.07
2026,regular,621112,Paul Blackburn,NYY,9,14.0,6.0,5.0,15.0,0.0,4.0,9.0,60.0,221.0,140.0,3.21,1.357,5.79,2.57,0.0,1.0,1.667,0.556,0.444,0.0,15.0,6.67
2026,regular,685299,Tanner Gordon,COL,4,14.0,10.0,10.0,16.0,5.0,4.0,17.0,61.0,235.0,153.0,6.43,1.429,10.93,2.57,3.21,4.25,4.0,2.5,1.0,1.25,27.87,6.56
2026,regular,657612,Tim Hill,NYY,15,14.0,2.0,2.0,7.0,1.0,2.0,6.0,48.0,154.0,114.0,1.29,0.643,3.86,1.29,0.64,0.4,0.467,0.133,0.133,0.067,12.5,4.17
2026,regular,641329,Bryan Baker,TBR,15,13.667,4.0,4.0,9.0,1.0,3.0,15.0,53.0,227.0,154.0,2.63,0.878,9.88,1.98,0.66,1.0,0.6,0.267,0.2,0.067,28.3,5.66
2026,regular,687911,Bryan King,HOU,12,13.667,7.0,5.0,13.0,0.0,5.0,13.0,60.0,226.0,151.0,3.29,1.317,8.56,3.29,0.0,1.083,1.083,0.417,0.417,0.0,21.67,8.33
2026,regular,668390,Cole Winn,TEX,15,13.667,8.0,8.0,12.0,3.0,6.0,16.0,60.0,245.0,158.0,5.27,1.317,10.54,3.95,1.98,1.067,0.8,0.533,0.4,0.2,26.67,10.0
2026,regular,663738,Daniel Lynch IV,KCR,13,13.667,6.0,3.0,5.0,1.0,3.0,18.0,51.0,197.0,128.0,1.98,0.585,11.85,1.98,0.66,1.385,0.385,0.231,0.231,0.077,35.29,5.88
2026,regular,670280,David Bednar,NYY,14,13.667,8.0,5.0,17.0,0.0,5.0,16.0,65.0,273.0,185.0,3.29,1.61,10.54,3.29,0.0,1.143,1.214,0.357,0.357,0.0,24.62,7.69
2026,regular,669711,Greg Weissert,BOS,15,13.667,9.0,8.0,17.0,4.0,4.0,18.0,62.0,238.0,158.0,5.27,1.537,11.85,2.63,2.63,1.2,1.133,0.533,0.267,0.267,29.03,6.45
2026,regular,573009,Joe Mantiply,TOR,13,13.667,4.0,4.0,14.0,1.0,3.0,16.0,57.0,203.0,140.0,2.63,1.244,10.54,1.98,0.66,1.231,1.077,0.308,0.231,0.077,28.07,5.26
2026,regular,663855,Jordan Hicks,CHW,15,13.667,6.0,6.0,16.0,0.0,12.0,8.0,66.0,233.0,142.0,3.95,2.049,5.27,7.9,0.0,0.533,1.067,0.4,0.8,0.0,12.12,18.18
2026,regular,621381,Matt Strahm,KCR,14,13.667,5.0,5.0,10.0,2.0,6.0,14.0,58.0,234.0,157.0,3.29,1.171,9.22,3.95,1.32,1.0,0.714,0.357,0.429,0.143,24.14,10.34
2026,regular,663362,Matt Waldron,SDP,3,13.667,15.0,15.0,22.0,3.0,5.0,8.0,69.0,246.0,161.0,9.88,1.976,5.27,3.29,1.98,2.667,7.333,5.0,1.667,1.0,11.59,7.25
2026,regular,676254,Ryan Walker,SFG,14,13.667,8.0,7.0,14.0,1.0,7.0,13.0,61.0,240.0,154.0,4.61,1.537,8.56,4.61,0.66,0.929,1.0,0.5,0.5,0.071,21.31,11.48
2026,regular,622554,Seranthony Domínguez,CHW,15,13.667,8.0,6.0,8.0,3.0,9.0,17.0,60.0,257.0,152.0,3.95,1.244,11.2,5.93,1.98,1.133,0.533,0.4,0.6,0.2,28.33,15.0
2026,regular,573124,Taylor Rogers,MIN,15,13.667,8.0,8.0,18.0,0.0,6.0,10.0,63.0,235.0,145.0,5.27,1.756,6.59,3.95,0.0,0.667,1.2,0.533,0.4,0.0,15.87,9.52
2026,regular,680767,Victor Vodnik,COL,13,13.667,12.0,11.0,19.0,2.0,8.0,12.0,66.0,249.0,147.0,7.24,1.976,7.9,5.27,1.32,0.923,1.462,0.846,0.615,0.154,18.18,12.12
2026,regular,677961,Cole Wilcox,SEA,11,13.333,8.0,8.0,17.0,1.0,12.0,15.0,70.0,270.0,174.0,5.4,2.175,10.12,8.1,0.67,1.364,1.545,0.727,1.091,0.091,21.43,17.14
2026,regular,688158,David Morgan,SDP,11,13.333,10.0,9.0,17.0,2.0,11.0,15.0,68.0,259.0,161.0,6.08,2.1,10.13,7.43,1.35,1.364,1.545,0.818,1.0,0.182,22.06,16.18
2026,regular,681402,Gus Varland,WSN,14,13.333,5.0,5.0,15.0,1.0,3.0,14.0,58.0,205.0,143.0,3.38,1.35,9.45,2.02,0.67,1.0,1.071,0.357,0.214,0.071,24.14,5.17
2026,regular,678022,Jack Perkins,ATH,8,13.333,4.0,4.0,11.0,0.0,3.0,17.0,55.0,208.0,145.0,2.7,1.05,11.47,2.02,0.0,2.125,1.375,0.5,0.375,0.0,30.91,5.45
2026,regular,681892,Kody Funderburk,MIN,16,13.333,3.0,3.0,8.0,1.0,10.0,8.0,58.0,217.0,120.0,2.02,1.35,5.4,6.75,0.67,0.5,0.5,0.188,0.625,0.062,13.79,17.24
2026,regular,682254,Mason Montgomery,PIT,14,13.333,5.0,5.0,11.0,1.0,7.0,22.0,58.0,234.0,153.0,3.38,1.35,14.85,4.73,0.68,1.571,0.786,0.357,0.5,0.071,37.93,12.07
2026,regular,680730,Mitchell Parker,WSN,6,13.333,6.0,6.0,11.0,1.0,4.0,12.0,55.0,202.0,132.0,4.05,1.125,8.1,2.7,0.67,2.0,1.833,1.0,0.667,0.167,21.82,7.27
2026,regular,657044,Ryan Thompson,ARI,18,13.333,6.0,5.0,9.0,2.0,6.0,7.0,54.0,173.0,112.0,3.38,1.125,4.72,4.05,1.35,0.389,0.5,0.278,0.333,0.111,12.96,11.11
2026,regular,621383,Tanner Banks,PHI,14,13.333,10.0,9.0,22.0,1.0,8.0,16.0,70.0,278.0,182.0,6.07,2.25,10.8,5.4,0.67,1.143,1.571,0.643,0.571,0.071,22.86,11.43
2026,regular,669622,Anthony Bender,MIA,15,13.0,7.0,7.0,11.0,0.0,8.0,16.0,60.0,235.0,150.0,4.85,1.462,11.08,5.54,0.0,1.067,0.733,0.467,0.533,0.0,26.67,13.33
2026,regular,676534,Calvin Faucher,MIA,15,13.0,10.0,6.0,9.0,0.0,12.0,15.0,60.0,230.0,138.0,4.15,1.615,10.38,8.31,0.0,1.0,0.6,0.4,0.8,0.0,25.0,20.0
2026,regular,666808,Camilo Doval,NYY,15,13.0,9.0,9.0,11.0,3.0,3.0,15.0,55.0,205.0,131.0,6.23,1.077,10.38,2.08,2.08,1.0,0.733,0.6,0.2,0.2,27.27,5.45
2026,regular,572955,Pierce Johnson,CIN,15,13.0,6.0,6.0,15.0,2.0,4.0,13.0,57.0,212.0,134.0,4.15,1.462,9.0,2.77,1.38,0.867,1.0,0.4,0.267,0.133,22.81,7.02
2026,regular,675660,Shane Drohan,MIL,5,13.0,8.0,6.0,13.0,0.0,6.0,10.0,59.0,227.0,143.0,4.15,1.462,6.92,4.15,0.0,2.0,2.6,1.2,1.2,0.0,16.95,10.17
2026,regular,672582,Angel Zerpa,MIL,12,12.667,11.0,9.0,16.0,2.0,6.0,8.0,55.0,216.0,137.0,6.39,1.737,5.68,4.26,1.42,0.667,1.333,0.75,0.5,0.167,14.55,10.91
2026,regular,548384,Brooks Raley,NYM,14,12.667,2.0,2.0,7.0,1.0,4.0,16.0,49.0,186.0,120.0,1.42,0.868,11.37,2.84,0.71,1.143,0.5,0.143,0.286,0.071,32.65,8.16
2026,regular,519141,Drew Pomeranz,LAA,14,12.667,12.0,12.0,15.0,4.0,7.0,10.0,60.0,192.0,125.0,8.53,1.737,7.11,4.97,2.84,0.714,1.071,0.857,0.5,0.286,16.67,11.67
2026,regular,518585,Fernando Cruz,NYY,16,12.667,4.0,4.0,10.0,2.0,9.0,19.0,56.0,235.0,141.0,2.84,1.5,13.5,6.39,1.42,1.188,0.625,0.25,0.562,0.125,33.93,16.07
2026,regular,657097,Jacob Webb,CHC,14,12.667,9.0,6.0,16.0,3.0,7.0,15.0,59.0,249.0,157.0,4.26,1.816,10.66,4.97,2.13,1.071,1.143,0.429,0.5,0.214,25.42,11.86
2026,regular,677955,Jaden Hill,COL,15,12.667,6.0,6.0,14.0,1.0,9.0,15.0,62.0,235.0,148.0,4.26,1.816,10.66,6.39,0.71,1.0,0.933,0.4,0.6,0.067,24.19,14.52
2026,regular,669270,Joel Kuhnel,ATH,12,12.667,3.0,3.0,10.0,0.0,4.0,5.0,49.0,159.0,100.0,2.13,1.105,3.55,2.84,0.0,0.417,0.833,0.25,0.333,0.0,10.2,8.16
2026,regular,665622,Luis Medina,ATH,9,12.667,4.0,3.0,9.0,1.0,7.0,11.0,54.0,220.0,127.0,2.13,1.263,7.82,4.97,0.71,1.222,1.0,0.333,0.778,0.111,20.37,12.96
2026,regular,669438,Mason Englert,TBR,9,12.667,11.0,10.0,19.0,4.0,4.0,10.0,60.0,214.0,149.0,7.11,1.816,7.11,2.84,2.84,1.111,2.111,1.111,0.444,0.444,16.67,6.67
2026,regular,689147,Orion Kerkering,PHI,13,12.667,3.0,3.0,9.0,1.0,6.0,9.0,54.0,216.0,138.0,2.13,1.184,6.39,4.26,0.71,0.692,0.692,0.231,0.462,0.077,16.67,11.11
2026,regular,677161,Zack Kelly,BOS,12,12.667,6.0,5.0,10.0,1.0,4.0,10.0,51.0,197.0,120.0,3.55,1.105,7.11,2.84,0.71,0.833,0.833,0.417,0.333,0.083,19.61,7.84
2026,regular,682842,Abner Uribe,MIL,14,12.333,5.0,5.0,10.0,1.0,3.0,14.0,50.0,203.0,132.0,3.65,1.054,10.22,2.19,0.73,1.0,0.714,0.357,0.214,0.071,28.0,6.0
2026,regular,650556,Bryan Abreu,HOU,13,12.333,14.0,13.0,13.0,4.0,16.0,20.0,65.0,264.0,143.0,9.49,2.351,14.59,11.68,2.92,1.538,1.0,1.0,1.231,0.308,30.77,24.62
2026,regular,642100,Gabe Speier,SEA,15,12.333,6.0,4.0,14.0,1.0,5.0,12.0,56.0,211.0,146.0,2.92,1.541,8.76,3.65,0.73,0.8,0.933,0.267,0.333,0.067,21.43,8.93
2026,regular,670167,John Schreiber,KCR,14,12.333,6.0,6.0,11.0,2.0,8.0,5.0,55.0,224.0,133.0,4.38,1.541,3.65,5.84,1.46,0.357,0.786,0.429,0.571,0.143,9.09,14.55
2026,regular,689254,Mason Fluharty,TOR,18,12.333,9.0,9.0,13.0,1.0,7.0,17.0,56.0,236.0,153.0,6.57,1.622,12.41,5.11,0.73,0.944,0.722,0.5,0.389,0.056,30.36,12.5
2026,regular,656848,Michael Petersen,MIA,11,12.333,6.0,5.0,9.0,1.0,5.0,13.0,51.0,195.0,127.0,3.65,1.135,9.49,3.65,0.73,1.182,0.818,0.455,0.455,0.091,25.49,9.8
2026,regular,607481,Aaron Bummer,ATL,16,12.0,9.0,7.0,15.0,4.0,5.0,11.0,59.0,218.0,147.0,5.25,1.667,8.25,3.75,3.0,0.688,0.938,0.438,0.312,0.25,18.64,8.47
2026,regular,677053,Andrew Nardi,MIA,14,12.0,8.0,8.0,12.0,2.0,9.0,14.0,55.0,221.0,139.0,6.0,1.75,10.5,6.75,1.5,1.0,0.857,0.571,0.643,0.143,25.45,16.36
2026,regular,694918,Blade Tidwell,SFG,8,12.0,4.0,4.0,10.0,1.0,3.0,10.0,47.0,182.0,115.0,3.0,1.083,7.5,2.25,0.75,1.25,1.25,0.5,0.375,0.125,21.28,6.38
2026,regular,815083,Mitch Farris,LAA,5,12.0,3.0,3.0,15.0,1.0,4.0,9.0,51.0,204.0,134.0,2.25,1.583,6.75,3.0,0.75,1.8,3.0,0.6,0.8,0.2,17.65,7.84
2026,regular,656730,Trevor Megill,MIL,13,12.0,9.0,8.0,10.0,0.0,5.0,13.0,53.0,205.0,131.0,6.0,1.25,9.75,3.75,0.0,1.0,0.769,0.615,0.385,0.0,24.53,9.43
2026,regular,666974,Yennier Cano,BAL,17,12.0,2.0,2.0,6.0,1.0,1.0,11.0,43.0,161.0,109.0,1.5,0.583,8.25,0.75,0.75,0.647,0.353,0.118,0.059,0.059,25.58,2.33
2026,regular,681911,Alex Vesia,LAD,14,11.667,2.0,2.0,4.0,0.0,6.0,15.0,45.0,195.0,118.0,1.54,0.857,11.57,4.63,0.0,1.071,0.286,0.143,0.429,0.0,33.33,13.33
2026,regular,694851,Andrew Hoffmann,ARI,8,11.667,12.0,10.0,16.0,3.0,8.0,12.0,59.0,230.0,129.0,7.71,2.057,9.26,6.17,2.31,1.5,2.0,1.25,1.0,0.375,20.34,13.56
2026,regular,547973,Aroldis Chapman,BOS,12,11.667,1.0,1.0,7.0,0.0,3.0,14.0,44.0,168.0,111.0,0.77,0.857,10.8,2.31,0.0,1.167,0.583,0.083,0.25,0.0,31.82,6.82
2026,regular,675989,Cody Bolton,HOU,5,11.667,6.0,6.0,12.0,1.0,9.0,14.0,56.0,234.0,134.0,4.63,1.8,10.8,6.94,0.77,2.8,2.4,1.2,1.8,0.2,25.0,16.07
2026,regular,663485,Cole Sands,MIN,12,11.667,6.0,6.0,12.0,2.0,4.0,11.0,50.0,181.0,118.0,4.63,1.371,8.49,3.09,1.54,0.917,1.0,0.5,0.333,0.167,22.0,8.0
2026,regular,664991,Grant Wolfram,BAL,14,11.667,9.0,6.0,17.0,0.0,1.0,18.0,56.0,207.0,137.0,4.63,1.543,13.89,0.77,0.0,1.286,1.214,0.429,0.071,0.0,32.14,1.79
2026,regular,682995,Hunter Barco,PIT,5,11.667,12.0,10.0,14.0,3.0,9.0,8.0,60.0,232.0,131.0,7.71,1.971,6.17,6.94,2.31,1.6,2.8,2.0,1.8,0.6,13.33,15.0
2026,regular,683742,Jose Franco,CIN,6,11.667,8.0,7.0,14.0,2.0,8.0,11.0,54.0,201.0,127.0,5.4,1.886,8.49,6.17,1.54,1.833,2.333,1.167,1.333,0.333,20.37,14.81
2026,regular,621237,José Alvarado,PHI,16,11.667,9.0,8.0,18.0,0.0,6.0,14.0,60.0,235.0,148.0,6.17,2.057,10.8,4.63,0.0,0.875,1.125,0.5,0.375,0.0,23.33,10.0
2026,regular,683232,Nick Mears,KCR,13,11.667,3.0,3.0,6.0,0.0,7.0,9.0,47.0,202.0,121.0,2.31,1.114,6.94,5.4,0.0,0.692,0.462,0.231,0.538,0.0,19.15,14.89
2026,regular,623149,Paul Sewald,ARI,14,11.667,6.0,5.0,6.0,3.0,3.0,15.0,44.0,170.0,121.0,3.86,0.771,11.57,2.31,2.31,1.071,0.429,0.357,0.214,0.214,34.09,6.82
2026,regular,676684,Will Vest,DET,13,11.667,10.0,8.0,11.0,1.0,6.0,13.0,52.0,230.0,143.0,6.17,1.457,10.03,4.63,0.77,1.0,0.846,0.615,0.462,0.077,25.0,11.54
2026,regular,681217,Chase Silseth,LAA,16,11.333,4.0,4.0,11.0,1.0,10.0,10.0,54.0,220.0,134.0,3.18,1.853,7.94,7.94,0.79,0.625,0.688,0.25,0.625,0.062,18.52,18.52
2026,regular,669062,Erik Miller,SFG,12,11.333,4.0,4.0,8.0,0.0,6.0,17.0,48.0,235.0,129.0,3.18,1.235,13.5,4.76,0.0,1.417,0.667,0.333,0.5,0.0,35.42,12.5
2026,regular,681895,Evan Sisk,PIT,9,11.333,3.0,3.0,10.0,0.0,4.0,16.0,49.0,216.0,130.0,2.38,1.235,12.71,3.18,0.0,1.778,1.111,0.333,0.444,0.0,32.65,8.16
2026,regular,656234,Jake Bird,NYY,13,11.333,7.0,7.0,12.0,1.0,3.0,12.0,49.0,186.0,124.0,5.56,1.324,9.53,2.38,0.79,0.923,0.923,0.538,0.231,0.077,24.49,6.12
2026,regular,666374,Matt Brash,SEA,14,11.333,1.0,0.0,3.0,0.0,2.0,8.0,38.0,148.0,91.0,0.0,0.441,6.35,1.59,0.0,0.571,0.214,0.0,0.143,0.0,21.05,5.26
2026,regular,657756,Connor Seabold,DET,8,11.0,5.0,5.0,12.0,2.0,5.0,11.0,50.0,200.0,133.0,4.09,1.545,9.0,4.09,1.64,1.375,1.5,0.625,0.625,0.25,22.0,10.0
2026,regular,665152,Dean Kremer,BAL,2,11.0,7.0,5.0,8.0,4.0,2.0,16.0,43.0,175.0,113.0,4.09,0.909,13.09,1.64,3.27,8.0,4.0,2.5,1.0,2.0,37.21,4.65
2026,regular,642207,Devin Williams,NYM,13,11.0,8.0,8.0,15.0,1.0,6.0,18.0,53.0,218.0,141.0,6.55,1.909,14.73,4.91,0.82,1.385,1.154,0.615,0.462,0.077,33.96,11.32
2026,regular,687606,Paxton Schultz,WSN,8,11.0,5.0,4.0,12.0,2.0,1.0,11.0,49.0,182.0,117.0,3.27,1.182,9.0,0.82,1.64,1.375,1.5,0.5,0.125,0.25,22.45,2.04
2026,regular,642232,Ryan Yarbrough,NYY,7,11.0,5.0,5.0,8.0,1.0,4.0,8.0,46.0,167.0,107.0,4.09,1.091,6.55,3.27,0.82,1.143,1.143,0.714,0.571,0.143,17.39,8.7
2026,regular,701719,Tyler Samaniego,BOS,9,11.0,0.0,0.0,8.0,0.0,5.0,8.0,45.0,160.0,99.0,0.0,1.182,6.55,4.09,0.0,0.889,0.889,0.0,0.556,0.0,17.78,11.11
2026,regular,554430,Zack Wheeler,PHI,2,11.0,3.0,3.0,6.0,0.0,5.0,14.0,43.0,178.0,116.0,2.45,1.0,11.45,4.09,0.0,7.0,3.0,1.5,2.5,0.0,32.56,11.63
2026,regular,663767,Chase Shugart,PHI,10,10.667,1.0,1.0,9.0,1.0,2.0,9.0,42.0,146.0,88.0,0.84,1.031,7.59,1.69,0.84,0.9,0.9,0.1,0.2,0.1,21.43,4.76
2026,regular,800311,Didier Fuentes,ATL,5,10.667,5.0,5.0,9.0,1.0,3.0,12.0,45.0,175.0,115.0,4.22,1.125,10.12,2.53,0.84,2.4,1.8,1.0,0.6,0.2,26.67,6.67
2026,regular,646241,Enmanuel De Jesus,DET,8,10.667,13.0,10.0,19.0,0.0,8.0,12.0,59.0,227.0,141.0,8.44,2.531,10.12,6.75,0.0,1.5,2.375,1.25,1.0,0.0,20.34,13.56
2026,regular,686613,Hunter Brown,HOU,2,10.667,1.0,1.0,5.0,0.0,6.0,17.0,43.0,180.0,110.0,0.84,1.031,14.34,5.06,0.0,8.5,2.5,0.5,3.0,0.0,39.53,13.95
2026,regular,664854,Ryan Helsley,BAL,12,10.667,3.0,3.0,7.0,0.0,7.0,15.0,46.0,192.0,113.0,2.53,1.312,12.66,5.91,0.0,1.25,0.583,0.25,0.583,0.0,32.61,15.22
2026,regular,542888,Shawn Armstrong,CLE,12,10.667,5.0,5.0,8.0,2.0,7.0,13.0,47.0,200.0,116.0,4.22,1.406,10.97,5.91,1.69,1.083,0.667,0.417,0.583,0.167,27.66,14.89
2026,regular,678368,Valente Bellozo,COL,3,10.667,10.0,9.0,10.0,5.0,7.0,8.0,48.0,170.0,101.0,7.59,1.594,6.75,5.91,4.22,2.667,3.333,3.0,2.333,1.667,16.67,14.58
2026,regular,690925,Clayton Beeter,WSN,10,10.333,4.0,4.0,5.0,2.0,8.0,9.0,46.0,181.0,109.0,3.48,1.258,7.84,6.97,1.74,0.9,0.5,0.4,0.8,0.2,19.57,17.39
2026,regular,683618,Edgardo Henriquez,LAD,11,10.333,8.0,6.0,9.0,1.0,6.0,10.0,46.0,172.0,104.0,5.23,1.452,8.71,5.23,0.87,0.909,0.818,0.545,0.545,0.091,21.74,13.04
2026,regular,669212,Eli Morgan,KCR,7,10.333,3.0,3.0,8.0,2.0,6.0,9.0,45.0,167.0,107.0,2.61,1.355,7.84,5.23,1.74,1.286,1.143,0.429,0.857,0.286,20.0,13.33
2026,regular,621366,Ryan Borucki,SFG,12,10.333,6.0,6.0,13.0,2.0,4.0,9.0,47.0,174.0,111.0,5.23,1.645,7.84,3.48,1.74,0.75,1.083,0.5,0.333,0.167,19.15,8.51
2026,regular,682120,Tim Herrin,CLE,13,10.333,1.0,0.0,8.0,0.0,6.0,5.0,46.0,193.0,118.0,0.0,1.355,4.35,5.23,0.0,0.385,0.615,0.0,0.462,0.0,10.87,13.04
2026,regular,700712,Walbert Urena,LAA,3,10.333,6.0,6.0,11.0,1.0,8.0,12.0,49.0,187.0,108.0,5.23,1.839,10.45,6.97,0.87,4.0,3.667,2.0,2.667,0.333,24.49,16.33
2026,regular,595014,Blake Treinen,LAD,13,10.0,4.0,4.0,11.0,2.0,3.0,12.0,44.0,173.0,111.0,3.6,1.4,10.8,2.7,1.8,0.923,0.846,0.308,0.231,0.154,27.27,6.82
2026,regular,615698,Cal Quantrill,TEX,4,10.0,5.0,5.0,9.0,1.0,4.0,9.0,40.0,178.0,106.0,4.5,1.3,8.1,3.6,0.9,2.25,2.25,1.25,1.0,0.25,22.5,10.0
2026,regular,670059,Colin Holderman,CLE,6,10.0,3.0,2.0,6.0,1.0,2.0,8.0,39.0,138.0,86.0,1.8,0.8,7.2,1.8,0.9,1.333,1.0,0.333,0.333,0.167,20.51,5.13
2026,regular,685801,Hunter Bigge,TBR,9,10.0,4.0,4.0,5.0,1.0,7.0,8.0,43.0,164.0,93.0,3.6,1.2,7.2,6.3,0.9,0.889,0.556,0.444,0.778,0.111,18.6,16.28
2026,regular,608371,Lucas Sims,CHW,9,10.0,7.0,5.0,9.0,1.0,7.0,10.0,46.0,171.0,104.0,4.5,1.6,9.0,6.3,0.9,1.111,1.0,0.556,0.778,0.111,21.74,15.22
2026,regular,665660,Elvis Alvarado,ATH,10,9.667,9.0,9.0,11.0,1.0,7.0,9.0,44.0,182.0,110.0,8.38,1.862,8.38,6.52,0.93,0.9,1.1,0.9,0.7,0.1,20.45,15.91
2026,regular,679775,Kyle Backhus,PHI,10,9.667,6.0,5.0,11.0,2.0,1.0,10.0,41.0,161.0,111.0,4.66,1.241,9.31,0.93,1.86,1.0,1.1,0.5,0.1,0.2,24.39,2.44
2026,regular,676467,Colton Gordon,HOU,4,9.333,12.0,12.0,21.0,6.0,3.0,11.0,50.0,202.0,130.0,11.57,2.571,10.61,2.89,5.79,2.75,5.25,3.0,0.75,1.5,22.0,6.0
2026,regular,664299,Cristian Javier,HOU,3,9.333,13.0,13.0,13.0,2.0,9.0,4.0,48.0,176.0,99.0,12.54,2.357,3.86,8.68,1.93,1.333,4.333,4.333,3.0,0.667,8.33,18.75
2026,regular,686610,Ken Waldichuk,WSN,5,9.333,7.0,7.0,8.0,4.0,6.0,8.0,41.0,149.0,88.0,6.75,1.5,7.71,5.79,3.86,1.6,1.6,1.4,1.2,0.8,19.51,14.63
2026,regular,806960,Luis Morales,ATH,3,9.333,15.0,15.0,17.0,5.0,12.0,7.0,55.0,212.0,116.0,14.46,3.107,6.75,11.57,4.82,2.333,5.667,5.0,4.0,1.667,12.73,21.82
2026,regular,702056,Trey Yesavage,TOR,2,9.333,1.0,1.0,9.0,0.0,3.0,9.0,40.0,156.0,102.0,0.96,1.286,8.68,2.89,0.0,4.5,4.5,0.5,1.5,0.0,22.5,7.5
2026,regular,592094,Jason Adam,SDP,10,9.0,2.0,2.0,6.0,1.0,2.0,5.0,36.0,159.0,106.0,2.0,0.889,5.0,2.0,1.0,0.5,0.6,0.2,0.2,0.1,13.89,5.56
2026,regular,679883,Luinder Avila,KCR,4,9.0,7.0,7.0,16.0,1.0,4.0,9.0,44.0,178.0,108.0,7.0,2.222,9.0,4.0,1.0,2.25,4.0,1.75,1.0,0.25,20.45,9.09
2026,regular,664126,Pete Fairbanks,MIA,10,9.0,10.0,10.0,9.0,1.0,4.0,13.0,41.0,168.0,110.0,10.0,1.444,13.0,4.0,1.0,1.3,0.9,1.0,0.4,0.1,31.71,9.76
2026,regular,573204,Caleb Thielbar,CHC,11,8.667,4.0,3.0,6.0,2.0,5.0,11.0,38.0,162.0,108.0,3.12,1.269,11.42,5.19,2.08,1.0,0.545,0.273,0.455,0.182,28.95,13.16
2026,regular,685005,Christian Roa,HOU,7,8.667,5.0,5.0,10.0,1.0,7.0,6.0,43.0,178.0,99.0,5.19,1.962,6.23,7.27,1.04,0.857,1.429,0.714,1.0,0.143,13.95,16.28
2026,regular,680742,Jonathan Bowlan,PHI,9,8.667,8.0,8.0,11.0,0.0,3.0,9.0,39.0,174.0,106.0,8.31,1.615,9.35,3.12,0.0,1.0,1.222,0.889,0.333,0.0,23.08,7.69
2026,regular,663465,Kolby Allard,CLE,4,8.667,10.0,10.0,16.0,2.0,3.0,9.0,45.0,177.0,124.0,10.38,2.192,9.35,3.12,2.08,2.25,4.0,2.5,0.75,0.5,20.0,6.67
2026,regular,680704,Nick Sandlin,LAA,8,8.667,11.0,11.0,9.0,2.0,5.0,6.0,40.0,157.0,85.0,11.42,1.615,6.23,5.19,2.08,0.75,1.125,1.375,0.625,0.25,15.0,12.5
2026,regular,628452,Raisel Iglesias,ATL,8,8.667,0.0,0.0,5.0,0.0,1.0,11.0,31.0,120.0,90.0,0.0,0.692,11.42,1.04,0.0,1.375,0.625,0.0,0.125,0.0,35.48,3.23
2026,regular,837227,Tatsuya Imai,HOU,3,8.667,7.0,7.0,7.0,0.0,11.0,13.0,44.0,205.0,111.0,7.27,2.077,13.5,11.42,0.0,4.333,2.333,2.333,3.667,0.0,29.55,25.0
2026,regular,572143,Burch Smith,DET,5,8.333,2.0,2.0,8.0,0.0,3.0,11.0,35.0,133.0,84.0,2.16,1.32,11.88,3.24,0.0,2.2,1.6,0.4,0.6,0.0,31.43,8.57
2026,regular,445276,Kenley Jansen,DET,11,8.333,5.0,5.0,8.0,3.0,5.0,10.0,37.0,159.0,102.0,5.4,1.56,10.8,5.4,3.24,0.909,0.727,0.455,0.455,0.273,27.03,13.51
2026,regular,472610,Luis García,MIN,9,8.333,12.0,11.0,16.0,0.0,3.0,4.0,45.0,165.0,110.0,11.88,2.28,4.32,3.24,0.0,0.444,1.778,1.222,0.333,0.0,8.89,6.67
2026,regular,702303,Riley Martin,CHC,8,8.333,2.0,2.0,5.0,1.0,2.0,10.0,31.0,118.0,82.0,2.16,0.84,10.8,2.16,1.08,1.25,0.625,0.25,0.25,0.125,32.26,6.45
2026,regular,681343,Shane Smith,CHW,3,8.333,12.0,10.0,12.0,1.0,9.0,11.0,49.0,225.0,138.0,10.8,2.52,11.88,9.72,1.08,3.667,4.0,3.333,3.0,0.333,22.45,18.37
2026,regular,543056,Danny Coulombe,BOS,12,8.0,5.0,5.0,9.0,1.0,3.0,5.0,36.0,149.0,97.0,5.62,1.5,5.62,3.38,1.12,0.417,0.75,0.417,0.25,0.083,13.89,8.33
2026,regular,681252,Jack Anderson,BOS,3,8.0,3.0,3.0,8.0,1.0,2.0,6.0,32.0,124.0,85.0,3.38,1.25,6.75,2.25,1.12,2.0,2.667,1.0,0.667,0.333,18.75,6.25
2026,regular,669093,Jeremiah Estrada,SDP,8,8.0,6.0,4.0,5.0,0.0,5.0,11.0,33.0,130.0,76.0,4.5,1.25,12.38,5.63,0.0,1.375,0.625,0.5,0.625,0.0,33.33,15.15
2026,regular,605447,Jordan Romano,LAA,11,8.0,9.0,9.0,11.0,1.0,6.0,12.0,42.0,192.0,117.0,10.13,2.125,13.5,6.75,1.13,1.091,1.0,0.818,0.545,0.091,28.57,14.29
2026,regular,669165,Kyle Hurt,LAD,8,8.0,1.0,1.0,3.0,0.0,1.0,11.0,29.0,92.0,65.0,1.12,0.5,12.38,1.12,0.0,1.375,0.375,0.125,0.125,0.0,37.93,3.45
2026,regular,701656,Logan Henderson,MIL,2,8.0,4.0,4.0,6.0,0.0,1.0,11.0,30.0,111.0,79.0,4.5,0.875,12.38,1.12,0.0,5.5,3.0,2.0,0.5,0.0,36.67,3.33
2026,regular,676395,Robert Garcia,TEX,9,8.0,5.0,3.0,5.0,0.0,7.0,6.0,34.0,153.0,90.0,3.38,1.5,6.75,7.88,0.0,0.667,0.556,0.333,0.778,0.0,17.65,20.59
2026,regular,671382,Cameron Foster,BAL,5,7.667,6.0,5.0,12.0,0.0,6.0,9.0,39.0,154.0,96.0,5.87,2.348,10.57,7.04,0.0,1.8,2.4,1.0,1.2,0.0,23.08,15.38
2026,regular,606303,Joel Payamps,ATL,12,7.667,9.0,7.0,9.0,2.0,4.0,9.0,36.0,151.0,93.0,8.22,1.696,10.57,4.7,2.35,0.75,0.75,0.583,0.333,0.167,25.0,11.11
2026,regular,669020,Ryan Rolison,CHC,5,7.667,3.0,3.0,6.0,1.0,1.0,8.0,28.0,107.0,70.0,3.52,0.913,9.39,1.17,1.17,1.6,1.2,0.6,0.2,0.2,28.57,3.57
2026,regular,701552,Andre Granillo,WSN,7,7.333,8.0,6.0,9.0,1.0,8.0,3.0,39.0,165.0,91.0,7.36,2.318,3.68,9.82,1.23,0.429,1.286,0.857,1.143,0.143,7.69,20.51
2026,regular,690990,Cade Horton,CHC,2,7.333,2.0,2.0,4.0,1.0,2.0,4.0,26.0,92.0,61.0,2.45,0.818,4.91,2.45,1.23,2.0,2.0,1.0,1.0,0.5,15.38,7.69
2026,regular,518886,Craig Kimbrel,NYM,8,7.333,4.0,3.0,7.0,0.0,3.0,9.0,30.0,105.0,68.0,3.68,1.364,11.05,3.68,0.0,1.125,0.875,0.375,0.375,0.0,30.0,10.0
2026,regular,686560,Gavin Collyer,TEX,9,7.333,0.0,0.0,3.0,0.0,3.0,7.0,29.0,129.0,73.0,0.0,0.818,8.59,3.68,0.0,0.778,0.333,0.0,0.333,0.0,24.14,10.34
2026,regular,693312,Kyle Nicolas,CIN,7,7.333,7.0,7.0,8.0,1.0,13.0,7.0,42.0,198.0,95.0,8.59,2.864,8.59,15.95,1.23,1.0,1.143,1.0,1.857,0.143,16.67,30.95
2026,regular,664208,Phil Maton,CHC,9,7.333,8.0,8.0,10.0,1.0,5.0,10.0,40.0,173.0,112.0,9.82,2.045,12.27,6.14,1.23,1.111,1.111,0.889,0.556,0.111,25.0,12.5
2026,regular,647315,Zach Pop,PHI,7,7.333,3.0,3.0,5.0,0.0,3.0,6.0,31.0,130.0,79.0,3.68,1.091,7.36,3.68,0.0,0.857,0.714,0.429,0.429,0.0,19.35,9.68
2026,regular,669371,Cole Henry,WSN,7,7.0,7.0,5.0,8.0,1.0,4.0,8.0,34.0,138.0,81.0,6.43,1.714,10.29,5.14,1.29,1.143,1.143,0.714,0.571,0.143,23.53,11.76
2026,regular,686790,Trevor McDonald,SFG,1,7.0,1.0,1.0,2.0,1.0,0.0,8.0,24.0,81.0,60.0,1.29,0.286,10.29,0.0,1.29,8.0,2.0,1.0,0.0,1.0,33.33,0.0
2026,regular,670183,Garrett Acton,MIN,4,6.667,5.0,2.0,4.0,0.0,3.0,9.0,28.0,115.0,73.0,2.7,1.05,12.15,4.05,0.0,2.25,1.0,0.5,0.75,0.0,32.14,10.71
2026,regular,641585,J.P. France,HOU,3,6.667,6.0,6.0,6.0,1.0,5.0,4.0,31.0,117.0,70.0,8.1,1.65,5.4,6.75,1.35,1.333,2.0,2.0,1.667,0.333,12.9,16.13
2026,regular,661395,Jhoan Duran,PHI,7,6.667,2.0,1.0,5.0,0.0,0.0,8.0,24.0,96.0,61.0,1.35,0.75,10.8,0.0,0.0,1.143,0.714,0.143,0.0,0.0,33.33,0.0
2026,regular,696062,Wilber Dotel,PIT,3,6.667,1.0,1.0,2.0,1.0,3.0,4.0,25.0,89.0,54.0,1.35,0.75,5.4,4.05,1.35,1.333,0.667,0.333,1.0,0.333,16.0,12.0
2026,regular,681810,Austin Warren,NYM,5,6.333,2.0,1.0,5.0,1.0,1.0,8.0,25.0,91.0,63.0,1.42,0.947,11.37,1.42,1.42,1.6,1.0,0.2,0.2,0.2,32.0,4.0
2026,regular,455119,Chris Martin,TEX,8,6.333,6.0,5.0,11.0,1.0,0.0,7.0,29.0,104.0,75.0,7.11,1.737,9.95,0.0,1.42,0.875,1.375,0.625,0.0,0.125,24.14,0.0
2026,regular,681035,Christian Scott,NYM,2,6.333,4.0,3.0,3.0,1.0,5.0,9.0,29.0,117.0,72.0,4.26,1.263,12.79,7.11,1.42,4.5,1.5,1.5,2.5,0.5,31.03,17.24
2026,regular,689520,Cody Laweryson,MIN,5,6.333,4.0,3.0,3.0,0.0,2.0,8.0,26.0,95.0,61.0,4.26,0.789,11.37,2.84,0.0,1.6,0.6,0.6,0.4,0.0,30.77,7.69
2026,regular,664353,José Urquidy,PIT,5,6.333,10.0,6.0,15.0,1.0,2.0,6.0,36.0,131.0,95.0,8.53,2.684,8.53,2.84,1.42,1.2,3.0,1.2,0.4,0.2,16.67,5.56
2026,regular,605218,Carl Edwards Jr.,NYM,2,6.0,1.0,1.0,3.0,1.0,4.0,11.0,25.0,99.0,62.0,1.5,1.167,16.5,6.0,1.5,5.5,1.5,0.5,2.0,0.5,44.0,16.0
2026,regular,669684,Chris Murphy,CHW,6,6.0,7.0,7.0,9.0,1.0,5.0,6.0,32.0,109.0,64.0,10.5,2.333,9.0,7.5,1.5,1.0,1.5,1.167,0.833,0.167,18.75,15.62
2026,regular,608650,Dietrich Enns,BAL,5,6.0,2.0,2.0,4.0,0.0,6.0,8.0,27.0,133.0,73.0,3.0,1.667,12.0,9.0,0.0,1.6,0.8,0.4,1.2,0.0,29.63,22.22
2026,regular,621242,Edwin Díaz,LAD,7,6.0,7.0,7.0,9.0,1.0,5.0,10.0,33.0,132.0,84.0,10.5,2.333,15.0,7.5,1.5,1.429,1.286,1.0,0.714,0.143,30.3,15.15
2026,regular,681151,Jayden Murray,HOU,4,6.0,4.0,4.0,7.0,0.0,5.0,5.0,28.0,109.0,60.0,6.0,2.0,7.5,7.5,0.0,1.25,1.75,1.0,1.25,0.0,17.86,17.86
2026,regular,682608,Peyton Gray,TEX,4,6.0,0.0,0.0,4.0,0.0,5.0,5.0,27.0,107.0,70.0,0.0,1.5,7.5,7.5,0.0,1.25,1.0,0.0,1.25,0.0,18.52,18.52
2026,regular,700712,Walbert Ureña,LAA,2,6.0,7.0,1.0,6.0,0.0,5.0,5.0,30.0,116.0,69.0,1.5,1.833,7.5,7.5,0.0,2.5,3.0,0.5,2.5,0.0,16.67,16.67
2026,regular,691945,Carter Baumler,TEX,4,5.667,2.0,2.0,4.0,1.0,6.0,6.0,27.0,117.0,68.0,3.18,1.765,9.53,9.53,1.59,1.5,1.0,0.5,1.5,0.25,22.22,22.22
2026,regular,695534,Chase Petty,CIN,1,5.667,3.0,3.0,4.0,1.0,2.0,1.0,23.0,75.0,51.0,4.76,1.059,1.59,3.18,1.59,1.0,4.0,3.0,2.0,1.0,4.35,8.7
2026,regular,683769,Hunter Gaddis,CLE,8,5.667,6.0,6.0,10.0,2.0,4.0,7.0,31.0,121.0,76.0,9.53,2.471,11.12,6.35,3.18,0.875,1.25,0.75,0.5,0.25,22.58,12.9
2026,regular,694363,Jared Shuster,STL,3,5.667,3.0,2.0,5.0,0.0,3.0,1.0,25.0,81.0,47.0,3.18,1.412,1.59,4.76,0.0,0.333,1.667,0.667,1.0,0.0,4.0,12.0
2026,regular,681676,Ryan Fernandez,STL,4,5.667,3.0,1.0,7.0,0.0,2.0,9.0,26.0,91.0,61.0,1.59,1.588,14.29,3.18,0.0,2.25,1.75,0.25,0.5,0.0,34.62,7.69
2026,regular,689441,Coleman Crow,MIL,1,5.333,2.0,2.0,4.0,0.0,1.0,4.0,21.0,77.0,55.0,3.38,0.938,6.75,1.69,0.0,4.0,4.0,2.0,1.0,0.0,19.05,4.76
2026,regular,656686,Corbin Martin,CHC,6,5.0,3.0,3.0,2.0,1.0,5.0,4.0,22.0,100.0,60.0,5.4,1.4,7.2,9.0,1.8,0.667,0.333,0.5,0.833,0.167,18.18,22.73
2026,regular,694037,Daniel Palencia,CHC,5,5.0,0.0,0.0,3.0,0.0,2.0,5.0,19.0,71.0,45.0,0.0,1.0,9.0,3.6,0.0,1.0,0.6,0.0,0.4,0.0,26.32,10.53
2026,regular,656288,Griffin Canning,SDP,1,5.0,1.0,1.0,3.0,1.0,3.0,7.0,19.0,73.0,42.0,1.8,1.2,12.6,5.4,1.8,7.0,3.0,1.0,3.0,1.0,36.84,15.79
2026,regular,687562,Jake Bennett,BOS,1,5.0,1.0,1.0,5.0,1.0,2.0,3.0,20.0,85.0,58.0,1.8,1.4,5.4,3.6,1.8,3.0,5.0,1.0,2.0,1.0,15.0,10.0
2026,regular,681168,Luis Curvelo,TEX,4,5.0,3.0,3.0,6.0,2.0,2.0,3.0,22.0,67.0,47.0,5.4,1.6,5.4,3.6,3.6,0.75,1.5,0.75,0.5,0.5,13.64,9.09
2026,regular,674444,Steven Cruz,KCR,5,5.0,8.0,8.0,7.0,4.0,4.0,7.0,26.0,109.0,66.0,14.4,2.2,12.6,7.2,7.2,1.4,1.4,1.6,0.8,0.8,26.92,15.38
2026,regular,680744,Ty Madden,DET,1,5.0,0.0,0.0,4.0,0.0,0.0,7.0,20.0,81.0,50.0,0.0,0.8,12.6,0.0,0.0,7.0,4.0,0.0,0.0,0.0,35.0,0.0
2026,regular,676508,Ben Casparius,LAD,5,4.667,5.0,5.0,6.0,1.0,4.0,4.0,23.0,99.0,60.0,9.64,2.143,7.71,7.71,1.93,0.8,1.2,1.0,0.8,0.2,17.39,17.39
2026,regular,691946,George Klassen,LAA,2,4.667,7.0,6.0,7.0,1.0,10.0,6.0,32.0,145.0,74.0,11.57,3.643,11.57,19.29,1.93,3.0,3.5,3.0,5.0,0.5,18.75,31.25
2026,regular,696131,Mason Black,KCR,4,4.667,0.0,0.0,7.0,0.0,2.0,5.0,22.0,100.0,61.0,0.0,1.929,9.64,3.86,0.0,1.25,1.75,0.0,0.5,0.0,22.73,9.09
2026,regular,694346,Trey Gibson,BAL,1,4.667,3.0,3.0,4.0,2.0,2.0,2.0,21.0,87.0,56.0,5.79,1.286,3.86,3.86,3.86,2.0,4.0,3.0,2.0,2.0,9.52,9.52
2026,regular,674841,Andrew Alvarez,WSN,1,4.333,0.0,0.0,4.0,0.0,0.0,5.0,16.0,62.0,44.0,0.0,0.923,10.38,0.0,0.0,5.0,4.0,0.0,0.0,0.0,31.25,0.0
2026,regular,690928,Hunter Dobbins,STL,1,4.333,3.0,3.0,2.0,0.0,5.0,4.0,19.0,79.0,41.0,6.23,1.615,8.31,10.38,0.0,4.0,2.0,3.0,5.0,0.0,21.05,26.32
2026,regular,547184,Michael Kelly,ATH,4,4.333,3.0,3.0,6.0,1.0,4.0,4.0,22.0,79.0,51.0,6.23,2.308,8.31,8.31,2.08,1.0,1.5,0.75,1.0,0.25,18.18,18.18
2026,regular,694680,Trevor Martin,TBR,3,4.333,3.0,3.0,6.0,1.0,1.0,4.0,21.0,71.0,45.0,6.23,1.615,8.31,2.08,2.08,1.333,2.0,1.0,0.333,0.333,19.05,4.76
2026,regular,670950,Trevor Richards,PHI,2,4.333,1.0,1.0,4.0,0.0,3.0,5.0,19.0,69.0,47.0,2.08,1.615,10.38,6.23,0.0,2.5,2.0,0.5,1.5,0.0,26.32,15.79
2026,regular,692230,Carlos Rodriguez,MIL,2,4.0,1.0,1.0,5.0,1.0,0.0,5.0,17.0,67.0,46.0,2.25,1.25,11.25,0.0,2.25,2.5,2.5,0.5,0.0,0.5,29.41,0.0
2026,regular,689266,Dylan Dodd,ATL,2,4.0,1.0,1.0,3.0,0.0,1.0,4.0,16.0,50.0,34.0,2.25,1.0,9.0,2.25,0.0,2.0,1.5,0.5,0.5,0.0,25.0,6.25
2026,regular,695684,Elmer Rodríguez,NYY,1,4.0,2.0,2.0,4.0,0.0,4.0,3.0,20.0,80.0,42.0,4.5,2.0,6.75,9.0,0.0,3.0,4.0,2.0,4.0,0.0,15.0,20.0
2026,regular,640451,Hunter Harvey,CHC,4,4.0,3.0,3.0,5.0,2.0,1.0,4.0,18.0,76.0,52.0,6.75,1.5,9.0,2.25,4.5,1.0,1.25,0.75,0.25,0.5,22.22,5.56
2026,regular,671109,Jake Eder,LAD,4,4.0,1.0,1.0,3.0,0.0,1.0,1.0,15.0,56.0,36.0,2.25,1.0,2.25,2.25,0.0,0.25,0.75,0.25,0.25,0.0,6.67,6.67
2026,regular,543510,James McCann,ARI,4,4.0,6.0,5.0,9.0,1.0,3.0,0.0,23.0,63.0,34.0,11.25,3.0,0.0,6.75,2.25,0.0,2.25,1.25,0.75,0.25,0.0,13.04
2026,regular,624431,Jose Trevino,CIN,3,4.0,7.0,7.0,11.0,0.0,1.0,1.0,24.0,59.0,35.0,15.75,3.0,2.25,2.25,0.0,0.333,3.667,2.333,0.333,0.0,4.17,4.17
2026,regular,642759,Julian Fernández,WSN,3,4.0,3.0,1.0,3.0,1.0,2.0,3.0,18.0,71.0,40.0,2.25,1.25,6.75,4.5,2.25,1.0,1.0,0.333,0.667,0.333,16.67,11.11
2026,regular,681751,Lazaro Estrada,TOR,1,4.0,0.0,0.0,0.0,0.0,2.0,3.0,14.0,66.0,44.0,0.0,0.5,6.75,4.5,0.0,3.0,0.0,0.0,2.0,0.0,21.43,14.29
2026,regular,687765,Mitch Spence,KCR,1,4.0,6.0,6.0,4.0,1.0,5.0,3.0,21.0,84.0,46.0,13.5,2.25,6.75,11.25,2.25,3.0,4.0,6.0,5.0,1.0,14.29,23.81
2026,regular,682610,Roddery Muñoz,HOU,3,4.0,7.0,7.0,7.0,3.0,6.0,6.0,25.0,112.0,61.0,15.75,3.25,13.5,13.5,6.75,2.0,2.333,2.333,2.0,1.0,24.0,24.0
2026,regular,699823,Tyler Davis,CHW,4,4.0,1.0,1.0,0.0,0.0,2.0,3.0,13.0,44.0,30.0,2.25,0.5,6.75,4.5,0.0,0.75,0.0,0.25,0.5,0.0,23.08,15.38
2026,regular,695380,Alex Hoppe,SEA,3,3.667,3.0,3.0,3.0,0.0,3.0,7.0,17.0,75.0,44.0,7.36,1.636,17.18,7.36,0.0,2.333,1.0,1.0,1.0,0.0,41.18,17.65
2026,regular,669724,Brenan Hanifee,DET,3,3.667,0.0,0.0,3.0,0.0,0.0,2.0,14.0,55.0,38.0,0.0,0.818,4.91,0.0,0.0,0.667,1.0,0.0,0.0,0.0,14.29,0.0
2026,regular,663893,Brendon Little,TOR,5,3.667,11.0,10.0,10.0,3.0,3.0,6.0,24.0,93.0,55.0,24.55,3.545,14.73,7.36,7.36,1.2,2.0,2.0,0.6,0.6,25.0,12.5
2026,regular,702153,Brian Fitzpatrick,MIL,3,3.667,1.0,1.0,6.0,0.0,2.0,2.0,18.0,60.0,37.0,2.45,2.182,4.91,4.91,0.0,0.667,2.0,0.333,0.667,0.0,11.11,11.11
2026,regular,688297,Chris Roycroft,STL,5,3.667,5.0,5.0,8.0,1.0,5.0,3.0,25.0,97.0,55.0,12.27,3.545,7.36,12.27,2.45,0.6,1.6,1.0,1.0,0.2,12.0,20.0
2026,regular,605452,Joe Ross,ARI,3,3.667,8.0,8.0,7.0,1.0,4.0,2.0,22.0,92.0,50.0,19.64,3.0,4.91,9.82,2.45,0.667,2.333,2.667,1.333,0.333,9.09,18.18
2026,regular,670912,Johan Oviedo,BOS,1,3.667,4.0,4.0,6.0,2.0,1.0,3.0,18.0,72.0,47.0,9.82,1.909,7.36,2.45,4.91,3.0,6.0,4.0,1.0,2.0,16.67,5.56
2026,regular,820862,José Fermin,LAA,3,3.667,1.0,1.0,1.0,1.0,0.0,4.0,14.0,55.0,34.0,2.45,0.273,9.82,0.0,2.45,1.333,0.333,0.333,0.0,0.333,28.57,0.0
2026,regular,434378,Justin Verlander,DET,1,3.667,5.0,5.0,6.0,1.0,2.0,1.0,19.0,80.0,53.0,12.27,2.182,2.45,4.91,2.45,1.0,6.0,5.0,2.0,1.0,5.26,10.53
2026,regular,669211,Keegan Akin,BAL,4,3.667,7.0,7.0,9.0,2.0,0.0,3.0,19.0,70.0,51.0,17.18,2.455,7.36,0.0,4.91,0.75,2.25,1.75,0.0,0.5,15.79,0.0
2026,regular,686751,Seth Johnson,PHI,3,3.667,5.0,3.0,5.0,0.0,3.0,4.0,21.0,90.0,54.0,7.36,2.182,9.82,7.36,0.0,1.333,1.667,1.0,1.0,0.0,19.05,14.29
2026,regular,688497,Taylor Rashi,ARI,3,3.667,4.0,4.0,3.0,1.0,1.0,4.0,15.0,45.0,34.0,9.82,1.091,9.82,2.45,2.45,1.333,1.0,1.333,0.333,0.333,26.67,6.67
2026,regular,621107,Zach Eflin,BAL,1,3.667,1.0,1.0,4.0,1.0,2.0,7.0,17.0,74.0,44.0,2.45,1.636,17.18,4.91,2.45,7.0,4.0,1.0,2.0,1.0,41.18,11.76
2026,regular,687849,Zak Kent,MIN,2,3.667,5.0,2.0,4.0,2.0,5.0,2.0,20.0,81.0,42.0,4.91,2.455,4.91,12.27,4.91,1.0,2.0,1.0,2.5,1.0,10.0,25.0
2026,regular,552640,Andrew Kittredge,BAL,4,3.333,7.0,7.0,9.0,1.0,1.0,4.0,20.0,76.0,51.0,18.9,3.0,10.8,2.7,2.7,1.0,2.25,1.75,0.25,0.25,20.0,5.0
2026,regular,663559,Bailey Falter,KCR,2,3.333,5.0,5.0,8.0,1.0,2.0,4.0,20.0,68.0,37.0,13.5,3.0,10.8,5.4,2.7,2.0,4.0,2.5,1.0,0.5,20.0,10.0
2026,regular,656986,Bennett Sousa,HOU,5,3.333,3.0,3.0,3.0,0.0,5.0,4.0,17.0,73.0,42.0,8.1,2.4,10.8,13.5,0.0,0.8,0.6,0.6,1.0,0.0,23.53,29.41
2026,regular,700842,Eduardo Rivera,BOS,1,3.333,0.0,0.0,1.0,0.0,0.0,3.0,10.0,41.0,26.0,0.0,0.3,8.1,0.0,0.0,3.0,1.0,0.0,0.0,0.0,30.0,0.0
2026,regular,664076,Garrett Cleavinger,TBR,4,3.333,2.0,2.0,4.0,0.0,4.0,4.0,18.0,60.0,39.0,5.4,2.4,10.8,10.8,0.0,1.0,1.0,0.5,1.0,0.0,22.22,22.22
2026,regular,664192,Joey Lucchesi,LAA,5,3.333,6.0,5.0,7.0,1.0,6.0,4.0,24.0,111.0,61.0,13.5,3.9,10.8,16.2,2.7,0.8,1.4,1.0,1.2,0.2,16.67,25.0
2026,regular,686580,Justin Slaten,BOS,4,3.333,1.0,0.0,2.0,0.0,2.0,5.0,14.0,56.0,35.0,0.0,1.2,13.5,5.4,0.0,1.25,0.5,0.0,0.5,0.0,35.71,14.29
2026,regular,676510,Nolan Hoffman,PHI,2,3.333,1.0,1.0,5.0,0.0,1.0,2.0,15.0,55.0,32.0,2.7,1.8,5.4,2.7,0.0,1.0,2.5,0.5,0.5,0.0,13.33,6.67
2026,regular,696270,Ryan Johnson,LAA,1,3.333,6.0,6.0,7.0,1.0,4.0,2.0,21.0,80.0,48.0,16.2,3.3,5.4,10.8,2.7,2.0,7.0,6.0,4.0,1.0,9.52,19.05
2026,regular,675911,Spencer Strider,ATL,1,3.333,3.0,3.0,4.0,1.0,5.0,6.0,19.0,87.0,48.0,8.1,2.7,16.2,13.5,2.7,6.0,4.0,3.0,5.0,1.0,31.58,26.32
2026,regular,660604,Alan Rangel,PHI,1,3.0,1.0,1.0,3.0,0.0,0.0,5.0,12.0,44.0,27.0,3.0,1.0,15.0,0.0,0.0,5.0,3.0,1.0,0.0,0.0,41.67,0.0
2026,regular,676742,Cam Sanders,PIT,3,3.0,4.0,4.0,4.0,0.0,2.0,4.0,15.0,57.0,36.0,12.0,2.0,12.0,6.0,0.0,1.333,1.333,1.333,0.667,0.0,26.67,13.33
2026,regular,656212,Charlie Barnes,CHC,1,3.0,4.0,3.0,4.0,0.0,3.0,1.0,17.0,62.0,33.0,9.0,2.333,3.0,9.0,0.0,1.0,4.0,3.0,3.0,0.0,5.88,17.65
2026,regular,699151,Jedixson Paez,CHW,3,3.0,6.0,6.0,4.0,2.0,3.0,0.0,16.0,65.0,36.0,18.0,2.333,0.0,9.0,6.0,0.0,1.333,2.0,1.0,0.667,0.0,18.75
2026,regular,676596,Josh Fleming,TOR,1,3.0,4.0,4.0,6.0,1.0,2.0,1.0,18.0,77.0,45.0,12.0,2.667,3.0,6.0,3.0,1.0,6.0,4.0,2.0,1.0,5.56,11.11
2026,regular,682825,Luis Mey,CIN,2,3.0,1.0,1.0,1.0,1.0,2.0,5.0,13.0,59.0,32.0,3.0,1.0,15.0,6.0,3.0,2.5,0.5,0.5,1.0,0.5,38.46,15.38
2026,regular,687377,Orlando Ribalta,WSN,3,3.0,0.0,0.0,1.0,0.0,0.0,2.0,9.0,42.0,31.0,0.0,0.333,6.0,0.0,0.0,0.667,0.333,0.0,0.0,0.0,22.22,0.0
2026,regular,623168,Tyler Heineman,TOR,2,3.0,5.0,5.0,7.0,1.0,1.0,0.0,17.0,38.0,29.0,15.0,2.667,0.0,3.0,3.0,0.0,3.5,2.5,0.5,0.5,0.0,5.88
2026,regular,608723,Austin Voth,TOR,1,2.667,1.0,1.0,3.0,0.0,1.0,1.0,12.0,49.0,26.0,3.38,1.5,3.38,3.38,0.0,1.0,3.0,1.0,1.0,0.0,8.33,8.33
2026,regular,669620,Brady Basso,ATH,3,2.667,2.0,2.0,5.0,1.0,1.0,1.0,14.0,45.0,30.0,6.75,2.25,3.38,3.38,3.38,0.333,1.667,0.667,0.333,0.333,7.14,7.14
2026,regular,681799,Ethan Roberts,CHC,3,2.667,0.0,0.0,1.0,0.0,0.0,2.0,10.0,43.0,28.0,0.0,0.375,6.75,0.0,0.0,0.667,0.333,0.0,0.0,0.0,20.0,0.0
2026,regular,675919,Nick Raquet,BAL,3,2.667,3.0,3.0,3.0,1.0,2.0,1.0,14.0,64.0,37.0,10.12,1.875,3.38,6.75,3.38,0.333,1.0,1.0,0.667,0.333,7.14,14.29
2026,regular,656457,Tyler Gilbert,CHW,2,2.667,6.0,6.0,4.0,2.0,3.0,2.0,15.0,57.0,35.0,20.25,2.625,6.75,10.12,6.75,1.0,2.0,3.0,1.5,1.0,13.33,20.0
2026,regular,700413,Tyler Uberstine,BOS,1,2.667,1.0,1.0,3.0,1.0,1.0,2.0,11.0,45.0,34.0,3.38,1.5,6.75,3.38,3.38,2.0,3.0,1.0,1.0,1.0,18.18,9.09
2026,regular,683409,Angel Chivilli,NYY,2,2.333,1.0,1.0,2.0,1.0,3.0,3.0,13.0,60.0,31.0,3.86,2.143,11.57,11.57,3.86,1.5,1.0,0.5,1.5,0.5,23.08,23.08
2026,regular,685126,Brandon Eisert,CHW,2,2.333,4.0,4.0,6.0,0.0,1.0,2.0,14.0,49.0,30.0,15.43,3.0,7.71,3.86,0.0,1.0,3.0,2.0,0.5,0.0,14.29,7.14
2026,regular,471911,Carlos Carrasco,ATL,2,2.333,0.0,0.0,1.0,0.0,0.0,2.0,8.0,29.0,20.0,0.0,0.429,7.71,0.0,0.0,1.0,0.5,0.0,0.0,0.0,25.0,0.0
2026,regular,606965,Chris Devenski,PIT,3,2.333,2.0,2.0,5.0,1.0,0.0,3.0,12.0,39.0,28.0,7.71,2.143,11.57,0.0,3.86,1.0,1.667,0.667,0.0,0.333,25.0,0.0
2026,regular,664074,Cody Ponce,TOR,1,2.333,1.0,1.0,1.0,0.0,1.0,3.0,10.0,47.0,30.0,3.86,0.857,11.57,3.86,0.0,3.0,1.0,1.0,1.0,0.0,30.0,10.0
2026,regular,657649,Jared Koenig,MIL,3,2.333,2.0,0.0,3.0,0.0,2.0,4.0,13.0,46.0,29.0,0.0,2.143,15.43,7.71,0.0,1.333,1.0,0.0,0.667,0.0,30.77,15.38
2026,regular,691769,Philip Abner,ARI,1,2.333,2.0,2.0,1.0,0.0,1.0,1.0,8.0,34.0,18.0,7.71,0.857,3.86,3.86,0.0,1.0,1.0,2.0,1.0,0.0,12.5,12.5
2026,regular,592826,Vince Velasquez,CHC,1,2.333,0.0,0.0,1.0,0.0,0.0,1.0,8.0,31.0,22.0,0.0,0.429,3.86,0.0,0.0,1.0,1.0,0.0,0.0,0.0,12.5,0.0
2026,regular,689690,Alek Jacob,SDP,1,2.0,0.0,0.0,1.0,0.0,1.0,3.0,9.0,34.0,22.0,0.0,1.0,13.5,4.5,0.0,3.0,1.0,0.0,1.0,0.0,33.33,11.11
2026,regular,683627,Anthony Molina,ATL,1,2.0,0.0,0.0,0.0,0.0,1.0,0.0,6.0,26.0,15.0,0.0,0.5,0.0,4.5,0.0,0.0,0.0,0.0,1.0,0.0,0.0,16.67
2026,regular,805299,Brandyn Garcia,ARI,1,2.0,0.0,0.0,0.0,0.0,0.0,2.0,6.0,20.0,13.0,0.0,0.0,9.0,0.0,0.0,2.0,0.0,0.0,0.0,0.0,33.33,0.0
2026,regular,680951,Doug Nikhazy,CHW,1,2.0,1.0,1.0,1.0,0.0,2.0,1.0,9.0,39.0,17.0,4.5,1.5,4.5,9.0,0.0,1.0,1.0,1.0,2.0,0.0,11.11,22.22
2026,regular,668834,Easton McGee,MIL,2,2.0,0.0,0.0,1.0,0.0,1.0,1.0,6.0,22.0,13.0,0.0,1.0,4.5,4.5,0.0,0.5,0.5,0.0,0.5,0.0,16.67,16.67
2026,regular,669920,Jason Alexander,HOU,1,2.0,5.0,5.0,2.0,1.0,3.0,1.0,11.0,31.0,13.0,22.5,2.5,4.5,13.5,4.5,1.0,2.0,5.0,3.0,1.0,9.09,27.27
2026,regular,680702,Joey Gerber,NYM,1,2.0,0.0,0.0,2.0,0.0,1.0,5.0,9.0,47.0,31.0,0.0,1.5,22.5,4.5,0.0,5.0,2.0,0.0,1.0,0.0,55.56,11.11
2026,regular,676130,José Buttó,SFG,3,2.0,5.0,5.0,6.0,2.0,4.0,5.0,16.0,63.0,30.0,22.5,5.0,22.5,18.0,9.0,1.667,2.0,1.667,1.333,0.667,31.25,25.0
2026,regular,696070,Kendry Rojas,MIN,1,2.0,0.0,0.0,2.0,0.0,3.0,0.0,8.0,35.0,19.0,0.0,2.5,0.0,13.5,0.0,0.0,2.0,0.0,3.0,0.0,0.0,37.5
2026,regular,686930,Mason Barnett,ATH,1,2.0,0.0,0.0,1.0,0.0,2.0,1.0,9.0,43.0,21.0,0.0,1.5,4.5,9.0,0.0,1.0,1.0,0.0,2.0,0.0,11.11,22.22
2026,regular,676568,Ricky Vanasco,DET,2,2.0,5.0,5.0,4.0,1.0,2.0,2.0,13.0,53.0,30.0,22.5,3.0,9.0,9.0,4.5,1.0,2.0,2.5,1.0,0.5,15.38,15.38
2026,regular,683000,Riley Cornelio,WSN,1,2.0,3.0,2.0,2.0,0.0,4.0,1.0,12.0,42.0,21.0,9.0,3.0,4.5,18.0,0.0,1.0,2.0,2.0,4.0,0.0,8.33,33.33
2026,regular,691548,Rolddy Muñoz,ATL,1,2.0,3.0,3.0,5.0,1.0,1.0,3.0,12.0,49.0,30.0,13.5,3.0,13.5,4.5,4.5,3.0,5.0,3.0,1.0,1.0,25.0,8.33
2026,regular,678020,Seth Halvorsen,COL,2,2.0,0.0,0.0,0.0,0.0,2.0,2.0,8.0,34.0,21.0,0.0,1.0,9.0,9.0,0.0,1.0,0.0,0.0,1.0,0.0,25.0,25.0
2026,regular,660787,Yerry De los Santos,NYY,1,2.0,1.0,1.0,3.0,1.0,2.0,1.0,9.0,44.0,29.0,4.5,2.5,4.5,9.0,4.5,1.0,3.0,1.0,2.0,1.0,11.11,22.22
2026,regular,806188,Cade Gibson,MIA,1,1.667,4.0,4.0,5.0,1.0,1.0,1.0,11.0,50.0,31.0,21.6,3.6,5.4,5.4,5.4,1.0,5.0,4.0,1.0,1.0,9.09,9.09
2026,regular,664238,Dylan Moore,PHI,2,1.667,1.0,1.0,1.0,0.0,1.0,0.0,8.0,21.0,11.0,5.4,1.2,0.0,5.4,0.0,0.0,0.5,0.5,0.5,0.0,0.0,12.5
2026,regular,666619,Gregory Santos,SFG,1,1.667,1.0,0.0,1.0,0.0,2.0,1.0,6.0,26.0,13.0,0.0,1.8,5.4,10.8,0.0,1.0,1.0,0.0,2.0,0.0,16.67,33.33
2026,regular,691951,Sam Aldegheri,LAA,1,1.667,1.0,1.0,2.0,1.0,1.0,2.0,8.0,33.0,18.0,5.4,1.8,10.8,5.4,5.4,2.0,2.0,1.0,1.0,1.0,25.0,12.5
2026,regular,605441,Yacksel Ríos,CHC,1,1.667,0.0,0.0,0.0,0.0,0.0,2.0,5.0,13.0,10.0,0.0,0.0,10.8,0.0,0.0,2.0,0.0,0.0,0.0,0.0,40.0,0.0
2026,regular,682274,Yaramil Hiraldo,BAL,3,1.667,4.0,4.0,3.0,2.0,4.0,2.0,12.0,47.0,23.0,21.6,4.2,10.8,21.6,10.8,0.667,1.0,1.333,1.333,0.667,16.67,33.33
2026,regular,695445,Chase Lee,TOR,1,1.333,1.0,1.0,1.0,1.0,0.0,1.0,5.0,21.0,13.0,6.75,0.75,6.75,0.0,6.75,1.0,1.0,1.0,0.0,1.0,20.0,0.0
2026,regular,671131,Jackson Rutledge,WSN,1,1.333,7.0,7.0,6.0,0.0,2.0,2.0,12.0,44.0,30.0,47.25,6.0,13.5,13.5,0.0,2.0,6.0,7.0,2.0,0.0,16.67,16.67
2026,regular,805326,Tyler Schweitzer,CHW,1,1.333,1.0,1.0,2.0,0.0,1.0,1.0,7.0,26.0,15.0,6.75,2.25,6.75,6.75,0.0,1.0,2.0,1.0,1.0,0.0,14.29,14.29
2026,regular,642215,Weston Wilson,BAL,2,1.333,4.0,4.0,4.0,2.0,0.0,0.0,9.0,27.0,17.0,27.0,3.0,0.0,0.0,13.5,0.0,2.0,2.0,0.0,1.0,0.0,0.0
2026,regular,810938,Ben Williamson,TBR,1,1.0,1.0,1.0,1.0,1.0,0.0,0.0,4.0,7.0,5.0,9.0,1.0,0.0,0.0,9.0,0.0,1.0,1.0,0.0,1.0,0.0,0.0
2026,regular,683766,Christian Koss,SFG,1,1.0,0.0,0.0,0.0,0.0,0.0,0.0,3.0,9.0,5.0,0.0,0.0,0.0,0.0,0.0,0.0,0.0,0.0,0.0,0.0,0.0,0.0
2026,regular,701474,Duncan Davitt,CHW,1,1.0,0.0,0.0,0.0,0.0,1.0,0.0,3.0,14.0,8.0,0.0,1.0,0.0,9.0,0.0,0.0,0.0,0.0,1.0,0.0,0.0,33.33
2026,regular,676702,Hunter Stratton,ATL,1,1.0,0.0,0.0,1.0,0.0,0.0,1.0,3.0,12.0,9.0,0.0,1.0,9.0,0.0,0.0,1.0,1.0,0.0,0.0,0.0,33.33,0.0
2026,regular,641656,Ian Hamilton,ATL,1,1.0,3.0,3.0,2.0,0.0,2.0,1.0,7.0,31.0,18.0,27.0,4.0,9.0,18.0,0.0,1.0,2.0,3.0,2.0,0.0,14.29,28.57
2026,regular,668670,Jake Rogers,DET,1,1.0,0.0,0.0,2.0,0.0,0.0,1.0,5.0,14.0,9.0,0.0,2.0,9.0,0.0,0.0,1.0,2.0,0.0,0.0,0.0,20.0,0.0
2026,regular,686894,Joey Wiemer,WSN,1,1.0,1.0,1.0,2.0,0.0,1.0,0.0,7.0,21.0,10.0,9.0,3.0,0.0,9.0,0.0,0.0,2.0,1.0,1.0,0.0,0.0,14.29
2026,regular,804619,John Klein,MIN,1,1.0,0.0,0.0,0.0,0.0,0.0,0.0,3.0,12.0,8.0,0.0,0.0,0.0,0.0,0.0,0.0,0.0,0.0,0.0,0.0,0.0,0.0
2026,regular,664744,Jose Espada,BAL,1,1.0,0.0,0.0,2.0,0.0,0.0,0.0,4.0,15.0,10.0,0.0,2.0,0.0,0.0,0.0,0.0,2.0,0.0,0.0,0.0,0.0,0.0
2026,regular,694795,Josh Ekness,MIA,1,1.0,0.0,0.0,0.0,0.0,0.0,0.0,3.0,7.0,6.0,0.0,0.0,0.0,0.0,0.0,0.0,0.0,0.0,0.0,0.0,0.0,0.0
2026,regular,681432,Luke Little,CHC,1,1.0,1.0,1.0,2.0,1.0,0.0,1.0,5.0,19.0,14.0,9.0,2.0,9.0,0.0,9.0,1.0,2.0,1.0,0.0,1.0,20.0,0.0
2026,regular,690155,Matt Pushard,STL,1,1.0,3.0,3.0,3.0,0.0,1.0,1.0,7.0,31.0,15.0,27.0,4.0,9.0,9.0,0.0,1.0,3.0,3.0,1.0,0.0,14.29,14.29
2026,regular,500743,Miguel Rojas,LAD,1,1.0,1.0,1.0,1.0,0.0,1.0,0.0,6.0,18.0,8.0,9.0,2.0,0.0,9.0,0.0,0.0,1.0,1.0,1.0,0.0,0.0,16.67
2026,regular,689546,Nick Davila,SEA,1,1.0,0.0,0.0,1.0,0.0,1.0,1.0,4.0,16.0,9.0,0.0,2.0,9.0,9.0,0.0,1.0,1.0,0.0,1.0,0.0,25.0,25.0
2026,regular,664731,P.J. Higgins,CIN,1,1.0,0.0,0.0,0.0,0.0,0.0,1.0,3.0,10.0,7.0,0.0,0.0,9.0,0.0,0.0,1.0,0.0,0.0,0.0,0.0,33.33,0.0
2026,regular,624512,Reese McGuire,CHW,1,1.0,0.0,0.0,0.0,0.0,0.0,0.0,3.0,9.0,8.0,0.0,0.0,0.0,0.0,0.0,0.0,0.0,0.0,0.0,0.0,0.0,0.0
2026,regular,687473,Ryan Gusto,MIA,1,1.0,0.0,0.0,0.0,0.0,0.0,1.0,3.0,12.0,8.0,0.0,0.0,9.0,0.0,0.0,1.0,0.0,0.0,0.0,0.0,33.33,0.0
2026,regular,687209,Zach Maxwell,CIN,1,1.0,4.0,4.0,3.0,2.0,2.0,1.0,8.0,42.0,25.0,36.0,5.0,9.0,18.0,18.0,1.0,3.0,4.0,2.0,2.0,12.5,25.0
2026,regular,642152,Lou Trivino,BAL,1,0.667,6.0,6.0,4.0,0.0,3.0,0.0,9.0,31.0,15.0,81.0,10.5,0.0,40.5,0.0,0.0,4.0,6.0,3.0,0.0,0.0,33.33
2026,regular,642048,Tayler Saucedo,LAA,1,0.667,1.0,1.0,0.0,0.0,0.0,2.0,3.0,11.0,6.0,13.5,0.0,27.0,0.0,0.0,2.0,0.0,1.0,0.0,0.0,66.67,0.0
2026,regular,686475,Tyler Tolbert,KCR,1,0.667,0.0,0.0,1.0,0.0,0.0,0.0,2.0,5.0,4.0,0.0,1.5,0.0,0.0,0.0,0.0,1.0,0.0,0.0,0.0,0.0,0.0
2026,regular,624428,Adam Frazier,LAA,1,0.333,0.0,0.0,1.0,0.0,1.0,0.0,3.0,11.0,6.0,0.0,6.0,0.0,27.0,0.0,0.0,1.0,0.0,1.0,0.0,0.0,33.33
2026,regular,595978,Austin Hedges,CLE,1,0.333,0.0,0.0,0.0,0.0,0.0,0.0,1.0,4.0,3.0,0.0,0.0,0.0,0.0,0.0,0.0,0.0,0.0,0.0,0.0,0.0,0.0
2026,regular,608032,Carlos Estévez,KCR,1,0.333,6.0,6.0,4.0,1.0,2.0,0.0,7.0,27.0,12.0,162.0,18.0,0.0,54.0,27.0,0.0,4.0,6.0,2.0,1.0,0.0,28.57
2026,regular,686563,Jonathan Cannon,CHW,1,0.0,1.0,1.0,0.0,0.0,3.0,0.0,3.0,14.0,2.0,0.0,0.0,0.0,0.0,0.0,0.0,0.0,1.0,3.0,0.0,0.0,100.0
