playerId,player,team,role,batterGames,pitcherGames,bvpPlateAppearances
676879,Aaron Ashby,MIL,pitcher,0,17,0
607481,Aaron Bummer,ATL,pitcher,0,16,0
650644,Aaron Civale,ATH,pitcher,0,7,0
592450,Aaron Judge,NYY,batter,37,0,0
605400,Aaron Nola,PHI,pitcher,0,7,0
682842,Abner Uribe,MIL,pitcher,0,15,0
624428,Adam Frazier,LAA,two-way,27,1,0
680718,Addison Barger,TOR,batter,8,0,0
668939,Adley Rutschman,BAL,batter,22,0,0
666969,Adolis García,PHI,batter,36,0,0
680728,Adrian Del Castillo,ARI,batter,20,0,0
605288,Adrian Houser,SFG,pitcher,0,7,0
670970,Adrian Morejon,SDP,pitcher,0,16,0
682663,Agustín Ramírez,MIA,batter,31,0,0
805123,AJ Blubaugh,HOU,pitcher,0,14,0
660604,Alan Rangel,PHI,pitcher,0,1,0
544150,Albert Suárez,BAL,pitcher,0,6,0
664761,Alec Bohm,PHI,batter,35,0,0
676475,Alec Burleson,STL,batter,35,0,0
687941,Alec Gamboa,BOS,pitcher,0,1,0
672386,Alejandro Kirk,TOR,batter,5,0,0
696030,Alejandro Osuna,TEX,batter,11,0,0
689690,Alek Jacob,SDP,pitcher,0,1,0
677950,Alek Thomas,ARI,batter,27,0,0
608324,Alex Bregman,CHC,batter,37,0,0
669743,Alex Call,LAD,batter,16,0,0
690976,Alex Freeland,LAD,batter,31,0,0
695380,Alex Hoppe,SEA,pitcher,0,3,0
656638,Alex Lange,KCR,pitcher,0,14,0
681911,Alex Vesia,LAD,pitcher,0,15,0
642708,Amed Rosario,NYY,batter,21,0,0
701552,Andre Granillo,WSN,pitcher,0,8,0
669467,Andre Pallante,STL,pitcher,0,7,0
671096,Andrew Abbott,CIN,pitcher,0,8,0
674841,Andrew Alvarez,WSN,pitcher,0,1,0
643217,Andrew Benintendi,CHW,batter,35,0,0
694851,Andrew Hoffmann,ARI,pitcher,0,8,0
552640,Andrew Kittredge,BAL,pitcher,0,5,0
457705,Andrew McCutchen,TEX,batter,24,0,0
702193,Andrew Morris,MIN,pitcher,0,7,0
677053,Andrew Nardi,MIA,pitcher,0,15,0
691725,Andrew Painter,PHI,pitcher,0,6,0
683734,Andrew Vaughn,MIL,batter,3,0,0
655316,Andruw Monasterio,BOS,batter,19,0,0
665953,Andrés Chaparro,WSN,batter,4,0,0
665926,Andrés Giménez,TOR,batter,34,0,0
662253,Andrés Muñoz,SEA,pitcher,0,16,0
628451,Andy Ibáñez,NYM,batter,12,0,0
681624,Andy Pages,LAD,batter,37,0,0
683409,Angel Chivilli,NYY,pitcher,0,2,0
682657,Angel Martínez,CLE,batter,34,0,0
672582,Angel Zerpa,MIL,pitcher,0,12,0
607455,Anthony Banda,MIN,pitcher,0,17,0
669622,Anthony Bender,MIA,pitcher,0,16,0
641743,Anthony Kay,CHW,pitcher,0,7,0
683627,Anthony Molina,ATL,pitcher,0,1,0
689296,Anthony Nunez,BAL,pitcher,0,17,0
622608,Antonio Senzatela,COL,pitcher,0,10,0
605244,Aramis Garcia,ARI,batter,3,0,0
547973,Aroldis Chapman,BOS,two-way,2,12,0
669720,Austin Hays,CHW,batter,12,0,0
595978,Austin Hedges,CLE,two-way,15,1,0
668885,Austin Martin,MIN,batter,31,0,0
663586,Austin Riley,ATL,batter,38,0,0
596103,Austin Slater,NYM,batter,17,0,0
608723,Austin Voth,TOR,pitcher,0,1,0
681810,Austin Warren,NYM,pitcher,0,5,0
669224,Austin Wells,NYY,batter,29,0,0
642851,Austin Wynns,ATH,batter,14,0,0
663559,Bailey Falter,KCR,pitcher,0,2,0
641927,Bailey Ober,MIN,pitcher,0,8,0
676962,Ben Brown,CHC,pitcher,0,12,0
676508,Ben Casparius,LAD,pitcher,0,5,0
700250,Ben Rice,NYY,batter,33,0,0
810938,Ben Williamson,TBR,two-way,32,1,0
656986,Bennett Sousa,HOU,pitcher,0,5,0
695257,Billy Cook,PIT,batter,24,0,0
694918,Blade Tidwell,SFG,pitcher,0,8,0
694362,Blake Dunn,CIN,batter,3,0,0
663368,Blake Perkins,MIL,batter,19,0,0
595014,Blake Treinen,LAD,pitcher,0,14,0
677942,Blaze Alexander,BAL,batter,31,0,0
666182,Bo Bichette,NYM,batter,36,0,0
666310,Bo Naylor,CLE,batter,27,0,0
677951,Bobby Witt Jr.,KCR,batter,37,0,0
641745,Brad Keller,PHI,pitcher,0,16,0
695418,Brad Lord,WSN,two-way,1,11,0
669699,Braden Shewmake,HOU,batter,8,0,0
699134,Bradgley Rodriguez,SDP,pitcher,0,15,0
669620,Brady Basso,ATH,pitcher,0,3,0
691781,Brady House,WSN,batter,33,0,0
663903,Brady Singer,CIN,pitcher,0,8,0
685126,Brandon Eisert,CHW,pitcher,0,2,0
663604,Brandon Lockridge,MIL,batter,27,0,0
664040,Brandon Lowe,PIT,batter,31,0,0
669016,Brandon Marsh,PHI,batter,33,0,0
607043,Brandon Nimmo,TEX,batter,34,0,0
694297,Brandon Pfaadt,ARI,pitcher,0,7,0
687075,Brandon Sproat,MIL,pitcher,0,7,0
678218,Brandon Valenzuela,TOR,batter,20,0,0
682227,Brandon Williamson,CIN,pitcher,0,6,0
605540,Brandon Woodruff,MIL,pitcher,0,6,0
687064,Brandon Young,BAL,pitcher,0,4,0
805299,Brandyn Garcia,ARI,pitcher,0,2,0
676428,Brant Hurter,DET,pitcher,0,15,0
677952,Braxton Ashcraft,PIT,pitcher,0,7,0
690924,Braxton Fulford,COL,batter,3,0,0
678394,Brayan Bello,BOS,pitcher,0,7,0
677587,Brayan Rocchio,CLE,batter,36,0,0
680755,Braydon Fisher,TOR,pitcher,0,18,0
669724,Brenan Hanifee,DET,pitcher,0,4,0
680977,Brendan Donovan,SEA,batter,18,0,0
663893,Brendon Little,TOR,pitcher,0,5,0
657514,Brennan Bernardino,COL,pitcher,0,16,0
687396,Brent Headrick,NYY,pitcher,0,19,0
667670,Brent Rooker,ATH,batter,20,0,0
608718,Brent Suter,LAA,pitcher,0,14,0
686668,Brenton Doyle,COL,batter,34,0,0
683146,Brett Baty,NYM,batter,33,0,0
695391,Brett Harris,ATH,batter,3,0,0
664954,Brett Sullivan,COL,batter,19,0,0
702153,Brian Fitzpatrick,MIL,pitcher,0,3,0
694728,Brice Matthews,HOU,batter,29,0,0
668930,Brice Turang,MIL,batter,32,0,0
656271,Brock Burke,CIN,pitcher,0,18,0
592779,Brock Stewart,LAD,pitcher,0,1,0
686797,Brooks Lee,MIN,batter,34,0,0
548384,Brooks Raley,NYM,pitcher,0,15,0
650556,Bryan Abreu,HOU,pitcher,0,13,0
641329,Bryan Baker,TBR,pitcher,0,16,0
663542,Bryan Hudson,CHW,pitcher,0,18,0
687911,Bryan King,HOU,pitcher,0,13,0
668804,Bryan Reynolds,PIT,batter,37,0,0
693433,Bryan Woo,SEA,pitcher,0,8,0
693821,Bryce Elder,ATL,pitcher,0,8,0
805811,Bryce Eldridge,SFG,batter,3,0,0
547180,Bryce Harper,PHI,batter,37,0,0
669369,Bryce Johnson,SDP,batter,19,0,0
669326,Bryce Teodosio,LAA,batter,29,0,0
681082,Bryson Stott,PHI,batter,31,0,0
696149,Bubba Chandler,PIT,pitcher,0,7,0
572143,Burch Smith,DET,pitcher,0,7,0
621439,Byron Buxton,MIN,batter,34,0,0
676917,Cade Cavalli,WSN,pitcher,0,8,0
806188,Cade Gibson,MIA,pitcher,0,1,0
690990,Cade Horton,CHC,pitcher,0,2,0
700249,Cade Povich,BAL,pitcher,0,3,0
671922,Cade Smith,CLE,pitcher,0,16,0
615698,Cal Quantrill,TEX,pitcher,0,4,0
663728,Cal Raleigh,SEA,batter,35,0,0
702332,Caleb Durbin,BOS,batter,35,0,0
668873,Caleb Kilian,SFG,pitcher,0,15,0
573204,Caleb Thielbar,CHC,two-way,1,11,0
676534,Calvin Faucher,MIA,pitcher,0,15,0
676742,Cam Sanders,PIT,pitcher,0,3,0
693645,Cam Schlittler,NYY,pitcher,0,8,0
701358,Cam Smith,HOU,batter,37,0,0
671382,Cameron Foster,BAL,pitcher,0,5,0
666808,Camilo Doval,NYY,pitcher,0,15,0
605218,Carl Edwards Jr.,NYM,pitcher,0,2,0
471911,Carlos Carrasco,ATL,pitcher,0,2,0
621043,Carlos Correa,HOU,batter,32,0,0
666126,Carlos Cortes,ATH,batter,28,0,0
608032,Carlos Estévez,KCR,two-way,1,1,0
665966,Carlos Narváez,BOS,batter,23,0,0
692230,Carlos Rodriguez,MIL,pitcher,0,2,0
467793,Carlos Santana,ARI,batter,8,0,0
669387,Carmen Mlodzinski,PIT,pitcher,0,7,0
701807,Carson Benge,NYM,batter,33,0,0
608348,Carson Kelly,CHC,batter,27,0,0
700246,Carson Williams,TBR,batter,7,0,0
691945,Carter Baumler,TEX,pitcher,0,4,0
695600,Carter Jensen,KCR,batter,34,0,0
668984,Casey Legumina,TBR,pitcher,0,12,0
663554,Casey Mize,DET,pitcher,0,6,0
669477,Casey Schmitt,SFG,batter,31,0,0
678882,Ceddanne Rafaela,BOS,batter,35,0,0
656775,Cedric Mullins,TBR,batter,32,0,0
694477,Chad Patrick,MIL,pitcher,0,7,0
802415,Chandler Simpson,TBR,batter,36,0,0
656212,Charlie Barnes,CHC,pitcher,0,1,0
695505,Chase Burns,CIN,pitcher,0,7,0
800050,Chase DeLauter,CLE,batter,34,0,0
801403,Chase Dollander,COL,pitcher,0,8,0
695445,Chase Lee,TOR,pitcher,0,1,0
805367,Chase Meidroth,CHW,batter,35,0,0
695534,Chase Petty,CIN,pitcher,0,1,0
663767,Chase Shugart,PHI,pitcher,0,10,0
681217,Chase Silseth,LAA,pitcher,0,17,0
605135,Chris Bassitt,BAL,pitcher,0,7,0
606965,Chris Devenski,PIT,pitcher,0,3,0
455119,Chris Martin,TEX,pitcher,0,8,0
669684,Chris Murphy,CHW,pitcher,0,6,0
663978,Chris Paddack,MIA,pitcher,0,7,0
688297,Chris Roycroft,STL,pitcher,0,5,0
519242,Chris Sale,ATL,pitcher,0,7,0
683766,Christian Koss,SFG,two-way,7,1,0
685005,Christian Roa,HOU,pitcher,0,7,0
681035,Christian Scott,NYM,pitcher,0,2,0
543877,Christian Vázquez,HOU,batter,20,0,0
572233,Christian Walker,HOU,batter,38,0,0
592885,Christian Yelich,MIL,batter,15,0,0
666624,Christopher Morel,MIA,batter,6,0,0
672335,Cionel Pérez,WSN,pitcher,0,16,0
682928,CJ Abrams,WSN,batter,36,0,0
692216,CJ Kayfus,CLE,batter,9,0,0
605280,Clay Holmes,NYM,pitcher,0,7,0
690925,Clayton Beeter,WSN,pitcher,0,10,0
691723,Coby Mayo,BAL,batter,31,0,0
641355,Cody Bellinger,NYY,batter,36,0,0
675989,Cody Bolton,HOU,pitcher,0,5,0
689520,Cody Laweryson,MIN,pitcher,0,5,0
664074,Cody Ponce,TOR,pitcher,0,1,0
687515,Colby Thomas,ATH,batter,8,0,0
669371,Cole Henry,WSN,pitcher,0,7,0
666142,Cole Ragans,KCR,pitcher,0,8,0
663485,Cole Sands,MIN,pitcher,0,12,0
642121,Cole Sulser,TBR,pitcher,0,15,0
677961,Cole Wilcox,SEA,pitcher,0,11,0
668390,Cole Winn,TEX,pitcher,0,15,0
702284,Cole Young,SEA,batter,38,0,0
689441,Coleman Crow,MIL,pitcher,0,1,0
670059,Colin Holderman,CLE,pitcher,0,7,0
607067,Colin Rea,CHC,pitcher,0,8,0
695657,Colson Montgomery,CHW,batter,37,0,0
690993,Colt Keith,DET,batter,33,0,0
681297,Colton Cowser,BAL,batter,31,0,0
676467,Colton Gordon,HOU,pitcher,0,4,0
813349,Connelly Early,BOS,pitcher,0,7,0
641401,Connor Brogdon,CLE,pitcher,0,14,0
656582,Connor Joe,SEA,batter,10,0,0
681393,Connor Norby,MIA,batter,34,0,0
683175,Connor Phillips,CIN,pitcher,0,18,0
687570,Connor Prielipp,MIN,pitcher,0,3,0
657756,Connor Seabold,DET,pitcher,0,8,0
657136,Connor Wong,BOS,batter,15,0,0
681867,Cooper Criswell,SEA,pitcher,0,13,0
682998,Corbin Carroll,ARI,batter,33,0,0
656686,Corbin Martin,CHC,pitcher,0,7,0
608369,Corey Seager,TEX,batter,35,0,0
518886,Craig Kimbrel,NYM,pitcher,0,8,0
664299,Cristian Javier,HOU,pitcher,0,3,0
650911,Cristopher Sánchez,PHI,pitcher,0,8,0
678554,Curtis Mead,WSN,batter,28,0,0
693409,César Prieto,STL,batter,1,0,0
663967,César Salazar,HOU,two-way,1,1,0
687221,Dalton Rushing,LAD,batter,19,0,0
667472,Dane Myers,CIN,batter,31,0,0
669288,Daniel Johnson,HOU,batter,8,0,0
663738,Daniel Lynch IV,KCR,pitcher,0,14,0
694037,Daniel Palencia,CHC,two-way,1,6,0
682177,Daniel Schneemann,CLE,batter,31,0,0
691740,Daniel Susac,SFG,batter,11,0,0
543056,Danny Coulombe,BOS,pitcher,0,12,0
643376,Danny Jansen,TEX,batter,24,0,0
621020,Dansby Swanson,CHC,batter,36,0,0
687231,Darell Hernaiz,ATH,batter,23,0,0
662139,Daulton Varsho,TOR,batter,35,0,0
670280,David Bednar,NYY,pitcher,0,15,0
681807,David Fry,CLE,batter,22,0,0
666152,David Hamilton,MIL,batter,30,0,0
688158,David Morgan,SDP,pitcher,0,11,0
656849,David Peterson,NYM,pitcher,0,8,0
663436,Davis Martin,CHW,pitcher,0,7,0
676914,Davis Schneider,TOR,batter,28,0,0
690978,Dax Fulton,MIA,pitcher,0,1,0
695734,Daylen Lile,WSN,batter,36,0,0
665152,Dean Kremer,BAL,pitcher,0,2,0
642701,Dennis Santana,PIT,pitcher,0,16,0
672016,Denzel Clarke,ATH,batter,22,0,0
656537,Derek Hill,CHW,batter,30,0,0
642207,Devin Williams,NYM,two-way,1,14,0
691277,Deyvison De Los Santos,MIA,batter,3,0,0
800311,Didier Fuentes,ATL,two-way,1,6,0
608650,Dietrich Enns,BAL,pitcher,0,5,0
693307,Dillon Dingler,DET,batter,32,0,0
669084,DL Hall,MIL,pitcher,0,15,0
686527,Dominic Canzone,SEA,batter,32,0,0
642086,Dominic Smith,ATL,batter,28,0,0
680951,Doug Nikhazy,CHW,pitcher,0,1,0
686948,Drake Baldwin,ATL,batter,38,0,0
623454,Drew Anderson,DET,pitcher,0,12,0
687551,Drew Gilbert,SFG,batter,19,0,0
686452,Drew Millas,WSN,batter,25,0,0
519141,Drew Pomeranz,LAA,pitcher,0,16,0
656876,Drew Rasmussen,TBR,pitcher,0,7,0
691011,Drew Romo,CHW,batter,7,0,0
701474,Duncan Davitt,CHW,pitcher,0,1,0
687957,Dustin Harris,HOU,batter,17,0,0
669160,Dustin May,STL,pitcher,0,7,0
687637,Dylan Beavers,BAL,batter,29,0,0
666185,Dylan Carlson,CHC,batter,3,0,0
656302,Dylan Cease,TOR,pitcher,0,7,0
689266,Dylan Dodd,ATL,pitcher,0,2,0
669276,Dylan Lee,ATL,pitcher,0,18,0
664238,Dylan Moore,PHI,two-way,13,2,0
668834,Easton McGee,MIL,pitcher,0,2,0
700337,Edgar Quero,CHW,batter,27,0,0
683618,Edgardo Henriquez,LAD,pitcher,0,12,0
624641,Edmundo Sosa,PHI,batter,19,0,0
666397,Edouard Julien,COL,batter,31,0,0
660825,Eduard Bazardo,SEA,pitcher,0,18,0
700842,Eduardo Rivera,BOS,pitcher,0,1,0
593958,Eduardo Rodriguez,ARI,pitcher,0,7,0
665795,Edward Cabrera,CHC,pitcher,0,7,0
621242,Edwin Díaz,LAD,pitcher,0,7,0
669212,Eli Morgan,KCR,pitcher,0,7,0
642201,Eli White,ATL,batter,24,0,0
553869,Elias Díaz,KCR,batter,5,0,0
682829,Elly De La Cruz,CIN,batter,37,0,0
695684,Elmer Rodríguez,NYY,pitcher,0,2,0
650391,Eloy Jiménez,TOR,batter,12,0,0
665660,Elvis Alvarado,ATH,pitcher,0,10,0
676106,Emerson Hancock,SEA,pitcher,0,7,0
641941,Emilio Pagán,CIN,pitcher,0,15,0
686218,Emmet Sheehan,LAD,pitcher,0,6,0
646241,Enmanuel De Jesus,DET,pitcher,0,9,0
660853,Enyel De Los Santos,HOU,pitcher,0,14,0
672021,Eric Cerantola,KCR,pitcher,0,1,0
606992,Eric Haase,SFG,batter,4,0,0
641778,Eric Lauer,TOR,pitcher,0,7,0
679358,Eric Orze,MIN,pitcher,0,15,0
607200,Erick Fedde,CHW,pitcher,0,7,0
669062,Erik Miller,SFG,pitcher,0,12,0
681870,Erik Sabrowski,CLE,pitcher,0,18,0
676391,Ernie Clement,TOR,batter,36,0,0
665923,Esteury Ruiz,MIA,batter,9,0,0
681799,Ethan Roberts,CHC,pitcher,0,3,0
553993,Eugenio Suárez,CIN,batter,25,0,0
691587,Eury Pérez,MIA,pitcher,0,8,0
694497,Evan Carter,TEX,batter,36,0,0
681895,Evan Sisk,PIT,pitcher,0,10,0
677592,Everson Pereira,CHW,batter,18,0,0
677649,Ezequiel Duran,TEX,batter,28,0,0
678662,Ezequiel Tovar,COL,batter,37,0,0
694025,Felix Reyes,PHI,batter,9,0,0
518585,Fernando Cruz,NYY,pitcher,0,17,0
665487,Fernando Tatis Jr.,SDP,batter,35,0,0
656492,Foster Griffin,WSN,pitcher,0,7,0
664285,Framber Valdez,DET,pitcher,0,8,0
682626,Francisco Alvarez,NYM,batter,33,0,0
596019,Francisco Lindor,NYM,batter,24,0,0
518692,Freddie Freeman,LAD,batter,35,0,0
666023,Freddy Fermin,SDP,batter,27,0,0
642547,Freddy Peralta,NYM,pitcher,0,8,0
642100,Gabe Speier,SEA,two-way,1,15,0
672356,Gabriel Arias,CLE,batter,10,0,0
672515,Gabriel Moreno,ARI,batter,17,0,0
670183,Garrett Acton,MIN,pitcher,0,4,0
664076,Garrett Cleavinger,TBR,pitcher,0,5,0
676979,Garrett Crochet,BOS,pitcher,0,6,0
669003,Garrett Mitchell,MIL,batter,32,0,0
596117,Garrett Stubbs,PHI,batter,6,0,0
676477,Garrett Whitlock,BOS,two-way,1,14,0
596142,Gary Sánchez,MIL,batter,24,0,0
686560,Gavin Collyer,TEX,pitcher,0,9,0
657757,Gavin Sheets,SDP,batter,33,0,0
668909,Gavin Williams,CLE,pitcher,0,8,0
669923,George Kirby,SEA,pitcher,0,8,0
691946,George Klassen,LAA,pitcher,0,2,0
666277,George Soriano,STL,two-way,1,16,0
543807,George Springer,TOR,batter,20,0,0
671655,George Valera,CLE,batter,13,0,0
672695,Geraldo Perdomo,ARI,batter,32,0,0
608566,Germán Márquez,SDP,pitcher,0,6,0
519317,Giancarlo Stanton,NYY,batter,24,0,0
650402,Gleyber Torres,DET,batter,32,0,0
700669,Gordon Graceffo,STL,pitcher,0,15,0
668933,Graham Ashcraft,CIN,pitcher,0,18,0
688363,Graham Pauley,MIA,batter,28,0,0
681982,Grant Anderson,MIL,pitcher,0,18,0
656550,Grant Holmes,ATL,pitcher,0,7,0
691799,Grant Taylor,CHW,pitcher,0,14,0
664991,Grant Wolfram,BAL,pitcher,0,16,0
675659,Greg Jones,MIL,batter,11,0,0
669711,Greg Weissert,BOS,pitcher,0,16,0
666619,Gregory Santos,SFG,pitcher,0,2,0
642397,Gregory Soto,PIT,pitcher,0,18,0
656288,Griffin Canning,SDP,pitcher,0,1,0
665052,Griffin Conine,MIA,batter,11,0,0
643377,Griffin Jax,TBR,pitcher,0,13,0
683002,Gunnar Henderson,BAL,batter,36,0,0
681402,Gus Varland,WSN,pitcher,0,14,0
701678,Hao-Yu  Lee,DET,batter,14,0,0
664056,Harrison Bader,SFG,batter,15,0,0
671218,Heliot Ramos,SFG,batter,36,0,0
680779,Henry Davis,PIT,batter,29,0,0
681715,Heriberto Hernández,MIA,batter,22,0,0
571948,Hoby Milner,CHC,pitcher,0,18,0
663687,Hogan Harris,ATH,pitcher,0,20,0
623211,Huascar Brazobán,NYM,pitcher,0,15,0
682995,Hunter Barco,PIT,pitcher,0,5,0
685801,Hunter Bigge,TBR,pitcher,0,10,0
686613,Hunter Brown,HOU,pitcher,0,2,0
690928,Hunter Dobbins,STL,pitcher,0,1,0
676439,Hunter Feduccia,TBR,batter,19,0,0
683769,Hunter Gaddis,CLE,pitcher,0,9,0
696100,Hunter Goodman,COL,batter,34,0,0
640451,Hunter Harvey,CHC,pitcher,0,4,0
676702,Hunter Stratton,ATL,pitcher,0,1,0
808975,Hyeseong Kim,LAD,batter,26,0,0
641656,Ian Hamilton,ATL,pitcher,0,1,0
664023,Ian Happ,CHC,batter,35,0,0
693855,Ian Seymour,TBR,pitcher,0,16,0
545121,Ildemaro Vargas,ARI,batter,28,0,0
686555,Isaac Collins,KCR,batter,32,0,0
676755,Isaac Mattson,PIT,pitcher,0,17,0
670623,Isaac Paredes,HOU,batter,33,0,0
643396,Isiah Kiner-Falefa,BOS,batter,17,0,0
671056,Iván Herrera,STL,batter,36,0,0
641555,J.C. Escarra,NYY,batter,11,0,0
641487,J.P. Crawford,SEA,batter,30,0,0
641585,J.P. France,HOU,pitcher,0,3,0
669372,J.T. Ginn,ATH,two-way,1,8,0
592663,J.T. Realmuto,PHI,batter,21,0,0
695506,Jac Caglianone,KCR,batter,33,0,0
690291,Jace Jung,DET,batter,3,0,0
681252,Jack Anderson,BOS,pitcher,0,3,0
676263,Jack Dreyer,LAD,pitcher,0,16,0
656427,Jack Flaherty,DET,pitcher,0,8,0
686799,Jack Kochanowicz,LAA,pitcher,0,7,0
683004,Jack Leiter,TEX,pitcher,0,7,0
678022,Jack Perkins,ATH,two-way,1,9,0
694192,Jackson Chourio,MIL,batter,2,0,0
701538,Jackson Merrill,SDP,batter,35,0,0
671131,Jackson Rutledge,WSN,pitcher,0,1,0
594798,Jacob deGrom,TEX,pitcher,0,7,0
656641,Jacob Latz,TEX,pitcher,0,15,0
682052,Jacob Lopez,ATH,pitcher,0,7,0
694819,Jacob Misiorowski,MIL,pitcher,0,7,0
657097,Jacob Webb,CHC,pitcher,0,16,0
805779,Jacob Wilson,ATH,batter,35,0,0
696285,Jacob Young,WSN,batter,35,0,0
677955,Jaden Hill,COL,pitcher,0,15,0
663330,Jahmai Jones,DET,batter,24,0,0
641343,Jake Bauers,MIL,batter,33,0,0
687562,Jake Bennett,BOS,pitcher,0,1,0
656234,Jake Bird,NYY,pitcher,0,13,0
669394,Jake Burger,TEX,batter,36,0,0
630105,Jake Cronenworth,SDP,batter,32,0,0
671109,Jake Eder,LAD,pitcher,0,4,0
641584,Jake Fraley,TBR,batter,25,0,0
663623,Jake Irvin,WSN,pitcher,0,7,0
663968,Jake Mangum,PIT,batter,30,0,0
664983,Jake McCarthy,COL,batter,27,0,0
676694,Jake Meyers,HOU,batter,12,0,0
668670,Jake Rogers,DET,two-way,11,1,0
663765,Jake Woodford,MIL,pitcher,0,11,0
596001,Jakob Junis,TEX,pitcher,0,14,0
805300,Jakob Marsee,MIA,batter,36,0,0
656222,Jalen Beeks,TEX,pitcher,0,16,0
543510,James McCann,ARI,two-way,17,4,0
681546,James Outman,MIN,batter,27,0,0
695578,James Wood,WSN,batter,37,0,0
592791,Jameson Taillon,CHC,pitcher,0,7,0
676083,Janson Junk,MIA,pitcher,0,7,0
657649,Jared Koenig,MIL,pitcher,0,3,0
666931,Jared Oliva,SFG,batter,7,0,0
694363,Jared Shuster,STL,pitcher,0,4,0
669707,Jared Triolo,PIT,batter,9,0,0
676724,Jared Young,NYM,batter,11,0,0
672284,Jarred Kelenic,CHW,batter,6,0,0
680776,Jarren Duran,BOS,batter,32,0,0
592094,Jason Adam,SDP,pitcher,0,11,0
669920,Jason Alexander,HOU,pitcher,0,2,0
691176,Jasson Domínguez,NYY,batter,8,0,0
665871,Javier Assad,CHC,pitcher,0,6,0
595879,Javier Báez,DET,batter,24,0,0
691594,Javier Sanoja,MIA,batter,29,0,0
681151,Jayden Murray,HOU,pitcher,0,4,0
665862,Jazz Chisholm Jr.,NYY,batter,36,0,0
699151,Jedixson Paez,CHW,pitcher,0,3,0
691620,Jeferson Quero,MIL,batter,1,0,0
656546,Jeff Hoffman,TOR,pitcher,0,17,0
643446,Jeff McNeil,ATH,batter,34,0,0
605488,Jeffrey Springs,ATH,pitcher,0,8,0
600869,Jeimer Candelario,LAA,batter,7,0,0
666464,Jerar Encarnacion,SFG,batter,17,0,0
669093,Jeremiah Estrada,SDP,pitcher,0,9,0
669236,Jeremiah Jackson,BAL,batter,35,0,0
665161,Jeremy Peña,HOU,batter,10,0,0
669947,Jesse Scholtens,TBR,pitcher,0,5,0
683679,Jesus Rodriguez,SFG,batter,3,0,0
666200,Jesús Luzardo,PHI,pitcher,0,7,0
660821,Jesús Sánchez,TOR,batter,36,0,0
661395,Jhoan Duran,PHI,pitcher,0,8,0
640902,Jhonny Pereda,SEA,batter,2,0,0
805347,Jim Jarvis,ATL,batter,1,0,0
623474,Jimmy Herget,COL,pitcher,0,13,0
668709,JJ Bleday,CIN,batter,9,0,0
802139,JJ Wetherholt,STL,batter,36,0,0
666176,Jo Adell,LAA,batter,38,0,0
592626,Joc Pederson,TEX,batter,32,0,0
671212,Joe Boyle,TBR,pitcher,0,3,0
691788,Joe Mack,MIA,batter,3,0,0
573009,Joe Mantiply,TOR,pitcher,0,13,0
605452,Joe Ross,ARI,pitcher,0,3,0
657746,Joe Ryan,MIN,pitcher,0,8,0
669270,Joel Kuhnel,ATH,pitcher,0,12,0
606303,Joel Payamps,ATL,pitcher,0,12,0
666711,Joel Peguero,SFG,pitcher,0,2,0
663698,Joey Bart,PIT,batter,18,0,0
676282,Joey Cantillo,CLE,pitcher,0,8,0
680702,Joey Gerber,NYM,pitcher,0,1,0
694388,Joey Loperfido,HOU,batter,20,0,0
664192,Joey Lucchesi,LAA,pitcher,0,5,0
687401,Joey Ortiz,MIL,batter,29,0,0
686894,Joey Wiemer,WSN,two-way,25,1,0
670912,Johan Oviedo,BOS,pitcher,0,1,0
667463,John King,MIA,pitcher,0,17,0
804619,John Klein,MIN,pitcher,0,1,0
670167,John Schreiber,KCR,pitcher,0,15,0
671286,Johnathan Rodríguez,BAL,batter,5,0,0
668941,JoJo Romero,STL,pitcher,0,17,0
641680,Jonah Heim,ATH,batter,13,0,0
666018,Jonathan Aranda,TBR,batter,36,0,0
680742,Jonathan Bowlan,PHI,pitcher,0,9,0
686563,Jonathan Cannon,CHW,pitcher,0,1,0
663697,Jonathan India,KCR,batter,17,0,0
642528,Jonathan Loáisiga,ARI,pitcher,0,17,0
676356,Jonny DeLuca,TBR,batter,28,0,0
678391,Jorbit Vivas,WSN,batter,29,0,0
687597,Jordan Beck,COL,batter,26,0,0
663855,Jordan Hicks,CHW,pitcher,0,16,0
691783,Jordan Lawlar,ARI,batter,6,0,0
673929,Jordan Leasure,CHW,pitcher,0,16,0
605447,Jordan Romano,LAA,pitcher,0,11,0
691023,Jordan Walker,STL,batter,35,0,0
678489,Jorge Barrosa,ARI,batter,26,0,0
622761,Jorge Mateo,ATL,batter,23,0,0
593871,Jorge Polanco,NYM,batter,14,0,0
624585,Jorge Soler,LAA,batter,34,0,0
678606,Jose A. Ferrer,SEA,pitcher,0,20,0
514888,Jose Altuve,HOU,batter,34,0,0
664744,Jose Espada,BAL,pitcher,0,1,0
699912,Jose Fernandez,ARI,batter,29,0,0
683742,Jose Franco,CIN,pitcher,0,7,0
500779,Jose Quintana,COL,pitcher,0,5,0
624431,Jose Trevino,CIN,two-way,8,3,0
605137,Josh Bell,MIN,batter,35,0,0
694795,Josh Ekness,MIA,pitcher,0,2,0
676596,Josh Fleming,TOR,pitcher,0,1,0
673962,Josh Jung,TEX,batter,33,0,0
666139,Josh Lowe,LAA,batter,33,0,0
647304,Josh Naylor,SEA,batter,35,0,0
669701,Josh Smith,TEX,batter,31,0,0
621237,José Alvarado,PHI,pitcher,0,17,0
640492,José Azocar,ATL,batter,2,0,0
676130,José Buttó,SFG,pitcher,0,3,0
676609,José Caballero,NYY,batter,36,0,0
820862,José Fermin,LAA,pitcher,0,4,0
665877,José Fermín,STL,batter,15,0,0
608070,José Ramírez,CLE,batter,38,0,0
667755,José Soriano,LAA,pitcher,0,8,0
660761,José Suarez,ATL,pitcher,0,8,0
677588,José Tena,WSN,batter,28,0,0
664353,José Urquidy,PIT,pitcher,0,5,0
663558,Jovani Morán,BOS,pitcher,0,11,0
702275,JR Ritchie,ATL,pitcher,0,3,0
664141,JT Brubaker,SFG,pitcher,0,12,0
682877,Juan Brito,CLE,batter,15,0,0
675848,Juan Mejia,COL,pitcher,0,14,0
666661,Juan Morillo,ARI,pitcher,0,17,0
665742,Juan Soto,NYM,batter,21,0,0
642759,Julian Fernández,WSN,pitcher,0,3,0
677594,Julio Rodríguez,SEA,batter,38,0,0
808982,Jung Hoo Lee,SFG,batter,37,0,0
691406,Junior Caminero,TBR,batter,36,0,0
677865,Justin Bruihl,STL,pitcher,0,18,0
702222,Justin Crawford,PHI,batter,32,0,0
679822,Justin Foscue,TEX,batter,1,0,0
664875,Justin Lawrence,PIT,pitcher,0,15,0
686580,Justin Slaten,BOS,pitcher,0,4,0
686993,Justin Sterner,ATH,pitcher,0,17,0
623437,Justin Topa,MIN,pitcher,0,20,0
434378,Justin Verlander,DET,pitcher,0,1,0
680736,Justin Wrobleski,LAD,pitcher,0,6,0
678906,Kai-Wei Teng,HOU,pitcher,0,14,0
672960,Kazuma Okamoto,TOR,batter,36,0,0
663647,Ke'Bryan Hayes,CIN,batter,33,0,0
676775,Keaton Winn,SFG,pitcher,0,16,0
669211,Keegan Akin,BAL,pitcher,0,5,0
660688,Keibert Ruiz,WSN,batter,23,0,0
672456,Keider Montero,DET,pitcher,0,6,0
686610,Ken Waldichuk,WSN,pitcher,0,5,0
696070,Kendry Rojas,MIN,pitcher,0,1,0
445276,Kenley Jansen,DET,pitcher,0,11,0
681481,Kerry Carpenter,DET,batter,35,0,0
606466,Ketel Marte,ARI,batter,34,0,0
592332,Kevin Gausman,TOR,pitcher,0,8,0
656464,Kevin Ginkel,ARI,pitcher,0,16,0
687330,Kevin Kelly,TBR,pitcher,0,15,0
805808,Kevin McGonigle,DET,batter,36,0,0
673540,Kodai Senga,NYM,pitcher,0,5,0
665019,Kody Clemens,MIN,batter,26,0,0
681892,Kody Funderburk,MIN,pitcher,0,17,0
663465,Kolby Allard,CLE,pitcher,0,4,0
804606,Konnor Griffin,PIT,batter,31,0,0
663460,Kris Bubic,KCR,pitcher,0,7,0
677958,Kumar Rocker,TEX,pitcher,0,6,0
679775,Kyle Backhus,PHI,pitcher,0,10,0
680694,Kyle Bradish,BAL,pitcher,0,7,0
571657,Kyle Farmer,ATL,batter,8,0,0
640448,Kyle Finnegan,DET,pitcher,0,17,0
607536,Kyle Freeland,COL,two-way,1,6,0
690986,Kyle Harrison,MIL,pitcher,0,6,0
606996,Kyle Hart,SDP,pitcher,0,12,0
543309,Kyle Higashioka,TEX,batter,17,0,0
669165,Kyle Hurt,LAD,pitcher,0,9,0
664728,Kyle Isbel,KCR,batter,30,0,0
691720,Kyle Karros,COL,batter,35,0,0
681517,Kyle Leahy,STL,pitcher,0,7,0
700932,Kyle Manzardo,CLE,batter,33,0,0
693312,Kyle Nicolas,CIN,pitcher,0,7,0
656941,Kyle Schwarber,PHI,batter,37,0,0
669065,Kyle Stowers,MIA,batter,15,0,0
663656,Kyle Tucker,LAD,batter,36,0,0
669199,Lake Bachar,MIA,pitcher,0,10,0
621121,Lance McCullers Jr.,HOU,pitcher,0,7,0
694738,Landen Roupp,SFG,pitcher,0,7,0
657041,Lane Thomas,KCR,batter,29,0,0
671732,Lawrence Butler,ATH,batter,33,0,0
681751,Lazaro Estrada,TOR,pitcher,0,1,0
672820,Lenyn Sosa,TOR,batter,27,0,0
677870,Leo Jiménez,MIA,batter,9,0,0
660844,Leo Rivas,SEA,batter,32,0,0
665750,Leody Taveras,BAL,batter,30,0,0
689414,Liam Hicks,MIA,batter,34,0,0
669302,Logan Gilbert,SEA,pitcher,0,8,0
701656,Logan Henderson,MIL,pitcher,0,2,0
681351,Logan O'Hoppe,LAA,batter,26,0,0
657277,Logan Webb,SFG,pitcher,0,8,0
642152,Lou Trivino,BAL,pitcher,0,1,0
686973,Louis Varland,TOR,pitcher,0,18,0
666971,Lourdes Gurriel Jr.,ARI,batter,13,0,0
668674,Lucas Erceg,KCR,pitcher,0,16,0
608371,Lucas Sims,CHW,pitcher,0,9,0
679883,Luinder Avila,KCR,pitcher,0,5,0
650333,Luis Arraez,SFG,batter,34,0,0
669134,Luis Campusano,SDP,batter,18,0,0
622491,Luis Castillo,SEA,pitcher,0,7,0
681168,Luis Curvelo,TEX,pitcher,0,4,0
472610,Luis García,MIN,pitcher,0,11,0
671277,Luis García Jr.,WSN,batter,33,0,0
661563,Luis Gil,NYY,pitcher,0,4,0
682641,Luis Matos,MIL,batter,9,0,0
665622,Luis Medina,ATH,pitcher,0,9,0
682825,Luis Mey,CIN,pitcher,0,2,0
806960,Luis Morales,ATH,pitcher,0,3,0
650859,Luis Rengifo,MIL,batter,30,0,0
673357,Luis Robert Jr.,NYM,batter,24,0,0
622663,Luis Severino,ATH,pitcher,0,8,0
620443,Luis Torrens,NYM,batter,16,0,0
682668,Luisangel Acuña,CHW,batter,29,0,0
807712,Luke Keaschall,MIN,batter,36,0,0
681432,Luke Little,CHC,pitcher,0,1,0
670042,Luke Raley,SEA,batter,33,0,0
596133,Luke Weaver,NYM,two-way,1,15,0
663897,Luke Williams,ATL,batter,2,0,0
663609,Luken Baker,ARI,batter,3,0,0
669022,MacKenzie Gore,TEX,pitcher,0,7,0
672580,Maikel Garcia,KCR,batter,35,0,0
592518,Manny Machado,SDP,batter,34,0,0
542303,Marcell Ozuna,PIT,batter,31,0,0
691785,Marcelo Mayer,BOS,batter,32,0,0
543760,Marcus Semien,NYM,batter,36,0,0
643410,Mark Leiter Jr.,ATH,pitcher,0,17,0
668901,Mark Vientos,NYM,batter,28,0,0
527048,Martín Pérez,ATL,pitcher,0,7,0
807799,Masataka Yoshida,BOS,batter,22,0,0
686930,Mason Barnett,ATH,pitcher,0,1,0
696131,Mason Black,KCR,pitcher,0,4,0
669438,Mason Englert,TBR,pitcher,0,9,0
689254,Mason Fluharty,TOR,pitcher,0,19,0
695243,Mason Miller,SDP,pitcher,0,17,0
682254,Mason Montgomery,PIT,pitcher,0,14,0
691026,Masyn Winn,STL,batter,31,0,0
666374,Matt Brash,SEA,pitcher,0,14,0
656305,Matt Chapman,SFG,batter,36,0,0
670036,Matt Festa,CLE,pitcher,0,16,0
657424,Matt Gage,SFG,pitcher,0,17,0
680574,Matt McLain,CIN,batter,37,0,0
621566,Matt Olson,ATL,batter,38,0,0
690155,Matt Pushard,STL,pitcher,0,1,0
807713,Matt Shaw,CHC,batter,33,0,0
621381,Matt Strahm,KCR,pitcher,0,14,0
694335,Matt Svanson,STL,pitcher,0,17,0
663837,Matt Vierling,DET,batter,30,0,0
663362,Matt Waldron,SDP,pitcher,0,4,0
670242,Matt Wallner,MIN,batter,30,0,0
571510,Matthew Boyd,CHC,pitcher,0,5,0
669461,Matthew Liberatore,STL,pitcher,0,7,0
643289,Mauricio Dubón,ATL,batter,36,0,0
608331,Max Fried,NYY,pitcher,0,8,0
676974,Max Meyer,MIA,pitcher,0,7,0
571970,Max Muncy,LAD,batter,35,0,0
691777,Max Muncy,ATH,batter,26,0,0
453286,Max Scherzer,TOR,pitcher,0,5,0
680474,Max Schuemann,NYY,batter,3,0,0
518876,Merrill Kelly,ARI,pitcher,0,4,0
683737,Michael Busch,CHC,batter,36,0,0
624424,Michael Conforto,CHC,batter,20,0,0
671739,Michael Harris II,ATL,batter,35,0,0
547184,Michael Kelly,ATH,pitcher,0,4,0
650633,Michael King,SDP,pitcher,0,7,0
547179,Michael Lorenzen,COL,pitcher,0,9,0
686681,Michael Massey,KCR,batter,24,0,0
700241,Michael McGreevy,STL,pitcher,0,7,0
656848,Michael Petersen,MIA,pitcher,0,12,0
647336,Michael Soroka,ARI,pitcher,0,7,0
608379,Michael Wacha,KCR,pitcher,0,7,0
690953,Mick Abel,MIN,pitcher,0,4,0
666160,Mickey Moniak,COL,batter,29,0,0
665804,Miguel Amaya,CHC,batter,22,0,0
609280,Miguel Andujar,SDP,batter,26,0,0
500743,Miguel Rojas,LAD,two-way,23,1,0
678246,Miguel Vargas,CHW,batter,36,0,0
681347,Mike Burrows,HOU,pitcher,0,7,0
545361,Mike Trout,LAA,batter,37,0,0
573262,Mike Yastrzemski,ATL,batter,35,0,0
571945,Miles Mikolas,WSN,pitcher,0,8,0
815083,Mitch Farris,LAA,pitcher,0,5,0
641598,Mitch Garver,SEA,batter,18,0,0
656605,Mitch Keller,PIT,pitcher,0,7,0
687765,Mitch Spence,KCR,pitcher,0,1,0
680730,Mitchell Parker,WSN,pitcher,0,7,0
669004,MJ Melendez,NYM,batter,16,0,0
694208,Moisés Ballesteros,CHC,batter,33,0,0
605141,Mookie Betts,LAD,batter,8,0,0
808959,Munetaka Murakami,CHW,batter,37,0,0
664702,Myles Straw,TOR,batter,30,0,0
683083,Nasim Nuñez,WSN,batter,34,0,0
701675,Nathan Church,STL,batter,33,0,0
543135,Nathan Eovaldi,TEX,pitcher,0,8,0
664770,Nathan Lukes,TOR,batter,20,0,0
663993,Nathaniel Lowe,CIN,batter,26,0,0
669397,Nick Allen,HOU,batter,16,0,0
592206,Nick Castellanos,SDP,batter,23,0,0
689546,Nick Davila,SEA,pitcher,0,1,0
663743,Nick Fortes,TBR,batter,30,0,0
693304,Nick Gonzales,PIT,batter,34,0,0
701762,Nick Kurtz,ATH,batter,35,0,0
679845,Nick Loftin,KCR,batter,13,0,0
607259,Nick Martinez,TBR,pitcher,0,7,0
683232,Nick Mears,KCR,pitcher,0,14,0
601713,Nick Pivetta,SDP,pitcher,0,4,0
675919,Nick Raquet,BAL,pitcher,0,3,0
680704,Nick Sandlin,LAA,pitcher,0,8,0
694377,Nick Yorke,PIT,batter,23,0,0
670032,Nicky Lopez,CHC,batter,3,0,0
663538,Nico Hoerner,CHC,batter,36,0,0
702070,Noah Cameron,KCR,pitcher,0,6,0
702273,Noah Schultz,CHW,pitcher,0,5,0
682622,Noelvi Marte,CIN,batter,11,0,0
571448,Nolan Arenado,ARI,batter,33,0,0
669357,Nolan Gorman,STL,batter,35,0,0
676510,Nolan Hoffman,PHI,pitcher,0,2,0
690997,Nolan McLean,NYM,pitcher,0,7,0
694384,Nolan Schanuel,LAA,batter,35,0,0
665833,Oneil Cruz,PIT,batter,35,0,0
689147,Orion Kerkering,PHI,pitcher,0,14,0
687377,Orlando Ribalta,WSN,pitcher,0,4,0
674370,Osvaldo Bido,CHW,pitcher,0,11,0
672724,Oswald Peraza,LAA,batter,35,0,0
805249,Otto Kemp,PHI,batter,10,0,0
672640,Otto Lopez,MIA,batter,36,0,0
683357,Owen Caissie,MIA,batter,34,0,0
645277,Ozzie Albies,ATL,batter,38,0,0
664731,P.J. Higgins,CIN,two-way,5,1,0
678009,Parker Meadows,DET,batter,12,0,0
800048,Parker Messick,CLE,pitcher,0,7,0
672275,Patrick Bailey,SFG,batter,29,0,0
571578,Patrick Corbin,TOR,pitcher,0,6,0
621550,Patrick Wisdom,SEA,batter,1,0,0
621112,Paul Blackburn,NYY,two-way,1,9,0
502671,Paul Goldschmidt,NYY,batter,15,0,0
623149,Paul Sewald,ARI,pitcher,0,14,0
694973,Paul Skenes,PIT,pitcher,0,8,0
656976,Pavin Smith,ARI,batter,2,0,0
687606,Paxton Schultz,WSN,pitcher,0,9,0
801139,Payton Tolle,BOS,pitcher,0,3,0
686780,Pedro Pagés,STL,batter,24,0,0
624413,Pete Alonso,BAL,batter,37,0,0
691718,Pete Crow-Armstrong,CHC,batter,37,0,0
664126,Pete Fairbanks,MIA,pitcher,0,10,0
663567,Peter Lambert,HOU,pitcher,0,4,0
690984,Petey Halpin,CLE,batter,3,0,0
682608,Peyton Gray,TEX,pitcher,0,4,0
688883,Peyton Pallette,CLE,pitcher,0,11,0
664208,Phil Maton,CHC,pitcher,0,10,0
691769,Philip Abner,ARI,pitcher,0,1,0
572955,Pierce Johnson,CIN,pitcher,0,16,0
676571,PJ Poulin,WSN,pitcher,0,17,0
646240,Rafael Devers,SFG,batter,37,0,0
665561,Rafael Marchán,PHI,batter,16,0,0
628452,Raisel Iglesias,ATL,two-way,1,9,0
657656,Ramón Laureano,SDP,batter,33,0,0
602104,Ramón Urías,STL,batter,25,0,0
545341,Randal Grichuk,CHW,batter,19,0,0
668227,Randy Arozarena,SEA,batter,38,0,0
681190,Randy Vásquez,SDP,pitcher,0,7,0
624133,Ranger Suarez,BOS,pitcher,0,7,0
677956,Rece Hinds,CIN,batter,12,0,0
624512,Reese McGuire,CHW,two-way,11,1,0
672282,Reid Detmers,LAA,pitcher,0,7,0
625643,Reynaldo López,ATL,two-way,1,7,0
695076,Rhett Lowder,CIN,pitcher,0,7,0
656555,Rhys Hoskins,CLE,batter,29,0,0
663992,Richard Lovelady,WSN,pitcher,0,13,0
680700,Richie Palacios,TBR,batter,24,0,0
676568,Ricky Vanasco,DET,pitcher,0,2,0
670329,Rico Garcia,BAL,pitcher,0,18,0
683000,Riley Cornelio,WSN,pitcher,0,1,0
682985,Riley Greene,DET,batter,38,0,0
702303,Riley Martin,CHC,pitcher,0,8,0
676617,Riley O'Brien,STL,pitcher,0,17,0
608701,Rob Refsnyder,SEA,batter,21,0,0
592662,Robbie Ray,SFG,pitcher,0,7,0
676395,Robert Garcia,TEX,pitcher,0,9,0
663158,Robert Suarez,ATL,two-way,2,16,0
682610,Roddery Muñoz,HOU,pitcher,0,3,0
808963,Roki Sasaki,LAD,pitcher,0,6,0
691548,Rolddy Muñoz,ATL,pitcher,0,1,0
701350,Roman Anthony,BOS,batter,30,0,0
676760,Ron Marinaccio,SDP,pitcher,0,13,0
660670,Ronald Acuña Jr.,ATL,batter,34,0,0
677595,Ronny Mauricio,NYM,batter,10,0,0
668904,Royce Lewis,MIN,batter,23,0,0
669208,Ryan Bliss,SEA,batter,1,0,0
621366,Ryan Borucki,SFG,pitcher,0,13,0
663372,Ryan Feltner,COL,pitcher,0,5,0
681676,Ryan Fernandez,STL,pitcher,0,4,0
687473,Ryan Gusto,MIA,pitcher,0,1,0
664854,Ryan Helsley,BAL,pitcher,0,12,0
680777,Ryan Jeffers,MIN,batter,28,0,0
696270,Ryan Johnson,LAA,pitcher,0,1,0
668952,Ryan Kreidler,MIN,batter,5,0,0
641857,Ryan McMahon,NYY,batter,35,0,0
663624,Ryan Mountcastle,BAL,batter,8,0,0
656811,Ryan O'Hearn,PIT,batter,35,0,0
690022,Ryan Ritter,COL,batter,6,0,0
669020,Ryan Rolison,CHC,two-way,1,6,0
657044,Ryan Thompson,ARI,pitcher,0,18,0
668723,Ryan Vilade,TBR,batter,21,0,0
676254,Ryan Walker,SFG,pitcher,0,15,0
669899,Ryan Ward,LAD,batter,2,0,0
670245,Ryan Watson,BOS,pitcher,0,14,0
677960,Ryan Weathers,NYY,pitcher,0,7,0
680802,Ryan Weiss,HOU,pitcher,0,9,0
642232,Ryan Yarbrough,NYY,pitcher,0,8,0
666171,Ryan Zeferjahn,LAA,pitcher,0,13,0
669194,Ryne Nelson,ARI,pitcher,0,7,0
592773,Ryne Stanek,STL,pitcher,0,17,0
686217,Sal Frelick,MIL,batter,34,0,0
701398,Sal Stewart,CIN,batter,37,0,0
521692,Salvador Perez,KCR,batter,36,0,0
691951,Sam Aldegheri,LAA,pitcher,0,2,0
803011,Sam Antonacci,CHW,batter,20,0,0
696147,Sam Bachman,LAA,pitcher,0,13,0
664059,Sam Haggerty,TEX,batter,20,0,0
669087,Sam Huff,BAL,batter,3,0,0
594580,Sam Moll,CIN,pitcher,0,17,0
694212,Samuel Basallo,BAL,batter,29,0,0
645261,Sandy Alcantara,MIA,pitcher,0,8,0
669289,Santiago Espinal,LAD,batter,18,0,0
605130,Scott Barlow,ATH,pitcher,0,16,0
664068,Scott Kingery,CHC,batter,8,0,0
680732,Sean Burke,CHW,pitcher,0,7,0
640455,Sean Manaea,NYM,pitcher,0,8,0
669221,Sean Murphy,ATL,batter,2,0,0
656794,Sean Newcomb,CHW,pitcher,0,15,0
665861,Sebastián Rivero,LAA,batter,8,0,0
673548,Seiya Suzuki,CHC,batter,24,0,0
622554,Seranthony Domínguez,CHW,pitcher,0,15,0
678020,Seth Halvorsen,COL,pitcher,0,2,0
686751,Seth Johnson,PHI,pitcher,0,3,0
607625,Seth Lugo,KCR,pitcher,0,7,0
669358,Shane Baz,BAL,pitcher,0,7,0
675660,Shane Drohan,MIL,pitcher,0,5,0
663556,Shane McClanahan,TBR,pitcher,0,7,0
681343,Shane Smith,CHW,pitcher,0,3,0
641312,Shaun Anderson,LAA,pitcher,0,9,0
542888,Shawn Armstrong,CLE,pitcher,0,12,0
694376,Shay Whitcomb,HOU,batter,11,0,0
669127,Shea Langeliers,ATH,batter,32,0,0
660271,Shohei Ohtani,LAD,two-way,34,6,0
684007,Shota Imanaga,CHC,pitcher,0,7,0
680573,Simeon Woods Richardson,MIN,pitcher,0,7,0
677944,Slade Cecconi,CLE,pitcher,0,7,0
543243,Sonny Gray,BOS,pitcher,0,6,0
681293,Spencer Arrighetti,HOU,pitcher,0,4,0
687462,Spencer Horwitz,PIT,batter,33,0,0
693686,Spencer Miles,TOR,pitcher,0,11,0
668715,Spencer Steer,CIN,batter,35,0,0
675911,Spencer Strider,ATL,pitcher,0,1,0
679529,Spencer Torkelson,DET,batter,37,0,0
516782,Starling Marte,KCR,batter,14,0,0
663568,Stephen Kolek,KCR,pitcher,0,1,0
674444,Steven Cruz,KCR,pitcher,0,5,0
680757,Steven Kwan,CLE,batter,35,0,0
571927,Steven Matz,TBR,pitcher,0,7,0
595345,Steven Okert,HOU,pitcher,0,18,0
823550,Sung-Mun Song,SDP,batter,3,0,0
592836,Taijuan Walker,PHI,pitcher,0,5,0
671737,Taj Bradley,MIN,pitcher,0,8,0
621383,Tanner Banks,PHI,pitcher,0,14,0
676440,Tanner Bibee,CLE,pitcher,0,8,0
685299,Tanner Gordon,COL,pitcher,0,4,0
695020,Tanner Murray,CHW,batter,13,0,0
656945,Tanner Scott,LAD,pitcher,0,17,0
669373,Tarik Skubal,DET,pitcher,0,7,0
837227,Tatsuya Imai,HOU,pitcher,0,3,0
642048,Tayler Saucedo,LAA,pitcher,0,1,0
664199,Taylor Clarke,ARI,pitcher,0,17,0
688497,Taylor Rashi,ARI,pitcher,0,3,0
573124,Taylor Rogers,MIN,pitcher,0,15,0
666211,Taylor Trammell,HOU,batter,10,0,0
670764,Taylor Walls,TBR,batter,25,0,0
621493,Taylor Ward,BAL,batter,36,0,0
622088,Tejay Antone,CIN,pitcher,0,1,0
606192,Teoscar Hernández,LAD,batter,33,0,0
695336,Thomas Saggese,STL,batter,18,0,0
682120,Tim Herrin,CLE,pitcher,0,13,0
657612,Tim Hill,NYY,pitcher,0,16,0
641835,Tim Mayza,PHI,pitcher,0,16,0
694374,Tim Tawa,ARI,batter,19,0,0
670770,TJ Friedl,CIN,batter,35,0,0
681198,TJ Rumfield,COL,batter,37,0,0
668964,Tobias Myers,NYM,pitcher,0,11,0
667297,Tommy Nance,TOR,pitcher,0,16,0
502054,Tommy Pham,NYM,batter,9,0,0
608372,Tomoyuki Sugano,COL,pitcher,0,7,0
663574,Tony Santillan,CIN,pitcher,0,16,0
683953,Travis Bazzana,CLE,batter,7,0,0
518595,Travis d'Arnaud,LAA,batter,14,0,0
607208,Trea Turner,PHI,batter,36,0,0
663757,Trent Grisham,NYY,batter,36,0,0
663423,Trent Thornton,CHC,pitcher,0,1,0
663616,Trevor Larnach,MIN,batter,29,0,0
694680,Trevor Martin,TBR,pitcher,0,3,0
686790,Trevor McDonald,SFG,pitcher,0,1,0
656730,Trevor Megill,MIL,two-way,2,14,0
670950,Trevor Richards,PHI,pitcher,0,2,0
669432,Trevor Rogers,BAL,pitcher,0,6,0
596115,Trevor Story,BOS,batter,35,0,0
694346,Trey Gibson,BAL,pitcher,0,1,0
702056,Trey Yesavage,TOR,pitcher,0,2,0
656484,Tristan Gray,MIN,batter,19,0,0
671976,Tristan Peters,CHW,batter,34,0,0
687859,Troy Johnston,COL,batter,33,0,0
664034,Ty France,SDP,batter,20,0,0
680744,Ty Madden,DET,pitcher,0,1,0
641302,Tyler Alexander,TEX,pitcher,0,16,0
672012,Tyler Black,MIL,batter,8,0,0
699823,Tyler Davis,CHW,pitcher,0,5,0
621053,Tyler Ferguson,ATH,pitcher,0,1,0
671289,Tyler Freeman,COL,batter,21,0,0
656457,Tyler Gilbert,CHW,pitcher,0,2,0
607192,Tyler Glasnow,LAD,pitcher,0,7,0
623168,Tyler Heineman,TOR,two-way,21,2,0
663947,Tyler Holton,DET,pitcher,0,15,0
641755,Tyler Kinley,ATL,pitcher,0,18,0
641816,Tyler Mahle,SFG,pitcher,0,7,0
641933,Tyler O'Neill,BAL,batter,18,0,0
663969,Tyler Phillips,MIA,pitcher,0,11,0
643511,Tyler Rogers,TOR,pitcher,0,17,0
701719,Tyler Samaniego,BOS,pitcher,0,10,0
805326,Tyler Schweitzer,CHW,pitcher,0,1,0
691016,Tyler Soderstrom,ATH,batter,34,0,0
663886,Tyler Stephenson,CIN,batter,30,0,0
686475,Tyler Tolbert,KCR,two-way,7,1,0
700413,Tyler Uberstine,BOS,pitcher,0,1,0
669330,Tyler Wells,BAL,pitcher,0,14,0
621438,Tyrone Taylor,NYM,batter,28,0,0
678368,Valente Bellozo,COL,pitcher,0,3,0
687093,Vaughn Grissom,LAA,batter,18,0,0
605170,Victor Caratini,MIN,batter,26,0,0
645302,Victor Robles,SEA,batter,5,0,0
687363,Victor Scott II,STL,batter,34,0,0
680767,Victor Vodnik,COL,two-way,1,13,0
592826,Vince Velasquez,CHC,pitcher,0,1,0
686469,Vinnie Pasquantino,KCR,batter,35,0,0
665489,Vladimir Guerrero Jr.,TOR,batter,37,0,0
700712,Walbert Urena,LAA,pitcher,0,3,0
700712,Walbert Ureña,LAA,pitcher,0,3,0
621111,Walker Buehler,SDP,pitcher,0,7,0
593974,Wandy Peralta,SDP,pitcher,0,15,0
672761,Wenceel Pérez,DET,batter,23,0,0
642215,Weston Wilson,BAL,two-way,8,2,0
696062,Wilber Dotel,PIT,pitcher,0,3,0
666181,Will Benson,CIN,batter,28,0,0
686823,Will Brennan,SFG,batter,5,0,0
694361,Will Klein,LAD,pitcher,0,10,0
669257,Will Smith,LAD,batter,31,0,0
676684,Will Vest,DET,pitcher,0,13,0
701542,Will Warren,NYY,pitcher,0,8,0
669717,Will Wilson,SEA,batter,2,0,0
650489,Willi Castro,COL,batter,28,0,0
661388,William Contreras,MIL,batter,33,0,0
687531,William Kempner,MIA,pitcher,0,1,0
575929,Willson Contreras,BOS,batter,36,0,0
642715,Willy Adames,SFG,batter,36,0,0
677800,Wilyer Abreu,BOS,batter,36,0,0
694671,Wyatt Langford,TEX,batter,20,0,0
593428,Xander Bogaerts,SDP,batter,35,0,0
669364,Xavier Edwards,MIA,batter,37,0,0
605441,Yacksel Ríos,CHC,pitcher,0,1,0
673237,Yainer Diaz,HOU,batter,26,0,0
650490,Yandy Díaz,TBR,batter,34,0,0
682274,Yaramil Hiraldo,BAL,pitcher,0,3,0
666974,Yennier Cano,BAL,pitcher,0,17,0
660787,Yerry De los Santos,NYY,pitcher,0,2,0
672782,Yoendrys Gómez,TBR,pitcher,0,9,0
670990,Yohan Ramírez,PIT,pitcher,0,16,0
650968,Yohel Pozo,STL,batter,9,0,0
682818,Yohendrick Pinango,TOR,batter,4,0,0
682818,Yohendrick Piñango,TOR,batter,5,0,0
670541,Yordan Alvarez,HOU,batter,38,0,0
808967,Yoshinobu Yamamoto,LAD,pitcher,0,7,0
660162,Yoán Moncada,LAA,batter,33,0,0
579328,Yusei Kikuchi,LAA,pitcher,0,7,0
668678,Zac Gallen,ARI,pitcher,0,7,0
688642,Zach Agnos,COL,pitcher,0,11,0
805904,Zach Cole,HOU,batter,3,0,0
701305,Zach Dezenzo,HOU,batter,1,0,0
621107,Zach Eflin,BAL,pitcher,0,1,0
687209,Zach Maxwell,CIN,pitcher,0,1,0
656716,Zach McKinstry,DET,batter,16,0,0
687263,Zach Neto,LAA,batter,38,0,0
647315,Zach Pop,PHI,pitcher,0,7,0
680869,Zack Gelof,ATH,batter,20,0,0
677161,Zack Kelly,BOS,pitcher,0,13,0
641793,Zack Littell,WSN,pitcher,0,7,0
670097,Zack Short,DET,batter,2,0,0
554430,Zack Wheeler,PHI,pitcher,0,3,0
687849,Zak Kent,WSN,pitcher,0,3,0
