season,seasonPhase,date,gamePk,side,team,opponent,teamName,runs,hits,homeRuns,strikeOuts,baseOnBalls,atBats,totalBases,leftOnBase,pitchingRuns,pitchingHits,pitchingStrikeOuts,pitchingBaseOnBalls,pitchingHomeRuns
2026,regular,2026-03-25,823244,away,NYY,SFG,New York Yankees,7,10,0,12,3,36,12,15,0,3,6,2,0
2026,regular,2026-03-25,823244,home,SFG,NYY,San Francisco Giants,0,3,0,6,2,31,3,13,7,10,12,3,0
2026,regular,2026-03-26,823649,away,PIT,NYM,Pittsburgh Pirates,7,10,3,10,0,37,22,8,11,11,10,9,2
2026,regular,2026-03-26,823649,home,NYM,PIT,New York Mets,11,11,2,10,9,34,20,19,7,10,10,0,3
2026,regular,2026-03-26,823812,away,CHW,MIL,Chicago White Sox,2,4,2,20,5,31,10,16,14,12,3,10,2
2026,regular,2026-03-26,823812,home,MIL,CHW,Milwaukee Brewers,14,12,2,3,10,33,20,18,2,4,20,5,2
2026,regular,2026-03-26,824704,away,WSN,CHC,Washington Nationals,10,11,3,12,2,37,21,8,4,8,9,6,0
2026,regular,2026-03-26,824704,home,CHC,WSN,Chicago Cubs,4,8,0,9,6,34,10,26,10,11,12,2,3
2026,regular,2026-03-26,824865,away,MIN,BAL,Minnesota Twins,1,5,0,9,4,29,7,18,2,5,8,3,0
2026,regular,2026-03-26,824865,home,BAL,MIN,Baltimore Orioles,2,5,0,8,3,28,6,7,1,5,9,4,0
2026,regular,2026-03-26,824541,away,BOS,CIN,Boston Red Sox,3,12,0,7,3,36,13,20,0,4,12,3,0
2026,regular,2026-03-26,824541,home,CIN,BOS,Cincinnati Reds,0,4,0,12,3,32,6,17,3,12,7,3,0
2026,regular,2026-03-26,824218,away,LAA,HOU,Los Angeles Angels,3,9,2,14,6,36,15,22,0,3,9,6,0
2026,regular,2026-03-26,824218,home,HOU,LAA,Houston Astros,0,3,0,9,6,30,5,14,3,9,14,6,2
2026,regular,2026-03-26,823325,away,DET,SDP,Detroit Tigers,8,12,1,10,4,39,17,14,2,5,7,3,1
2026,regular,2026-03-26,823325,home,SDP,DET,San Diego Padres,2,5,1,7,3,33,9,13,8,12,10,4,1
2026,regular,2026-03-26,823081,away,TBR,STL,Tampa Bay Rays,7,17,1,5,6,43,20,26,9,14,3,1,2
2026,regular,2026-03-26,823081,home,STL,TBR,St. Louis Cardinals,9,14,2,3,1,37,22,14,7,17,5,6,1
2026,regular,2026-03-26,823486,away,TEX,PHI,Texas Rangers,3,8,1,11,1,35,12,10,5,10,10,1,2
2026,regular,2026-03-26,823486,home,PHI,TEX,Philadelphia Phillies,5,10,2,10,1,34,18,13,3,8,11,1,1
2026,regular,2026-03-26,823974,away,ARI,LAD,Arizona Diamondbacks,2,6,1,8,0,31,10,5,8,10,4,5,2
2026,regular,2026-03-26,823974,home,LAD,ARI,Los Angeles Dodgers,8,10,2,4,5,33,17,19,2,6,8,0,1
2026,regular,2026-03-26,823163,away,CLE,SEA,Cleveland Guardians,6,12,2,11,2,38,22,16,4,6,14,2,4
2026,regular,2026-03-26,823163,home,SEA,CLE,Seattle Mariners,4,6,4,14,2,32,20,5,6,12,11,2,2
2026,regular,2026-03-27,823243,away,NYY,SFG,New York Yankees,3,8,2,7,3,34,15,15,0,1,13,2,0
2026,regular,2026-03-27,823243,home,SFG,NYY,San Francisco Giants,0,1,0,13,2,28,2,5,3,8,7,3,2
2026,regular,2026-03-27,822839,away,ATH,TOR,Athletics,2,3,2,16,2,30,9,7,3,7,3,4,0
2026,regular,2026-03-27,822839,home,TOR,ATH,Toronto Blue Jays,3,7,0,3,4,32,11,9,2,3,16,2,2
2026,regular,2026-03-27,823893,away,COL,MIA,Colorado Rockies,1,7,0,9,2,32,7,11,2,8,4,2,0
2026,regular,2026-03-27,823893,home,MIA,COL,Miami Marlins,2,8,0,4,2,32,11,17,1,7,9,2,0
2026,regular,2026-03-27,824946,away,KCR,ATL,Kansas City Royals,0,5,0,8,3,30,5,14,6,11,10,4,3
2026,regular,2026-03-27,824946,home,ATL,KCR,Atlanta Braves,6,11,3,10,4,34,22,13,0,5,8,3,0
2026,regular,2026-03-27,824216,away,LAA,HOU,Los Angeles Angels,6,11,3,11,6,36,22,23,2,8,10,3,1
2026,regular,2026-03-27,824216,home,HOU,LAA,Houston Astros,2,8,1,10,3,35,12,14,6,11,11,6,3
2026,regular,2026-03-27,823324,away,DET,SDP,Detroit Tigers,5,6,0,9,8,31,6,24,2,8,12,2,0
2026,regular,2026-03-27,823324,home,SDP,DET,San Diego Padres,2,8,0,12,2,34,11,21,5,6,9,8,0
2026,regular,2026-03-27,823162,away,CLE,SEA,Cleveland Guardians,1,4,1,9,3,30,7,13,5,3,10,7,2
2026,regular,2026-03-27,823162,home,SEA,CLE,Seattle Mariners,5,3,2,10,7,26,11,12,1,4,9,3,1
2026,regular,2026-03-27,823971,away,ARI,LAD,Arizona Diamondbacks,4,8,1,12,4,33,15,14,5,4,5,3,2
2026,regular,2026-03-27,823971,home,LAD,ARI,Los Angeles Dodgers,5,4,2,5,3,28,11,4,4,8,12,4,1
2026,regular,2026-03-28,823082,away,TBR,STL,Tampa Bay Rays,5,7,0,8,3,36,7,15,6,6,8,2,0
2026,regular,2026-03-28,823082,home,STL,TBR,St. Louis Cardinals,6,6,0,8,2,32,8,7,5,7,8,3,0
2026,regular,2026-03-28,824701,away,WSN,CHC,Washington Nationals,2,4,1,6,4,28,7,10,10,10,7,6,2
2026,regular,2026-03-28,824701,home,CHC,WSN,Chicago Cubs,10,10,2,7,6,34,17,12,2,4,6,4,1
2026,regular,2026-03-28,822838,away,ATH,TOR,Athletics,7,8,1,19,5,40,12,16,8,14,7,8,1
2026,regular,2026-03-28,822838,home,TOR,ATH,Toronto Blue Jays,8,14,1,7,8,42,18,30,7,8,19,5,1
2026,regular,2026-03-28,824862,away,MIN,BAL,Minnesota Twins,4,4,1,10,4,30,7,6,1,5,16,6,0
2026,regular,2026-03-28,824862,home,BAL,MIN,Baltimore Orioles,1,5,0,16,6,32,6,15,4,4,10,4,1
2026,regular,2026-03-28,823488,away,TEX,PHI,Texas Rangers,5,10,2,13,3,39,16,21,4,5,11,3,0
2026,regular,2026-03-28,823488,home,PHI,TEX,Philadelphia Phillies,4,5,0,11,3,36,6,13,5,10,13,3,2
2026,regular,2026-03-28,824540,away,BOS,CIN,Boston Red Sox,5,8,2,15,5,40,16,20,6,10,12,7,2
2026,regular,2026-03-28,824540,home,CIN,BOS,Cincinnati Reds,6,10,2,12,7,42,17,25,5,8,15,5,2
2026,regular,2026-03-28,823651,away,PIT,NYM,Pittsburgh Pirates,2,12,0,9,4,46,13,32,4,6,8,5,1
2026,regular,2026-03-28,823651,home,NYM,PIT,New York Mets,4,6,1,8,5,35,9,24,2,12,9,4,0
2026,regular,2026-03-28,823892,away,COL,MIA,Colorado Rockies,3,6,2,10,1,33,13,8,4,10,7,1,1
2026,regular,2026-03-28,823892,home,MIA,COL,Miami Marlins,4,10,1,7,1,32,14,15,3,6,10,1,2
2026,regular,2026-03-28,824213,away,LAA,HOU,Los Angeles Angels,9,6,3,8,8,30,15,14,11,13,12,5,0
2026,regular,2026-03-28,824213,home,HOU,LAA,Houston Astros,11,13,0,12,5,38,17,24,9,6,8,8,3
2026,regular,2026-03-28,823811,away,CHW,MIL,Chicago White Sox,1,7,1,11,4,32,13,14,6,12,9,5,0
2026,regular,2026-03-28,823811,home,MIL,CHW,Milwaukee Brewers,6,12,0,9,5,36,14,17,1,7,11,4,1
2026,regular,2026-03-28,824945,away,KCR,ATL,Kansas City Royals,2,5,1,8,3,32,9,12,6,9,8,4,1
2026,regular,2026-03-28,824945,home,ATL,KCR,Atlanta Braves,6,9,1,8,4,31,12,10,2,5,8,3,1
2026,regular,2026-03-28,823241,away,NYY,SFG,New York Yankees,3,7,1,10,2,33,13,10,1,9,8,3,0
2026,regular,2026-03-28,823241,home,SFG,NYY,San Francisco Giants,1,9,0,8,3,32,11,18,3,7,10,2,1
2026,regular,2026-03-28,823323,away,DET,SDP,Detroit Tigers,0,2,0,13,4,29,3,10,3,7,6,4,0
2026,regular,2026-03-28,823323,home,SDP,DET,San Diego Padres,3,7,0,6,4,31,7,12,0,2,13,4,0
2026,regular,2026-03-28,823973,away,ARI,LAD,Arizona Diamondbacks,2,5,0,7,1,31,6,7,3,6,6,3,1
2026,regular,2026-03-28,823973,home,LAD,ARI,Los Angeles Dodgers,3,6,1,6,3,29,10,14,2,5,7,1,0
2026,regular,2026-03-28,823161,away,CLE,SEA,Cleveland Guardians,6,8,1,13,3,38,14,9,5,9,12,7,1
2026,regular,2026-03-28,823161,home,SEA,CLE,Seattle Mariners,5,9,1,12,7,38,14,23,6,8,13,3,1
2026,regular,2026-03-29,824864,away,MIN,BAL,Minnesota Twins,6,12,1,12,5,37,20,23,8,12,5,5,1
2026,regular,2026-03-29,824864,home,BAL,MIN,Baltimore Orioles,8,12,1,5,5,33,18,13,6,12,12,5,1
2026,regular,2026-03-29,823487,away,TEX,PHI,Texas Rangers,8,8,2,10,3,34,16,10,3,3,10,8,0
2026,regular,2026-03-29,823487,home,PHI,TEX,Philadelphia Phillies,3,3,0,10,8,27,3,19,8,8,10,3,2
2026,regular,2026-03-29,824944,away,KCR,ATL,Kansas City Royals,4,7,1,8,3,33,11,13,1,7,5,0,1
2026,regular,2026-03-29,824944,home,ATL,KCR,Atlanta Braves,1,7,1,5,0,33,11,10,4,7,8,3,1
2026,regular,2026-03-29,822837,away,ATH,TOR,Athletics,2,5,1,15,1,32,9,6,5,6,7,3,3
2026,regular,2026-03-29,822837,home,TOR,ATH,Toronto Blue Jays,5,6,3,7,3,29,15,6,2,5,15,1,1
2026,regular,2026-03-29,824538,away,BOS,CIN,Boston Red Sox,2,7,1,7,6,32,13,14,3,7,9,4,1
2026,regular,2026-03-29,824538,home,CIN,BOS,Cincinnati Reds,3,7,1,9,4,29,11,12,2,7,7,6,1
2026,regular,2026-03-29,823647,away,PIT,NYM,Pittsburgh Pirates,4,7,1,12,8,35,11,19,3,9,16,2,0
2026,regular,2026-03-29,823647,home,NYM,PIT,New York Mets,3,9,0,16,2,37,12,15,4,7,12,8,1
2026,regular,2026-03-29,823891,away,COL,MIA,Colorado Rockies,3,6,0,11,2,34,9,18,4,8,8,5,1
2026,regular,2026-03-29,823891,home,MIA,COL,Miami Marlins,4,8,1,8,5,29,14,13,3,6,11,2,0
2026,regular,2026-03-29,824215,away,LAA,HOU,Los Angeles Angels,7,7,1,13,8,33,12,18,9,7,6,9,0
2026,regular,2026-03-29,824215,home,HOU,LAA,Houston Astros,9,7,0,6,9,31,12,21,7,7,13,8,1
2026,regular,2026-03-29,823810,away,CHW,MIL,Chicago White Sox,7,9,3,12,5,34,18,13,9,11,12,7,2
2026,regular,2026-03-29,823810,home,MIL,CHW,Milwaukee Brewers,9,11,2,12,7,35,20,25,7,9,12,5,3
2026,regular,2026-03-29,823079,away,TBR,STL,Tampa Bay Rays,11,17,0,6,4,42,22,23,7,11,5,3,3
2026,regular,2026-03-29,823079,home,STL,TBR,St. Louis Cardinals,7,11,3,5,3,37,22,17,11,17,6,4,0
2026,regular,2026-03-29,824700,away,WSN,CHC,Washington Nationals,6,11,2,9,3,35,21,16,3,4,10,2,3
2026,regular,2026-03-29,824700,home,CHC,WSN,Chicago Cubs,3,4,3,10,2,32,13,9,6,11,9,3,2
2026,regular,2026-03-29,823160,away,CLE,SEA,Cleveland Guardians,0,2,0,14,1,27,2,6,8,9,8,5,1
2026,regular,2026-03-29,823160,home,SEA,CLE,Seattle Mariners,8,9,1,8,5,34,15,21,0,2,14,1,0
2026,regular,2026-03-30,824135,away,MIN,KCR,Minnesota Twins,1,4,1,6,3,29,7,8,3,7,7,2,2
2026,regular,2026-03-30,824135,home,KCR,MIN,Kansas City Royals,3,7,2,7,2,30,14,11,1,4,6,3,1
2026,regular,2026-03-30,824863,away,TEX,BAL,Texas Rangers,5,10,0,11,5,37,12,27,2,7,11,1,1
2026,regular,2026-03-30,824863,home,BAL,TEX,Baltimore Orioles,2,7,1,11,1,34,11,11,5,10,11,5,0
2026,regular,2026-03-30,824539,away,PIT,CIN,Pittsburgh Pirates,0,4,0,11,5,30,4,20,2,4,7,5,0
2026,regular,2026-03-30,824539,home,CIN,PIT,Cincinnati Reds,2,4,0,7,5,26,6,10,0,4,11,5,0
2026,regular,2026-03-30,823484,away,WSN,PHI,Washington Nationals,13,17,0,6,5,44,20,27,2,7,9,2,1
2026,regular,2026-03-30,823484,home,PHI,WSN,Philadelphia Phillies,2,7,1,9,2,35,12,20,13,17,6,5,0
2026,regular,2026-03-30,823890,away,CHW,MIA,Chicago White Sox,9,9,2,10,2,34,16,7,4,8,12,4,1
2026,regular,2026-03-30,823890,home,MIA,CHW,Miami Marlins,4,8,1,12,4,33,15,15,9,9,10,2,2
2026,regular,2026-03-30,822834,away,COL,TOR,Colorado Rockies,14,17,2,10,4,45,29,18,5,7,9,4,4
2026,regular,2026-03-30,822834,home,TOR,COL,Toronto Blue Jays,5,7,4,9,4,34,19,13,14,17,10,4,2
2026,regular,2026-03-30,824943,away,ATH,ATL,Athletics,0,7,0,7,1,33,9,12,4,10,4,5,0
2026,regular,2026-03-30,824943,home,ATL,ATH,Atlanta Braves,4,10,0,4,5,31,14,17,0,7,7,1,0
2026,regular,2026-03-30,824702,away,LAA,CHC,Los Angeles Angels,2,5,1,9,1,31,8,8,7,9,5,7,1
2026,regular,2026-03-30,824702,home,CHC,LAA,Chicago Cubs,7,9,1,5,7,31,13,18,2,5,9,1,1
2026,regular,2026-03-30,823809,away,TBR,MIL,Tampa Bay Rays,3,7,2,14,2,33,14,9,2,6,7,2,1
2026,regular,2026-03-30,823809,home,MIL,TBR,Milwaukee Brewers,2,6,1,7,2,33,10,17,3,7,14,2,2
2026,regular,2026-03-30,823080,away,NYM,STL,New York Mets,4,10,0,4,5,36,15,23,2,5,9,3,1
2026,regular,2026-03-30,823080,home,STL,NYM,St. Louis Cardinals,2,5,1,9,3,31,9,12,4,10,4,5,0
2026,regular,2026-03-30,824214,away,BOS,HOU,Boston Red Sox,1,4,0,12,2,29,6,9,8,13,6,2,4
2026,regular,2026-03-30,824214,home,HOU,BOS,Houston Astros,8,13,4,6,2,34,27,12,1,4,12,2,0
2026,regular,2026-03-30,823320,away,SFG,SDP,San Francisco Giants,3,6,1,7,3,32,10,11,2,3,11,3,1
2026,regular,2026-03-30,823320,home,SDP,SFG,San Diego Padres,2,3,1,11,3,29,6,10,3,6,7,3,1
2026,regular,2026-03-30,823159,away,NYY,SEA,New York Yankees,1,6,0,10,2,31,8,11,2,9,11,3,0
2026,regular,2026-03-30,823159,home,SEA,NYY,Seattle Mariners,2,9,0,11,3,35,10,22,1,6,10,2,0
2026,regular,2026-03-30,825108,away,DET,ARI,Detroit Tigers,6,10,0,14,4,37,15,14,9,11,3,6,2
2026,regular,2026-03-30,825108,home,ARI,DET,Arizona Diamondbacks,9,11,2,3,6,36,21,23,6,10,14,4,0
2026,regular,2026-03-30,823972,away,CLE,LAD,Cleveland Guardians,4,9,0,8,3,35,12,21,2,9,6,0,0
2026,regular,2026-03-30,823972,home,LAD,CLE,Los Angeles Dodgers,2,9,0,6,0,33,11,11,4,9,8,3,0
2026,regular,2026-03-31,824861,away,TEX,BAL,Texas Rangers,8,13,3,11,3,40,26,17,5,9,11,1,1
2026,regular,2026-03-31,824861,home,BAL,TEX,Baltimore Orioles,5,9,1,11,1,36,14,12,8,13,11,3,3
2026,regular,2026-03-31,824537,away,PIT,CIN,Pittsburgh Pirates,8,8,4,7,3,33,20,10,3,6,12,8,2
2026,regular,2026-03-31,824537,home,CIN,PIT,Cincinnati Reds,3,6,2,12,8,32,12,25,8,8,7,3,4
2026,regular,2026-03-31,823485,away,WSN,PHI,Washington Nationals,2,8,0,12,2,35,10,15,3,7,2,2,2
2026,regular,2026-03-31,823485,home,PHI,WSN,Philadelphia Phillies,3,7,2,2,2,30,13,13,2,8,12,2,0
2026,regular,2026-03-31,823888,away,CHW,MIA,Chicago White Sox,2,5,0,13,2,32,6,12,9,9,5,3,1
2026,regular,2026-03-31,823888,home,MIA,CHW,Miami Marlins,9,9,1,5,3,30,14,7,2,5,13,2,0
2026,regular,2026-03-31,822836,away,COL,TOR,Colorado Rockies,1,7,1,6,1,32,11,10,5,14,10,4,0
2026,regular,2026-03-31,822836,home,TOR,COL,Toronto Blue Jays,5,14,0,10,4,36,15,18,1,7,6,1,1
2026,regular,2026-03-31,824942,away,ATH,ATL,Athletics,5,8,1,11,3,33,13,9,2,6,6,4,1
2026,regular,2026-03-31,824942,home,ATL,ATH,Atlanta Braves,2,6,1,6,4,33,9,20,5,8,11,3,1
2026,regular,2026-03-31,824699,away,LAA,CHC,Los Angeles Angels,2,5,0,9,7,32,7,24,0,4,8,4,0
2026,regular,2026-03-31,824699,home,CHC,LAA,Chicago Cubs,0,4,0,8,4,29,4,14,2,5,9,7,0
2026,regular,2026-03-31,823807,away,TBR,MIL,Tampa Bay Rays,2,7,2,8,2,34,16,11,6,7,6,5,2
2026,regular,2026-03-31,823807,home,MIL,TBR,Milwaukee Brewers,6,7,2,6,5,31,14,12,2,7,8,2,2
2026,regular,2026-03-31,823077,away,NYM,STL,New York Mets,0,3,0,5,4,29,4,13,3,6,11,4,1
2026,regular,2026-03-31,823077,home,STL,NYM,St. Louis Cardinals,3,6,1,11,4,30,11,15,0,3,5,4,0
2026,regular,2026-03-31,824212,away,BOS,HOU,Boston Red Sox,2,4,1,13,3,31,8,7,9,11,6,5,2
2026,regular,2026-03-31,824212,home,HOU,BOS,Houston Astros,9,11,2,6,5,35,20,13,2,4,13,3,1
2026,regular,2026-03-31,825107,away,DET,ARI,Detroit Tigers,5,6,0,9,2,32,8,5,7,8,12,4,2
2026,regular,2026-03-31,825107,home,ARI,DET,Arizona Diamondbacks,7,8,2,12,4,30,17,11,5,6,9,2,0
2026,regular,2026-03-31,823322,away,SFG,SDP,San Francisco Giants,9,16,2,7,2,40,26,16,3,6,8,4,0
2026,regular,2026-03-31,823322,home,SDP,SFG,San Diego Padres,3,6,0,8,4,32,8,12,9,16,7,2,2
2026,regular,2026-03-31,823158,away,NYY,SEA,New York Yankees,5,9,0,10,3,33,12,10,0,4,7,1,0
2026,regular,2026-03-31,823158,home,SEA,NYY,Seattle Mariners,0,4,0,7,1,30,4,7,5,9,10,3,0
2026,regular,2026-03-31,823969,away,CLE,LAD,Cleveland Guardians,1,2,0,10,5,29,3,14,4,10,11,3,1
2026,regular,2026-03-31,823969,home,LAD,CLE,Los Angeles Dodgers,4,10,1,11,3,34,13,19,1,2,10,5,0
2026,regular,2026-04-01,824940,away,ATH,ATL,Athletics,1,4,1,6,0,30,8,4,5,7,10,5,0
2026,regular,2026-04-01,824940,home,ATL,ATH,Atlanta Braves,5,7,0,10,5,30,8,12,1,4,6,0,1
2026,regular,2026-04-01,824860,away,TEX,BAL,Texas Rangers,3,8,1,5,2,34,12,9,8,12,7,6,2
2026,regular,2026-04-01,824860,home,BAL,TEX,Baltimore Orioles,8,12,2,7,6,33,20,15,3,8,5,2,1
2026,regular,2026-04-01,824536,away,PIT,CIN,Pittsburgh Pirates,8,9,2,10,5,35,16,10,3,5,9,3,1
2026,regular,2026-04-01,824536,home,CIN,PIT,Cincinnati Reds,3,5,1,9,3,32,9,11,8,9,10,5,2
2026,regular,2026-04-01,823483,away,WSN,PHI,Washington Nationals,5,10,1,11,4,38,14,17,6,12,4,5,2
2026,regular,2026-04-01,823483,home,PHI,WSN,Philadelphia Phillies,6,12,2,4,5,38,20,19,5,10,11,4,1
2026,regular,2026-04-01,822835,away,COL,TOR,Colorado Rockies,2,6,0,17,3,36,7,21,1,7,9,1,0
2026,regular,2026-04-01,822835,home,TOR,COL,Toronto Blue Jays,1,7,0,9,1,36,7,19,2,6,17,3,0
2026,regular,2026-04-01,823889,away,CHW,MIA,Chicago White Sox,0,3,0,7,0,30,3,4,10,13,6,4,2
2026,regular,2026-04-01,823889,home,MIA,CHW,Miami Marlins,10,13,2,6,4,37,25,17,0,3,7,0,0
2026,regular,2026-04-01,823078,away,NYM,STL,New York Mets,1,5,1,6,4,38,10,21,2,5,13,4,0
2026,regular,2026-04-01,823078,home,STL,NYM,St. Louis Cardinals,2,5,0,13,4,36,5,22,1,5,6,4,1
2026,regular,2026-04-01,823806,away,TBR,MIL,Tampa Bay Rays,2,5,1,11,3,31,9,14,8,9,10,2,1
2026,regular,2026-04-01,823806,home,MIL,TBR,Milwaukee Brewers,8,9,1,10,2,33,13,11,2,5,11,3,1
2026,regular,2026-04-01,824211,away,BOS,HOU,Boston Red Sox,4,7,2,13,3,34,14,12,6,8,9,2,2
2026,regular,2026-04-01,824211,home,HOU,BOS,Houston Astros,6,8,2,9,2,32,16,13,4,7,13,3,2
2026,regular,2026-04-01,824698,away,LAA,CHC,Los Angeles Angels,2,4,0,16,2,31,4,7,6,10,10,5,0
2026,regular,2026-04-01,824698,home,CHC,LAA,Chicago Cubs,6,10,0,10,5,34,13,20,2,4,16,2,0
2026,regular,2026-04-01,825106,away,DET,ARI,Detroit Tigers,0,7,0,5,0,32,11,9,1,6,3,2,1
2026,regular,2026-04-01,825106,home,ARI,DET,Arizona Diamondbacks,1,6,1,3,2,28,10,10,0,7,5,0,0
2026,regular,2026-04-01,823321,away,SFG,SDP,San Francisco Giants,1,4,0,14,3,31,5,14,7,9,7,5,1
2026,regular,2026-04-01,823321,home,SDP,SFG,San Diego Padres,7,9,1,7,5,34,16,18,1,4,14,3,0
2026,regular,2026-04-01,823157,away,NYY,SEA,New York Yankees,5,6,2,9,3,31,13,6,3,7,10,1,0
2026,regular,2026-04-01,823157,home,SEA,NYY,Seattle Mariners,3,7,0,10,1,34,9,11,5,6,9,3,2
2026,regular,2026-04-01,824136,away,MIN,KCR,Minnesota Twins,9,9,1,11,9,37,15,29,13,15,8,5,2
2026,regular,2026-04-01,824136,home,KCR,MIN,Kansas City Royals,13,15,2,8,5,35,25,19,9,9,11,9,1
2026,regular,2026-04-01,823970,away,CLE,LAD,Cleveland Guardians,4,6,2,5,3,30,13,9,1,5,12,3,1
2026,regular,2026-04-01,823970,home,LAD,CLE,Los Angeles Dodgers,1,5,1,12,3,29,9,12,4,6,5,3,2
2026,regular,2026-04-02,824133,away,MIN,KCR,Minnesota Twins,5,8,3,12,3,31,18,11,1,7,6,2,0
2026,regular,2026-04-02,824133,home,KCR,MIN,Kansas City Royals,1,7,0,6,2,33,7,15,5,8,12,3,3
2026,regular,2026-04-02,825105,away,ATL,ARI,Atlanta Braves,17,16,4,6,8,43,33,17,2,6,5,2,1
2026,regular,2026-04-02,825105,home,ARI,ATL,Arizona Diamondbacks,2,6,1,5,2,32,12,13,17,16,6,8,4
2026,regular,2026-04-02,823242,away,NYM,SFG,New York Mets,2,5,1,10,3,30,9,12,7,13,7,4,1
2026,regular,2026-04-02,823242,home,SFG,NYM,San Francisco Giants,7,13,1,7,4,35,19,14,2,5,10,3,1
2026,regular,2026-04-03,822758,away,LAD,WSN,Los Angeles Dodgers,13,16,5,8,5,41,32,20,6,11,5,5,1
2026,regular,2026-04-03,822758,home,WSN,LAD,Washington Nationals,6,11,1,5,5,37,17,22,13,16,8,5,5
2026,regular,2026-04-03,824299,away,STL,DET,St. Louis Cardinals,0,5,0,9,3,33,5,18,4,10,5,2,1
2026,regular,2026-04-03,824299,home,DET,STL,Detroit Tigers,4,10,1,5,2,32,15,12,0,5,9,3,0
2026,regular,2026-04-03,823568,away,MIA,NYY,Miami Marlins,2,4,2,10,0,30,10,2,8,6,10,11,2
2026,regular,2026-04-03,823568,home,NYY,MIA,New York Yankees,8,6,2,10,11,29,15,22,2,4,10,0,2
2026,regular,2026-04-03,824786,away,SDP,BOS,San Diego Padres,2,4,0,6,1,31,7,6,5,9,8,1,2
2026,regular,2026-04-03,824786,home,BOS,SDP,Boston Red Sox,5,9,2,8,1,31,17,12,2,4,6,1,0
2026,regular,2026-04-03,824621,away,TOR,CHW,Toronto Blue Jays,4,7,1,11,1,37,13,12,5,11,12,4,0
2026,regular,2026-04-03,824621,home,CHW,TOR,Chicago White Sox,5,11,0,12,4,38,11,22,4,7,11,1,1
2026,regular,2026-04-03,822919,away,CIN,TEX,Cincinnati Reds,5,10,3,11,0,37,20,10,3,8,9,2,0
2026,regular,2026-04-03,822919,home,TEX,CIN,Texas Rangers,3,8,0,9,2,35,16,12,5,10,11,0,3
2026,regular,2026-04-03,824458,away,CHC,CLE,Chicago Cubs,1,5,0,10,2,31,7,13,4,9,5,4,2
2026,regular,2026-04-03,824458,home,CLE,CHC,Cleveland Guardians,4,9,2,5,4,29,16,12,1,5,10,2,0
2026,regular,2026-04-03,823732,away,TBR,MIN,Tampa Bay Rays,4,8,0,7,3,35,12,18,10,7,12,6,1
2026,regular,2026-04-03,823732,home,MIN,TBR,Minnesota Twins,10,7,1,12,6,32,12,19,4,8,7,3,0
2026,regular,2026-04-03,824377,away,PHI,COL,Philadelphia Phillies,10,13,3,9,3,40,26,13,1,5,15,2,0
2026,regular,2026-04-03,824377,home,COL,PHI,Colorado Rockies,1,5,0,15,2,32,6,14,10,13,9,3,3
2026,regular,2026-04-03,823406,away,BAL,PIT,Baltimore Orioles,4,9,1,9,5,34,15,20,5,6,10,6,0
2026,regular,2026-04-03,823406,home,PIT,BAL,Pittsburgh Pirates,5,6,0,10,6,27,9,9,4,9,9,5,1
2026,regular,2026-04-03,824056,away,SEA,LAA,Seattle Mariners,3,7,0,7,6,36,9,17,1,1,12,1,0
2026,regular,2026-04-03,824056,home,LAA,SEA,Los Angeles Angels,1,1,0,12,1,29,1,6,3,7,7,6,0
2026,regular,2026-04-03,825026,away,HOU,ATH,Houston Astros,4,6,0,10,5,31,8,10,11,13,6,7,2
2026,regular,2026-04-03,825026,home,ATH,HOU,Athletics,11,13,2,6,7,35,21,14,4,6,10,5,0
2026,regular,2026-04-03,825103,away,ATL,ARI,Atlanta Braves,2,6,2,5,1,33,12,10,0,2,5,3,0
2026,regular,2026-04-03,825103,home,ARI,ATL,Arizona Diamondbacks,0,2,0,5,3,28,2,7,2,6,5,1,2
2026,regular,2026-04-03,823240,away,NYM,SFG,New York Mets,10,15,3,10,6,39,26,22,3,5,8,3,0
2026,regular,2026-04-03,823240,home,SFG,NYM,San Francisco Giants,3,5,0,8,3,32,7,12,10,15,10,6,3
2026,regular,2026-04-04,824295,away,STL,DET,St. Louis Cardinals,6,6,1,9,6,28,11,19,11,12,8,6,4
2026,regular,2026-04-04,824295,home,DET,STL,Detroit Tigers,11,12,4,8,6,31,26,9,6,6,9,6,1
2026,regular,2026-04-04,824622,away,TOR,CHW,Toronto Blue Jays,3,6,1,2,5,32,9,19,6,7,6,4,2
2026,regular,2026-04-04,824622,home,CHW,TOR,Chicago White Sox,6,7,2,6,4,29,15,8,3,6,2,5,1
2026,regular,2026-04-04,824132,away,MIL,KCR,Milwaukee Brewers,5,10,1,12,6,34,17,17,2,8,9,6,0
2026,regular,2026-04-04,824132,home,KCR,MIL,Kansas City Royals,2,8,0,9,6,33,11,21,5,10,12,6,1
2026,regular,2026-04-04,824134,away,MIL,KCR,Milwaukee Brewers,2,5,0,12,3,33,8,13,8,10,9,7,1
2026,regular,2026-04-04,824134,home,KCR,MIL,Kansas City Royals,8,10,1,9,7,31,15,15,2,5,12,3,0
2026,regular,2026-04-04,822757,away,LAD,WSN,Los Angeles Dodgers,10,16,1,8,3,42,22,17,5,8,11,2,1
2026,regular,2026-04-04,822757,home,WSN,LAD,Washington Nationals,5,8,1,11,2,34,15,14,10,16,8,3,1
2026,regular,2026-04-04,825027,away,HOU,ATH,Houston Astros,11,18,2,5,13,41,30,37,0,5,13,3,0
2026,regular,2026-04-04,825027,home,ATH,HOU,Athletics,0,5,0,13,3,31,5,12,11,18,5,13,2
2026,regular,2026-04-04,823404,away,BAL,PIT,Baltimore Orioles,2,6,0,8,7,31,6,21,3,8,7,6,0
2026,regular,2026-04-04,823404,home,PIT,BAL,Pittsburgh Pirates,3,8,0,7,6,33,11,21,2,6,8,7,0
2026,regular,2026-04-04,824782,away,SDP,BOS,San Diego Padres,3,7,0,9,5,34,10,17,2,8,8,1,0
2026,regular,2026-04-04,824782,home,BOS,SDP,Boston Red Sox,2,8,0,8,1,32,10,12,3,7,9,5,0
2026,regular,2026-04-04,822920,away,CIN,TEX,Cincinnati Reds,2,8,0,7,1,36,9,17,0,4,7,5,0
2026,regular,2026-04-04,822920,home,TEX,CIN,Texas Rangers,0,4,0,7,5,30,4,13,2,8,7,1,0
2026,regular,2026-04-04,823569,away,MIA,NYY,Miami Marlins,7,15,0,10,5,41,19,23,9,6,11,10,1
2026,regular,2026-04-04,823569,home,NYY,MIA,New York Yankees,9,6,1,11,10,30,9,23,7,15,10,5,0
2026,regular,2026-04-04,823730,away,TBR,MIN,Tampa Bay Rays,7,10,0,5,5,35,13,21,1,3,12,4,0
2026,regular,2026-04-04,823730,home,MIN,TBR,Minnesota Twins,1,3,0,12,4,30,3,12,7,10,5,5,0
2026,regular,2026-04-04,825104,away,ATL,ARI,Atlanta Braves,1,4,0,7,3,30,5,11,2,4,9,1,0
2026,regular,2026-04-04,825104,home,ARI,ATL,Arizona Diamondbacks,2,4,0,9,1,26,4,5,1,4,7,3,0
2026,regular,2026-04-04,824378,away,PHI,COL,Philadelphia Phillies,2,7,0,10,4,34,9,19,1,6,13,1,0
2026,regular,2026-04-04,824378,home,COL,PHI,Colorado Rockies,1,6,0,13,1,32,6,13,2,7,10,4,0
2026,regular,2026-04-04,823239,away,NYM,SFG,New York Mets,9,12,1,10,2,40,17,15,0,3,5,2,0
2026,regular,2026-04-04,823239,home,SFG,NYM,San Francisco Giants,0,3,0,5,2,30,3,12,9,12,10,2,1
2026,regular,2026-04-04,824054,away,SEA,LAA,Seattle Mariners,0,5,0,10,3,32,6,16,1,7,7,0,1
2026,regular,2026-04-04,824054,home,LAA,SEA,Los Angeles Angels,1,7,1,7,0,29,11,7,0,5,10,3,0
2026,regular,2026-04-05,824459,away,CHC,CLE,Chicago Cubs,1,2,0,10,2,28,2,12,0,1,5,6,0
2026,regular,2026-04-05,824459,home,CLE,CHC,Cleveland Guardians,0,1,0,5,6,25,2,13,1,2,10,2,0
2026,regular,2026-04-05,824460,away,CHC,CLE,Chicago Cubs,5,7,3,12,6,34,17,15,6,9,4,4,1
2026,regular,2026-04-05,824460,home,CLE,CHC,Cleveland Guardians,6,9,1,4,4,32,14,13,5,7,12,6,3
2026,regular,2026-04-05,822756,away,LAD,WSN,Los Angeles Dodgers,8,11,3,10,5,36,23,16,6,7,8,5,2
2026,regular,2026-04-05,822756,home,WSN,LAD,Washington Nationals,6,7,2,8,5,34,13,14,8,11,10,5,3
2026,regular,2026-04-05,823405,away,BAL,PIT,Baltimore Orioles,2,8,0,14,0,33,10,10,8,10,3,5,2
2026,regular,2026-04-05,823405,home,PIT,BAL,Pittsburgh Pirates,8,10,2,3,5,32,17,15,2,8,14,0,0
2026,regular,2026-04-05,824781,away,SDP,BOS,San Diego Padres,8,12,2,7,3,35,21,14,6,9,10,4,0
2026,regular,2026-04-05,824781,home,BOS,SDP,Boston Red Sox,6,9,0,10,4,36,15,15,8,12,7,3,2
2026,regular,2026-04-05,823566,away,MIA,NYY,Miami Marlins,7,7,0,9,5,33,9,12,6,7,9,9,1
2026,regular,2026-04-05,823566,home,NYY,MIA,New York Yankees,6,7,1,9,9,35,12,23,7,7,9,5,0
2026,regular,2026-04-05,823729,away,TBR,MIN,Tampa Bay Rays,4,8,2,5,5,36,14,16,1,3,7,2,1
2026,regular,2026-04-05,823729,home,MIN,TBR,Minnesota Twins,1,3,1,7,2,32,6,9,4,8,5,5,2
2026,regular,2026-04-05,824620,away,TOR,CHW,Toronto Blue Jays,0,6,0,9,3,32,6,19,3,8,6,4,0
2026,regular,2026-04-05,824620,home,CHW,TOR,Chicago White Sox,3,8,0,6,4,32,12,21,0,6,9,3,0
2026,regular,2026-04-05,824131,away,MIL,KCR,Milwaukee Brewers,8,10,1,11,8,35,20,15,5,9,9,4,1
2026,regular,2026-04-05,824131,home,KCR,MIL,Kansas City Royals,5,9,1,9,4,34,13,16,8,10,11,8,1
2026,regular,2026-04-05,822917,away,CIN,TEX,Cincinnati Reds,2,9,0,12,4,35,10,24,1,6,15,3,1
2026,regular,2026-04-05,822917,home,TEX,CIN,Texas Rangers,1,6,1,15,3,33,10,16,2,9,12,4,0
2026,regular,2026-04-05,824379,away,PHI,COL,Philadelphia Phillies,1,6,1,10,1,34,11,13,4,7,8,2,3
2026,regular,2026-04-05,824379,home,COL,PHI,Colorado Rockies,4,7,3,8,2,30,17,7,1,6,10,1,1
2026,regular,2026-04-05,825025,away,HOU,ATH,Houston Astros,10,11,3,11,11,40,21,29,12,16,6,9,2
2026,regular,2026-04-05,825025,home,ATH,HOU,Athletics,12,16,2,6,9,39,27,21,10,11,11,11,3
2026,regular,2026-04-05,823238,away,NYM,SFG,New York Mets,5,13,0,5,2,38,17,17,2,7,8,2,0
2026,regular,2026-04-05,823238,home,SFG,NYM,San Francisco Giants,2,7,0,8,2,31,8,7,5,13,5,2,0
2026,regular,2026-04-05,824053,away,SEA,LAA,Seattle Mariners,7,7,1,15,8,37,12,22,8,11,9,3,0
2026,regular,2026-04-05,824053,home,LAA,SEA,Los Angeles Angels,8,11,0,9,3,37,15,19,7,7,15,8,1
2026,regular,2026-04-05,825102,away,ATL,ARI,Atlanta Braves,5,11,1,6,3,41,16,23,6,9,5,2,0
2026,regular,2026-04-05,825102,home,ARI,ATL,Arizona Diamondbacks,6,9,0,5,2,33,16,11,5,11,6,3,1
2026,regular,2026-04-05,824296,away,STL,DET,St. Louis Cardinals,5,6,0,7,3,31,6,12,3,6,8,7,1
2026,regular,2026-04-05,824296,home,DET,STL,Detroit Tigers,3,6,1,8,7,32,10,17,5,6,7,3,0
2026,regular,2026-04-06,823002,away,CHC,TBR,Chicago Cubs,4,4,1,9,4,30,9,9,6,9,5,1,3
2026,regular,2026-04-06,823002,home,TBR,CHC,Tampa Bay Rays,6,9,3,5,1,32,20,9,4,4,9,4,1
2026,regular,2026-04-06,824456,away,KCR,CLE,Kansas City Royals,4,11,2,8,2,37,19,12,2,4,5,4,2
2026,regular,2026-04-06,824456,home,CLE,KCR,Cleveland Guardians,2,4,2,5,4,29,11,10,4,11,8,2,2
2026,regular,2026-04-06,823401,away,SDP,PIT,San Diego Padres,5,11,0,9,5,37,16,19,0,7,6,5,0
2026,regular,2026-04-06,823401,home,PIT,SDP,Pittsburgh Pirates,0,7,0,6,5,31,8,17,5,11,9,5,0
2026,regular,2026-04-06,823886,away,CIN,MIA,Cincinnati Reds,2,7,1,4,2,32,11,10,0,3,6,2,0
2026,regular,2026-04-06,823886,home,MIA,CIN,Miami Marlins,0,3,0,6,2,30,5,8,2,7,4,2,1
2026,regular,2026-04-06,822755,away,STL,WSN,St. Louis Cardinals,6,9,2,8,7,34,17,16,9,12,4,7,3
2026,regular,2026-04-06,822755,home,WSN,STL,Washington Nationals,9,12,3,4,7,35,25,14,6,9,8,7,2
2026,regular,2026-04-06,824783,away,MIL,BOS,Milwaukee Brewers,8,11,0,11,8,36,13,25,6,11,4,3,1
2026,regular,2026-04-06,824783,home,BOS,MIL,Boston Red Sox,6,11,1,4,3,36,17,21,8,11,11,8,0
2026,regular,2026-04-06,822832,away,LAD,TOR,Los Angeles Dodgers,14,17,5,8,5,43,34,21,2,5,6,5,0
2026,regular,2026-04-06,822832,home,TOR,LAD,Toronto Blue Jays,2,5,0,6,5,32,6,20,14,17,8,5,5
2026,regular,2026-04-06,823728,away,DET,MIN,Detroit Tigers,3,4,0,11,7,31,7,16,7,10,10,7,1
2026,regular,2026-04-06,823728,home,MIN,DET,Minnesota Twins,7,10,1,10,7,34,15,27,3,4,11,7,0
2026,regular,2026-04-06,824619,away,BAL,CHW,Baltimore Orioles,2,7,1,7,1,31,11,10,1,4,6,5,0
2026,regular,2026-04-06,824619,home,CHW,BAL,Chicago White Sox,1,4,0,6,5,29,4,16,2,7,7,1,1
2026,regular,2026-04-06,822918,away,SEA,TEX,Seattle Mariners,1,2,1,7,2,28,5,7,2,7,7,2,0
2026,regular,2026-04-06,822918,home,TEX,SEA,Texas Rangers,2,7,0,7,2,29,10,9,1,2,7,2,1
2026,regular,2026-04-06,824376,away,HOU,COL,Houston Astros,7,13,1,3,3,38,22,16,9,12,9,4,1
2026,regular,2026-04-06,824376,home,COL,HOU,Colorado Rockies,9,12,1,9,4,35,18,15,7,13,3,3,1
2026,regular,2026-04-06,824052,away,ATL,LAA,Atlanta Braves,2,5,2,11,1,31,11,7,6,5,10,2,2
2026,regular,2026-04-06,824052,home,LAA,ATL,Los Angeles Angels,6,5,2,10,2,28,11,10,2,5,11,1,2
2026,regular,2026-04-06,823237,away,PHI,SFG,Philadelphia Phillies,6,11,0,7,6,35,15,22,4,11,7,1,0
2026,regular,2026-04-06,823237,home,SFG,PHI,San Francisco Giants,4,11,0,7,1,36,15,12,6,11,7,6,0
2026,regular,2026-04-07,824457,away,KCR,CLE,Kansas City Royals,1,1,1,14,8,27,4,12,2,8,8,3,0
2026,regular,2026-04-07,824457,home,CLE,KCR,Cleveland Guardians,2,8,0,8,3,33,9,12,1,1,14,8,1
2026,regular,2026-04-07,824618,away,BAL,CHW,Baltimore Orioles,4,8,1,13,8,34,13,24,2,6,12,1,0
2026,regular,2026-04-07,824618,home,CHW,BAL,Chicago White Sox,2,6,0,12,1,34,8,12,4,8,13,8,1
2026,regular,2026-04-07,823648,away,ARI,NYM,Arizona Diamondbacks,3,9,0,10,3,39,11,20,4,8,7,4,0
2026,regular,2026-04-07,823648,home,NYM,ARI,New York Mets,4,8,0,7,4,33,9,13,3,9,10,3,0
2026,regular,2026-04-07,823402,away,SDP,PIT,San Diego Padres,1,3,1,9,2,29,6,8,7,12,10,2,0
2026,regular,2026-04-07,823402,home,PIT,SDP,Pittsburgh Pirates,7,12,0,10,2,35,14,13,1,3,9,2,1
2026,regular,2026-04-07,822999,away,CHC,TBR,Chicago Cubs,9,16,2,5,3,41,25,19,2,6,5,3,0
2026,regular,2026-04-07,822999,home,TBR,CHC,Tampa Bay Rays,2,6,0,5,3,32,7,18,9,16,5,3,2
2026,regular,2026-04-07,823887,away,CIN,MIA,Cincinnati Reds,6,5,0,8,6,34,7,15,3,7,7,6,0
2026,regular,2026-04-07,823887,home,MIA,CIN,Miami Marlins,3,7,0,7,6,36,8,23,6,5,8,6,0
2026,regular,2026-04-07,822754,away,STL,WSN,St. Louis Cardinals,7,9,2,8,10,36,17,26,6,10,13,4,2
2026,regular,2026-04-07,822754,home,WSN,STL,Washington Nationals,6,10,2,13,4,38,16,18,7,9,8,10,2
2026,regular,2026-04-07,824780,away,MIL,BOS,Milwaukee Brewers,2,5,0,8,3,30,5,16,3,3,11,5,0
2026,regular,2026-04-07,824780,home,BOS,MIL,Boston Red Sox,3,3,0,11,5,26,4,9,2,5,8,3,0
2026,regular,2026-04-07,823567,away,ATH,NYY,Athletics,3,6,0,13,4,32,8,15,5,9,7,4,2
2026,regular,2026-04-07,823567,home,NYY,ATH,New York Yankees,5,9,2,7,4,32,17,18,3,6,13,4,0
2026,regular,2026-04-07,822831,away,LAD,TOR,Los Angeles Dodgers,4,8,0,11,3,35,10,20,1,6,10,3,0
2026,regular,2026-04-07,822831,home,TOR,LAD,Toronto Blue Jays,1,6,0,10,3,33,9,20,4,8,11,3,0
2026,regular,2026-04-07,823727,away,DET,MIN,Detroit Tigers,2,9,0,14,3,36,12,21,4,10,10,3,0
2026,regular,2026-04-07,823727,home,MIN,DET,Minnesota Twins,4,10,0,10,3,34,13,21,2,9,14,3,0
2026,regular,2026-04-07,822916,away,SEA,TEX,Seattle Mariners,2,8,1,9,2,35,11,14,3,6,4,0,1
2026,regular,2026-04-07,822916,home,TEX,SEA,Texas Rangers,3,6,1,4,0,28,9,5,2,8,9,2,1
2026,regular,2026-04-07,824375,away,HOU,COL,Houston Astros,1,3,1,8,1,30,6,8,5,10,4,2,2
2026,regular,2026-04-07,824375,home,COL,HOU,Colorado Rockies,5,10,2,4,2,31,16,12,1,3,8,1,1
2026,regular,2026-04-07,824051,away,ATL,LAA,Atlanta Braves,7,12,1,12,3,37,18,14,2,6,14,4,1
2026,regular,2026-04-07,824051,home,LAA,ATL,Los Angeles Angels,2,6,1,14,4,33,10,22,7,12,12,3,1
2026,regular,2026-04-07,823235,away,PHI,SFG,Philadelphia Phillies,0,4,0,8,4,31,5,18,6,13,8,1,0
2026,regular,2026-04-07,823235,home,SFG,PHI,San Francisco Giants,6,13,0,8,1,34,19,16,0,4,8,4,0
2026,regular,2026-04-08,823403,away,SDP,PIT,San Diego Padres,8,10,1,9,1,40,17,17,2,6,6,4,0
2026,regular,2026-04-08,823403,home,PIT,SDP,Pittsburgh Pirates,2,6,0,6,4,31,9,17,8,10,9,1,1
2026,regular,2026-04-08,824455,away,KCR,CLE,Kansas City Royals,2,5,0,14,3,32,7,15,10,16,9,4,1
2026,regular,2026-04-08,824455,home,CLE,KCR,Cleveland Guardians,10,16,1,9,4,37,26,11,2,5,14,3,0
2026,regular,2026-04-08,824779,away,MIL,BOS,Milwaukee Brewers,0,4,0,7,3,31,5,12,5,7,6,8,0
2026,regular,2026-04-08,824779,home,BOS,MIL,Boston Red Sox,5,7,0,6,8,30,7,18,0,4,7,3,0
2026,regular,2026-04-08,824617,away,BAL,CHW,Baltimore Orioles,5,7,0,7,5,33,12,14,3,7,12,6,0
2026,regular,2026-04-08,824617,home,CHW,BAL,Chicago White Sox,3,7,0,12,6,32,9,21,5,7,7,5,0
2026,regular,2026-04-08,822915,away,SEA,TEX,Seattle Mariners,0,2,0,13,2,28,2,10,3,6,4,3,0
2026,regular,2026-04-08,822915,home,TEX,SEA,Texas Rangers,3,6,0,4,3,27,7,9,0,2,13,2,0
2026,regular,2026-04-08,822833,away,LAD,TOR,Los Angeles Dodgers,3,6,0,13,8,31,6,23,4,8,3,4,0
2026,regular,2026-04-08,822833,home,TOR,LAD,Toronto Blue Jays,4,8,0,3,4,33,11,21,3,6,13,8,0
2026,regular,2026-04-08,824374,away,HOU,COL,Houston Astros,1,8,0,6,2,35,8,14,9,10,7,9,1
2026,regular,2026-04-08,824374,home,COL,HOU,Colorado Rockies,9,10,1,7,9,30,16,20,1,8,6,2,0
2026,regular,2026-04-08,823234,away,PHI,SFG,Philadelphia Phillies,0,4,0,10,5,31,4,14,5,9,6,1,1
2026,regular,2026-04-08,823234,home,SFG,PHI,San Francisco Giants,5,9,1,6,1,32,15,12,0,4,10,5,0
2026,regular,2026-04-08,822753,away,STL,WSN,St. Louis Cardinals,6,8,1,9,7,34,11,18,1,4,2,1,0
2026,regular,2026-04-08,822753,home,WSN,STL,Washington Nationals,1,4,0,2,1,30,4,11,6,8,9,7,1
2026,regular,2026-04-08,824050,away,ATL,LAA,Atlanta Braves,8,8,1,9,6,34,16,18,2,7,10,3,1
2026,regular,2026-04-08,824050,home,LAA,ATL,Los Angeles Angels,2,7,1,10,3,33,11,16,8,8,9,6,1
2026,regular,2026-04-08,823646,away,ARI,NYM,Arizona Diamondbacks,7,11,0,8,4,34,16,15,2,7,7,1,0
2026,regular,2026-04-08,823646,home,NYM,ARI,New York Mets,2,7,0,7,1,35,8,17,7,11,8,4,0
2026,regular,2026-04-08,823000,away,CHC,TBR,Chicago Cubs,6,8,1,7,4,33,14,13,2,5,7,2,0
2026,regular,2026-04-08,823000,home,TBR,CHC,Tampa Bay Rays,2,5,0,7,2,30,5,7,6,8,7,4,1
2026,regular,2026-04-08,823885,away,CIN,MIA,Cincinnati Reds,4,9,1,11,2,35,14,18,7,12,6,2,2
2026,regular,2026-04-08,823885,home,MIA,CIN,Miami Marlins,7,12,2,6,2,34,19,16,4,9,11,2,1
2026,regular,2026-04-08,823564,away,ATH,NYY,Athletics,3,9,0,9,3,37,11,18,2,4,15,7,0
2026,regular,2026-04-08,823564,home,NYY,ATH,New York Yankees,2,4,0,15,7,29,4,17,3,9,9,3,0
2026,regular,2026-04-08,823726,away,DET,MIN,Detroit Tigers,6,12,0,6,2,40,15,25,8,11,4,6,0
2026,regular,2026-04-08,823726,home,MIN,DET,Minnesota Twins,8,11,0,4,6,34,13,18,6,12,6,2,0
2026,regular,2026-04-09,823884,away,CIN,MIA,Cincinnati Reds,1,7,1,9,4,35,11,24,8,12,5,5,0
2026,regular,2026-04-09,823884,home,MIA,CIN,Miami Marlins,8,12,0,5,5,35,18,22,1,7,9,4,1
2026,regular,2026-04-09,823565,away,ATH,NYY,Athletics,1,8,0,8,0,33,11,14,0,1,8,3,0
2026,regular,2026-04-09,823565,home,NYY,ATH,New York Yankees,0,1,0,8,3,29,1,8,1,8,8,0,0
2026,regular,2026-04-09,823724,away,DET,MIN,Detroit Tigers,1,5,0,9,3,31,7,19,3,9,9,5,1
2026,regular,2026-04-09,823724,home,MIN,DET,Minnesota Twins,3,9,1,9,5,31,12,18,1,5,9,3,0
2026,regular,2026-04-09,823645,away,ARI,NYM,Arizona Diamondbacks,7,8,0,9,3,34,15,12,1,6,6,2,1
2026,regular,2026-04-09,823645,home,NYM,ARI,New York Mets,1,6,1,6,2,33,10,12,7,8,9,3,0
2026,regular,2026-04-09,824130,away,CHW,KCR,Chicago White Sox,2,5,0,5,5,29,6,14,0,5,11,4,0
2026,regular,2026-04-09,824130,home,KCR,CHW,Kansas City Royals,0,5,0,11,4,32,6,17,2,5,5,5,0
2026,regular,2026-04-09,823319,away,COL,SDP,Colorado Rockies,3,10,1,14,2,41,16,23,7,9,7,6,1
2026,regular,2026-04-09,823319,home,SDP,COL,San Diego Padres,7,9,1,7,6,41,14,22,3,10,14,2,1
2026,regular,2026-04-10,824695,away,PIT,CHC,Pittsburgh Pirates,2,3,1,11,1,29,6,4,0,6,6,7,0
2026,regular,2026-04-10,824695,home,CHC,PIT,Chicago Cubs,0,6,0,6,7,31,6,26,2,3,11,1,1
2026,regular,2026-04-10,823482,away,ARI,PHI,Arizona Diamondbacks,5,7,0,10,3,33,8,14,4,7,16,2,1
2026,regular,2026-04-10,823482,home,PHI,ARI,Philadelphia Phillies,4,7,1,16,2,33,14,10,5,7,10,3,0
2026,regular,2026-04-10,824297,away,MIA,DET,Miami Marlins,0,2,0,9,2,28,5,7,2,8,7,1,1
2026,regular,2026-04-10,824297,home,DET,MIA,Detroit Tigers,2,8,1,7,1,31,11,15,0,2,9,2,0
2026,regular,2026-04-10,824534,away,LAA,CIN,Los Angeles Angels,10,10,3,7,8,37,22,13,2,4,4,5,1
2026,regular,2026-04-10,824534,home,CIN,LAA,Cincinnati Reds,2,4,1,4,5,31,7,11,10,10,7,8,3
2026,regular,2026-04-10,822829,away,MIN,TOR,Minnesota Twins,4,7,2,12,2,32,14,15,10,14,4,2,2
2026,regular,2026-04-10,822829,home,TOR,MIN,Toronto Blue Jays,10,14,2,4,2,37,27,14,4,7,12,2,2
2026,regular,2026-04-10,823643,away,ATH,NYM,Athletics,4,9,0,4,3,34,11,16,0,6,10,1,0
2026,regular,2026-04-10,823643,home,NYM,ATH,New York Mets,0,6,0,10,1,32,6,13,4,9,4,3,0
2026,regular,2026-04-10,822997,away,NYY,TBR,New York Yankees,3,5,1,12,2,31,10,11,5,9,5,5,1
2026,regular,2026-04-10,822997,home,TBR,NYY,Tampa Bay Rays,5,9,1,5,5,32,13,18,3,5,12,2,1
2026,regular,2026-04-10,824858,away,SFG,BAL,San Francisco Giants,6,12,2,6,3,38,23,16,3,8,6,4,1
2026,regular,2026-04-10,824858,home,BAL,SFG,Baltimore Orioles,3,8,1,6,4,35,15,13,6,12,6,3,2
2026,regular,2026-04-10,824941,away,CLE,ATL,Cleveland Guardians,5,8,1,5,5,34,12,13,11,15,5,3,3
2026,regular,2026-04-10,824941,home,ATL,CLE,Atlanta Braves,11,15,3,5,3,38,26,15,5,8,5,5,1
2026,regular,2026-04-10,824128,away,CHW,KCR,Chicago White Sox,0,2,0,11,1,29,3,8,2,7,3,1,1
2026,regular,2026-04-10,824128,home,KCR,CHW,Kansas City Royals,2,7,1,3,1,28,13,10,0,2,11,1,0
2026,regular,2026-04-10,823808,away,WSN,MIL,Washington Nationals,7,11,0,6,2,34,15,17,3,4,7,5,1
2026,regular,2026-04-10,823808,home,MIL,WSN,Milwaukee Brewers,3,4,1,7,5,30,7,14,7,11,6,2,0
2026,regular,2026-04-10,823076,away,BOS,STL,Boston Red Sox,2,5,0,7,0,32,6,12,3,8,9,6,0
2026,regular,2026-04-10,823076,home,STL,BOS,St. Louis Cardinals,3,8,0,9,6,30,10,24,2,5,7,0,0
2026,regular,2026-04-10,823318,away,COL,SDP,Colorado Rockies,2,8,0,7,1,33,8,12,5,6,6,3,3
2026,regular,2026-04-10,823318,home,SDP,COL,San Diego Padres,5,6,3,6,3,30,16,10,2,8,7,1,0
2026,regular,2026-04-10,823156,away,HOU,SEA,Houston Astros,6,8,1,6,4,31,12,16,9,9,10,10,1
2026,regular,2026-04-10,823156,home,SEA,HOU,Seattle Mariners,9,9,1,10,10,32,14,24,6,8,6,4,1
2026,regular,2026-04-10,823968,away,TEX,LAD,Texas Rangers,7,9,3,14,3,36,18,8,8,15,7,4,4
2026,regular,2026-04-10,823968,home,LAD,TEX,Los Angeles Dodgers,8,15,4,7,4,36,29,12,7,9,14,3,3
2026,regular,2026-04-11,823480,away,ARI,PHI,Arizona Diamondbacks,3,7,1,11,3,32,11,10,4,5,11,4,2
2026,regular,2026-04-11,823480,home,PHI,ARI,Philadelphia Phillies,4,5,2,11,4,30,12,11,3,7,11,3,1
2026,regular,2026-04-11,824294,away,MIA,DET,Miami Marlins,1,6,0,7,3,33,9,20,6,6,6,4,1
2026,regular,2026-04-11,824294,home,DET,MIA,Detroit Tigers,6,6,1,6,4,29,12,13,1,6,7,3,0
2026,regular,2026-04-11,824697,away,PIT,CHC,Pittsburgh Pirates,4,11,0,12,6,41,13,25,3,9,14,7,0
2026,regular,2026-04-11,824697,home,CHC,PIT,Chicago Cubs,3,9,0,14,7,43,9,31,4,11,12,6,0
2026,regular,2026-04-11,822830,away,MIN,TOR,Minnesota Twins,7,6,2,5,6,31,12,7,4,5,5,2,2
2026,regular,2026-04-11,822830,home,TOR,MIN,Toronto Blue Jays,4,5,2,5,2,31,11,10,7,6,5,6,2
2026,regular,2026-04-11,824535,away,LAA,CIN,Los Angeles Angels,3,5,0,7,9,30,7,22,7,8,6,9,1
2026,regular,2026-04-11,824535,home,CIN,LAA,Cincinnati Reds,7,8,1,6,9,32,14,18,3,5,7,9,0
2026,regular,2026-04-11,823644,away,ATH,NYM,Athletics,11,15,3,11,4,41,25,18,6,10,10,4,3
2026,regular,2026-04-11,823644,home,NYM,ATH,New York Mets,6,10,3,10,4,36,19,19,11,15,11,4,3
2026,regular,2026-04-11,824129,away,CHW,KCR,Chicago White Sox,0,4,0,8,1,30,6,8,2,4,6,1,1
2026,regular,2026-04-11,824129,home,KCR,CHW,Kansas City Royals,2,4,1,6,1,27,8,9,0,4,8,1,0
2026,regular,2026-04-11,822996,away,NYY,TBR,New York Yankees,4,8,1,9,7,38,14,21,5,9,8,1,0
2026,regular,2026-04-11,822996,home,TBR,NYY,Tampa Bay Rays,5,9,0,8,1,36,11,13,4,8,9,7,1
2026,regular,2026-04-11,823805,away,WSN,MIL,Washington Nationals,3,9,0,5,5,32,12,16,1,2,7,6,1
2026,regular,2026-04-11,823805,home,MIL,WSN,Milwaukee Brewers,1,2,1,7,6,30,5,16,3,9,5,5,0
2026,regular,2026-04-11,824857,away,SFG,BAL,San Francisco Giants,2,10,0,6,1,35,11,20,6,9,11,4,2
2026,regular,2026-04-11,824857,home,BAL,SFG,Baltimore Orioles,6,9,2,11,4,33,17,15,2,10,6,1,0
2026,regular,2026-04-11,823074,away,BOS,STL,Boston Red Sox,7,10,0,6,5,35,11,19,1,5,8,3,1
2026,regular,2026-04-11,823074,home,STL,BOS,St. Louis Cardinals,1,5,1,8,3,31,8,14,7,10,6,5,0
2026,regular,2026-04-11,824939,away,CLE,ATL,Cleveland Guardians,6,7,1,4,8,33,12,15,0,5,9,3,0
2026,regular,2026-04-11,824939,home,ATL,CLE,Atlanta Braves,0,5,0,9,3,32,8,13,6,7,4,8,1
2026,regular,2026-04-11,823316,away,COL,SDP,Colorado Rockies,5,9,3,10,4,34,20,9,9,10,5,7,2
2026,regular,2026-04-11,823316,home,SDP,COL,San Diego Padres,9,10,2,5,7,32,20,20,5,9,10,4,3
2026,regular,2026-04-11,823967,away,TEX,LAD,Texas Rangers,3,4,2,11,2,31,11,8,6,9,8,6,2
2026,regular,2026-04-11,823967,home,LAD,TEX,Los Angeles Dodgers,6,9,2,8,6,30,16,14,3,4,11,2,2
2026,regular,2026-04-11,823155,away,HOU,SEA,Houston Astros,7,17,1,9,4,43,26,30,8,7,8,7,2
2026,regular,2026-04-11,823155,home,SEA,HOU,Seattle Mariners,8,7,2,8,7,29,15,6,7,17,9,4,1
2026,regular,2026-04-12,824859,away,SFG,BAL,San Francisco Giants,2,7,1,7,0,33,12,7,6,11,7,5,1
2026,regular,2026-04-12,824859,home,BAL,SFG,Baltimore Orioles,6,11,1,7,5,34,16,20,2,7,7,0,1
2026,regular,2026-04-12,823479,away,ARI,PHI,Arizona Diamondbacks,4,9,0,11,2,34,12,16,3,10,5,2,1
2026,regular,2026-04-12,823479,home,PHI,ARI,Philadelphia Phillies,3,10,1,5,2,34,16,15,4,9,11,2,0
2026,regular,2026-04-12,822828,away,MIN,TOR,Minnesota Twins,8,8,2,12,2,33,15,9,2,12,9,4,0
2026,regular,2026-04-12,822828,home,TOR,MIN,Toronto Blue Jays,2,12,0,9,4,36,15,23,8,8,12,2,2
2026,regular,2026-04-12,824533,away,LAA,CIN,Los Angeles Angels,9,10,1,3,9,35,15,23,6,6,12,6,1
2026,regular,2026-04-12,824533,home,CIN,LAA,Cincinnati Reds,6,6,1,12,6,33,9,14,9,10,3,9,1
2026,regular,2026-04-12,823642,away,ATH,NYM,Athletics,1,4,1,10,3,31,8,11,0,4,5,1,0
2026,regular,2026-04-12,823642,home,NYM,ATH,New York Mets,0,4,0,5,1,30,4,8,1,4,10,3,1
2026,regular,2026-04-12,824293,away,MIA,DET,Miami Marlins,2,6,1,8,2,30,11,9,8,12,6,3,3
2026,regular,2026-04-12,824293,home,DET,MIA,Detroit Tigers,8,12,3,6,3,36,21,16,2,6,8,2,1
2026,regular,2026-04-12,822998,away,NYY,TBR,New York Yankees,4,7,1,8,2,33,13,9,5,11,9,1,0
2026,regular,2026-04-12,822998,home,TBR,NYY,Tampa Bay Rays,5,11,0,9,1,32,15,14,4,7,8,2,1
2026,regular,2026-04-12,824126,away,CHW,KCR,Chicago White Sox,6,7,2,9,5,32,15,16,5,6,9,6,0
2026,regular,2026-04-12,824126,home,KCR,CHW,Kansas City Royals,5,6,0,9,6,32,7,14,6,7,9,5,2
2026,regular,2026-04-12,823804,away,WSN,MIL,Washington Nationals,8,12,1,7,2,38,17,13,6,9,5,2,4
2026,regular,2026-04-12,823804,home,MIL,WSN,Milwaukee Brewers,6,9,4,5,2,36,21,8,8,12,7,2,1
2026,regular,2026-04-12,823075,away,BOS,STL,Boston Red Sox,9,11,1,4,3,38,16,22,3,7,4,2,2
2026,regular,2026-04-12,823075,home,STL,BOS,St. Louis Cardinals,3,7,2,4,2,32,13,9,9,11,4,3,1
2026,regular,2026-04-12,824696,away,PIT,CHC,Pittsburgh Pirates,6,7,3,15,3,33,16,16,7,10,7,7,2
2026,regular,2026-04-12,824696,home,CHC,PIT,Chicago Cubs,7,10,2,7,7,34,19,17,6,7,15,3,3
2026,regular,2026-04-12,823317,away,COL,SDP,Colorado Rockies,2,2,0,12,2,29,3,5,7,10,2,6,3
2026,regular,2026-04-12,823317,home,SDP,COL,San Diego Padres,7,10,3,2,6,26,20,16,2,2,12,2,0
2026,regular,2026-04-12,823154,away,HOU,SEA,Houston Astros,1,5,1,8,1,29,9,5,6,8,7,9,0
2026,regular,2026-04-12,823154,home,SEA,HOU,Seattle Mariners,6,8,0,7,9,30,11,28,1,5,8,1,1
2026,regular,2026-04-12,823966,away,TEX,LAD,Texas Rangers,5,10,1,11,10,34,14,28,2,6,12,6,1
2026,regular,2026-04-12,823966,home,LAD,TEX,Los Angeles Dodgers,2,6,1,12,6,32,10,19,5,10,11,10,1
2026,regular,2026-04-12,824938,away,CLE,ATL,Cleveland Guardians,1,9,1,8,1,35,15,13,13,19,5,2,1
2026,regular,2026-04-12,824938,home,ATL,CLE,Atlanta Braves,13,19,1,5,2,40,27,18,1,9,8,1,1
2026,regular,2026-04-13,823153,away,HOU,SEA,Houston Astros,2,7,0,6,2,32,7,11,6,13,3,1,2
2026,regular,2026-04-13,823153,home,SEA,HOU,Seattle Mariners,6,13,2,3,1,37,21,13,2,7,6,2,0
2026,regular,2026-04-13,824856,away,ARI,BAL,Arizona Diamondbacks,7,10,4,11,1,36,24,10,9,8,9,4,3
2026,regular,2026-04-13,824856,home,BAL,ARI,Baltimore Orioles,9,8,3,9,4,32,20,9,7,10,11,1,4
2026,regular,2026-04-13,823400,away,WSN,PIT,Washington Nationals,5,8,2,9,2,35,15,8,16,16,9,7,2
2026,regular,2026-04-13,823400,home,PIT,WSN,Pittsburgh Pirates,16,16,2,9,7,40,25,21,5,8,9,2,2
2026,regular,2026-04-13,823481,away,CHC,PHI,Chicago Cubs,7,11,1,12,5,38,16,27,13,15,5,5,2
2026,regular,2026-04-13,823481,home,PHI,CHC,Philadelphia Phillies,13,15,2,5,5,38,23,17,7,11,12,5,1
2026,regular,2026-04-13,823563,away,LAA,NYY,Los Angeles Angels,10,12,2,8,3,38,20,10,11,14,7,7,5
2026,regular,2026-04-13,823563,home,NYY,LAA,New York Yankees,11,14,5,7,7,39,32,17,10,12,8,3,2
2026,regular,2026-04-13,824937,away,MIA,ATL,Miami Marlins,10,16,2,9,3,41,22,20,4,9,10,6,0
2026,regular,2026-04-13,824937,home,ATL,MIA,Atlanta Braves,4,9,0,10,6,33,10,20,10,16,9,3,2
2026,regular,2026-04-13,823725,away,BOS,MIN,Boston Red Sox,6,10,1,10,4,35,15,18,13,11,4,5,4
2026,regular,2026-04-13,823725,home,MIN,BOS,Minnesota Twins,13,11,4,4,5,35,26,7,6,10,10,4,1
2026,regular,2026-04-13,823073,away,CLE,STL,Cleveland Guardians,9,11,2,6,5,36,18,15,3,9,6,4,1
2026,regular,2026-04-13,823073,home,STL,CLE,St. Louis Cardinals,3,9,1,6,4,35,14,20,9,11,6,5,2
2026,regular,2026-04-13,825024,away,TEX,ATH,Texas Rangers,8,11,2,12,5,37,19,17,1,5,8,2,1
2026,regular,2026-04-13,825024,home,ATH,TEX,Athletics,1,5,1,8,2,31,8,10,8,11,12,5,2
2026,regular,2026-04-13,823964,away,NYM,LAD,New York Mets,0,3,0,2,0,28,3,4,4,8,12,5,1
2026,regular,2026-04-13,823964,home,LAD,NYM,Los Angeles Dodgers,4,8,1,12,5,31,14,22,0,3,2,0,0
2026,regular,2026-04-14,824853,away,ARI,BAL,Arizona Diamondbacks,4,10,1,13,1,35,15,12,3,7,5,6,1
2026,regular,2026-04-14,824853,home,BAL,ARI,Baltimore Orioles,3,7,1,5,6,31,11,14,4,10,13,1,1
2026,regular,2026-04-14,824292,away,KCR,DET,Kansas City Royals,1,5,0,4,2,31,5,13,2,4,2,6,0
2026,regular,2026-04-14,824292,home,DET,KCR,Detroit Tigers,2,4,0,2,6,26,6,15,1,5,4,2,0
2026,regular,2026-04-14,823398,away,WSN,PIT,Washington Nationals,5,9,1,8,4,33,14,13,4,8,7,4,2
2026,regular,2026-04-14,823398,home,PIT,WSN,Pittsburgh Pirates,4,8,2,7,4,34,16,20,5,9,8,4,1
2026,regular,2026-04-14,824531,away,SFG,CIN,San Francisco Giants,1,7,1,5,1,33,11,11,2,3,9,5,2
2026,regular,2026-04-14,824531,home,CIN,SFG,Cincinnati Reds,2,3,2,9,5,24,9,10,1,7,5,1,1
2026,regular,2026-04-14,823478,away,CHC,PHI,Chicago Cubs,10,15,1,11,6,40,20,24,4,8,8,1,1
2026,regular,2026-04-14,823478,home,PHI,CHC,Philadelphia Phillies,4,8,1,8,1,34,12,10,10,15,11,6,1
2026,regular,2026-04-14,823562,away,LAA,NYY,Los Angeles Angels,7,12,5,12,6,37,27,24,1,5,12,0,0
2026,regular,2026-04-14,823562,home,NYY,LAA,New York Yankees,1,5,0,12,0,31,7,9,7,12,12,6,5
2026,regular,2026-04-14,824935,away,MIA,ATL,Miami Marlins,5,9,0,11,3,32,10,7,6,9,7,1,0
2026,regular,2026-04-14,824935,home,ATL,MIA,Atlanta Braves,6,9,0,7,1,33,13,12,5,9,11,3,0
2026,regular,2026-04-14,823723,away,BOS,MIN,Boston Red Sox,0,6,0,12,1,33,7,13,6,10,8,2,3
2026,regular,2026-04-14,823723,home,MIN,BOS,Minnesota Twins,6,10,3,8,2,33,19,13,0,6,12,1,0
2026,regular,2026-04-14,824616,away,TBR,CHW,Tampa Bay Rays,8,12,0,7,6,34,16,14,5,5,6,7,2
2026,regular,2026-04-14,824616,home,CHW,TBR,Chicago White Sox,5,5,2,6,7,33,11,19,8,12,7,6,0
2026,regular,2026-04-14,823802,away,TOR,MIL,Toronto Blue Jays,9,13,2,7,2,40,22,13,7,12,12,7,2
2026,regular,2026-04-14,823802,home,MIL,TOR,Milwaukee Brewers,7,12,2,12,7,41,19,27,9,13,7,2,2
2026,regular,2026-04-14,823072,away,CLE,STL,Cleveland Guardians,5,9,2,6,3,38,18,15,6,8,8,3,3
2026,regular,2026-04-14,823072,home,STL,CLE,St. Louis Cardinals,6,8,3,8,3,32,18,11,5,9,6,3,2
2026,regular,2026-04-14,824210,away,COL,HOU,Colorado Rockies,6,12,3,12,4,38,23,16,7,11,9,1,1
2026,regular,2026-04-14,824210,home,HOU,COL,Houston Astros,7,11,1,9,1,36,17,16,6,12,12,4,3
2026,regular,2026-04-14,823315,away,SEA,SDP,Seattle Mariners,1,4,0,7,3,28,4,13,4,11,4,1,0
2026,regular,2026-04-14,823315,home,SDP,SEA,San Diego Padres,4,11,0,4,1,34,14,18,1,4,7,3,0
2026,regular,2026-04-14,825022,away,TEX,ATH,Texas Rangers,1,4,0,8,4,30,6,11,2,4,11,8,0
2026,regular,2026-04-14,825022,home,ATH,TEX,Athletics,2,4,0,11,8,26,5,15,1,4,8,4,0
2026,regular,2026-04-14,823965,away,NYM,LAD,New York Mets,1,4,1,11,1,31,8,4,2,3,9,4,0
2026,regular,2026-04-14,823965,home,LAD,NYM,Los Angeles Dodgers,2,3,0,9,4,26,4,8,1,4,11,1,1
2026,regular,2026-04-15,824855,away,ARI,BAL,Arizona Diamondbacks,8,12,1,8,1,42,20,14,5,8,8,4,1
2026,regular,2026-04-15,824855,home,BAL,ARI,Baltimore Orioles,5,8,1,8,4,38,13,15,8,12,8,1,1
2026,regular,2026-04-15,823071,away,CLE,STL,Cleveland Guardians,3,8,0,8,2,31,11,9,5,9,7,7,0
2026,regular,2026-04-15,823071,home,STL,CLE,St. Louis Cardinals,5,9,0,7,7,31,11,19,3,8,8,2,0
2026,regular,2026-04-15,823722,away,BOS,MIN,Boston Red Sox,9,13,1,7,4,37,19,19,5,6,7,4,2
2026,regular,2026-04-15,823722,home,MIN,BOS,Minnesota Twins,5,6,2,7,4,33,12,9,9,13,7,4,1
2026,regular,2026-04-15,824291,away,KCR,DET,Kansas City Royals,1,6,0,8,3,32,10,12,2,7,9,1,1
2026,regular,2026-04-15,824291,home,DET,KCR,Detroit Tigers,2,7,1,9,1,28,11,5,1,6,8,3,0
2026,regular,2026-04-15,823399,away,WSN,PIT,Washington Nationals,0,3,0,8,2,30,5,14,2,5,7,3,0
2026,regular,2026-04-15,823399,home,PIT,WSN,Pittsburgh Pirates,2,5,0,7,3,28,5,13,0,3,8,2,0
2026,regular,2026-04-15,824532,away,SFG,CIN,San Francisco Giants,3,9,0,6,2,34,11,14,8,10,10,6,4
2026,regular,2026-04-15,824532,home,CIN,SFG,Cincinnati Reds,8,10,4,10,6,32,22,13,3,9,6,2,0
2026,regular,2026-04-15,823477,away,CHC,PHI,Chicago Cubs,11,15,2,8,2,40,24,10,2,5,12,1,2
2026,regular,2026-04-15,823477,home,PHI,CHC,Philadelphia Phillies,2,5,2,12,1,32,12,7,11,15,8,2,2
2026,regular,2026-04-15,823561,away,LAA,NYY,Los Angeles Angels,4,7,3,7,2,32,17,6,5,6,6,5,1
2026,regular,2026-04-15,823561,home,NYY,LAA,New York Yankees,5,6,1,6,5,30,11,11,4,7,7,2,3
2026,regular,2026-04-15,824936,away,MIA,ATL,Miami Marlins,3,8,1,12,4,34,13,16,6,11,7,0,3
2026,regular,2026-04-15,824936,home,ATL,MIA,Atlanta Braves,6,11,3,7,0,35,22,10,3,8,12,4,1
2026,regular,2026-04-15,824615,away,TBR,CHW,Tampa Bay Rays,8,9,3,5,5,34,20,10,3,7,6,5,0
2026,regular,2026-04-15,824615,home,CHW,TBR,Chicago White Sox,3,7,0,6,5,31,9,15,8,9,5,5,3
2026,regular,2026-04-15,823803,away,TOR,MIL,Toronto Blue Jays,1,5,0,6,3,30,5,8,2,5,6,4,0
2026,regular,2026-04-15,823803,home,MIL,TOR,Milwaukee Brewers,2,5,0,6,4,29,5,16,1,5,6,3,0
2026,regular,2026-04-15,824209,away,COL,HOU,Colorado Rockies,1,4,0,15,5,31,6,16,3,5,5,6,1
2026,regular,2026-04-15,824209,home,HOU,COL,Houston Astros,3,5,1,5,6,26,11,12,1,4,15,5,0
2026,regular,2026-04-15,823314,away,SEA,SDP,Seattle Mariners,6,10,1,12,7,36,17,20,7,10,7,2,1
2026,regular,2026-04-15,823314,home,SDP,SEA,San Diego Padres,7,10,1,7,2,35,17,9,6,10,12,7,1
2026,regular,2026-04-15,825021,away,TEX,ATH,Texas Rangers,5,5,2,8,5,31,11,9,6,7,11,6,2
2026,regular,2026-04-15,825021,home,ATH,TEX,Athletics,6,7,2,11,6,30,15,13,5,5,8,5,2
2026,regular,2026-04-15,823963,away,NYM,LAD,New York Mets,2,5,0,14,2,32,8,13,8,12,8,2,4
2026,regular,2026-04-15,823963,home,LAD,NYM,Los Angeles Dodgers,8,12,4,8,2,36,26,12,2,5,14,2,0
2026,regular,2026-04-16,823396,away,WSN,PIT,Washington Nationals,8,10,0,10,4,40,13,26,7,15,11,3,1
2026,regular,2026-04-16,823396,home,PIT,WSN,Pittsburgh Pirates,7,15,1,11,3,42,21,30,8,10,10,4,0
2026,regular,2026-04-16,824530,away,SFG,CIN,San Francisco Giants,3,6,0,9,2,31,7,9,0,1,12,3,0
2026,regular,2026-04-16,824530,home,CIN,SFG,Cincinnati Reds,0,1,0,12,3,26,1,11,3,6,9,2,0
2026,regular,2026-04-16,824289,away,KCR,DET,Kansas City Royals,9,13,2,8,1,38,22,14,10,14,8,4,1
2026,regular,2026-04-16,824289,home,DET,KCR,Detroit Tigers,10,14,1,8,4,37,24,17,9,13,8,1,2
2026,regular,2026-04-16,823560,away,LAA,NYY,Los Angeles Angels,11,9,3,7,7,36,19,8,4,8,8,4,3
2026,regular,2026-04-16,823560,home,NYY,LAA,New York Yankees,4,8,3,8,4,32,17,7,11,9,7,7,3
2026,regular,2026-04-16,823801,away,TOR,MIL,Toronto Blue Jays,1,6,0,8,1,31,8,10,2,7,8,3,0
2026,regular,2026-04-16,823801,home,MIL,TOR,Milwaukee Brewers,2,7,0,8,3,26,9,11,1,6,8,1,0
2026,regular,2026-04-16,824614,away,TBR,CHW,Tampa Bay Rays,5,9,1,10,7,37,12,23,3,8,7,4,2
2026,regular,2026-04-16,824614,home,CHW,TBR,Chicago White Sox,3,8,2,7,4,33,16,17,5,9,10,7,1
2026,regular,2026-04-16,825023,away,TEX,ATH,Texas Rangers,9,10,1,7,8,36,16,19,6,13,3,4,0
2026,regular,2026-04-16,825023,home,ATH,TEX,Athletics,6,13,0,3,4,38,16,21,9,10,7,8,1
2026,regular,2026-04-16,824453,away,BAL,CLE,Baltimore Orioles,2,4,0,9,2,29,5,9,4,8,10,4,1
2026,regular,2026-04-16,824453,home,CLE,BAL,Cleveland Guardians,4,8,1,10,4,31,12,14,2,4,9,2,0
2026,regular,2026-04-16,824208,away,COL,HOU,Colorado Rockies,3,9,1,5,6,33,13,19,2,5,13,6,0
2026,regular,2026-04-16,824208,home,HOU,COL,Houston Astros,2,5,0,13,6,31,7,21,3,9,5,6,1
2026,regular,2026-04-16,823313,away,SEA,SDP,Seattle Mariners,2,7,0,12,2,33,7,18,5,10,6,3,0
2026,regular,2026-04-16,823313,home,SDP,SEA,San Diego Padres,5,10,0,6,3,33,12,19,2,7,12,2,0
2026,regular,2026-04-17,824693,away,NYM,CHC,New York Mets,4,14,0,6,2,35,17,17,12,14,6,4,3
2026,regular,2026-04-17,824693,home,CHC,NYM,Chicago Cubs,12,14,3,6,4,37,25,17,4,14,6,2,0
2026,regular,2026-04-17,824454,away,BAL,CLE,Baltimore Orioles,6,7,1,11,6,33,11,15,4,7,7,7,1
2026,regular,2026-04-17,824454,home,CLE,BAL,Cleveland Guardians,4,7,1,7,7,34,11,29,6,7,11,6,1
2026,regular,2026-04-17,823476,away,ATL,PHI,Atlanta Braves,9,12,4,5,4,38,24,20,0,6,5,3,0
2026,regular,2026-04-17,823476,home,PHI,ATL,Philadelphia Phillies,0,6,0,5,3,33,8,19,9,12,5,4,4
2026,regular,2026-04-17,822752,away,SFG,WSN,San Francisco Giants,10,15,3,7,3,41,27,16,5,8,9,3,2
2026,regular,2026-04-17,822752,home,WSN,SFG,Washington Nationals,5,8,2,9,3,34,15,16,10,15,7,3,3
2026,regular,2026-04-17,823397,away,TBR,PIT,Tampa Bay Rays,1,5,0,6,2,32,6,10,5,11,6,5,1
2026,regular,2026-04-17,823397,home,PIT,TBR,Pittsburgh Pirates,5,11,1,6,5,33,17,19,1,5,6,2,0
2026,regular,2026-04-17,823559,away,KCR,NYY,Kansas City Royals,2,4,1,10,3,32,7,14,4,5,8,5,2
2026,regular,2026-04-17,823559,home,NYY,KCR,New York Yankees,4,5,2,8,5,29,12,13,2,4,10,3,1
2026,regular,2026-04-17,823883,away,MIL,MIA,Milwaukee Brewers,7,9,0,10,6,39,12,23,5,8,9,5,1
2026,regular,2026-04-17,823883,home,MIA,MIL,Miami Marlins,5,8,1,9,5,35,16,12,7,9,10,6,0
2026,regular,2026-04-17,824778,away,DET,BOS,Detroit Tigers,0,4,0,6,2,32,5,8,1,4,9,3,0
2026,regular,2026-04-17,824778,home,BOS,DET,Boston Red Sox,1,4,0,9,3,31,6,10,0,4,6,2,0
2026,regular,2026-04-17,824207,away,STL,HOU,St. Louis Cardinals,9,10,2,9,4,36,18,20,4,8,10,2,3
2026,regular,2026-04-17,824207,home,HOU,STL,Houston Astros,4,8,3,10,2,36,18,17,9,10,9,4,2
2026,regular,2026-04-17,823720,away,CIN,MIN,Cincinnati Reds,2,4,0,8,1,31,6,10,1,5,4,5,0
2026,regular,2026-04-17,823720,home,MIN,CIN,Minnesota Twins,1,5,0,4,5,30,5,17,2,4,8,1,0
2026,regular,2026-04-17,824373,away,LAD,COL,Los Angeles Dodgers,7,13,2,8,3,36,23,15,1,2,10,3,0
2026,regular,2026-04-17,824373,home,COL,LAD,Colorado Rockies,1,2,0,10,3,28,4,9,7,13,8,3,2
2026,regular,2026-04-17,824048,away,SDP,LAA,San Diego Padres,0,3,0,13,4,30,4,9,8,13,9,3,2
2026,regular,2026-04-17,824048,home,LAA,SDP,Los Angeles Angels,8,13,2,9,3,37,22,19,0,3,13,4,0
2026,regular,2026-04-17,823152,away,TEX,SEA,Texas Rangers,5,15,1,12,2,39,24,24,0,6,7,5,0
2026,regular,2026-04-17,823152,home,SEA,TEX,Seattle Mariners,0,6,0,7,5,31,7,17,5,15,12,2,1
2026,regular,2026-04-17,825101,away,TOR,ARI,Toronto Blue Jays,3,8,1,7,0,33,13,9,6,10,6,2,1
2026,regular,2026-04-17,825101,home,ARI,TOR,Arizona Diamondbacks,6,10,1,6,2,34,15,16,3,8,7,0,1
2026,regular,2026-04-17,825019,away,CHW,ATH,Chicago White Sox,9,15,1,11,4,41,22,23,2,4,5,4,0
2026,regular,2026-04-17,825019,home,ATH,CHW,Athletics,2,4,0,5,4,29,6,12,9,15,11,4,1
2026,regular,2026-04-18,823558,away,KCR,NYY,Kansas City Royals,4,7,1,12,1,33,12,10,13,11,6,7,4
2026,regular,2026-04-18,823558,home,NYY,KCR,New York Yankees,13,11,4,6,7,35,27,16,4,7,12,1,1
2026,regular,2026-04-18,823721,away,CIN,MIN,Cincinnati Reds,5,11,0,7,2,34,13,17,4,9,12,5,0
2026,regular,2026-04-18,823721,home,MIN,CIN,Minnesota Twins,4,9,0,12,5,37,13,24,5,11,7,2,0
2026,regular,2026-04-18,824694,away,NYM,CHC,New York Mets,2,7,1,7,4,33,11,16,4,5,3,3,2
2026,regular,2026-04-18,824694,home,CHC,NYM,Chicago Cubs,4,5,2,3,3,28,11,8,2,7,7,4,1
2026,regular,2026-04-18,823394,away,TBR,PIT,Tampa Bay Rays,8,15,1,12,4,50,20,34,7,7,14,8,2
2026,regular,2026-04-18,823394,home,PIT,TBR,Pittsburgh Pirates,7,7,2,14,8,46,14,27,8,15,12,4,1
2026,regular,2026-04-18,822751,away,SFG,WSN,San Francisco Giants,7,16,1,11,1,51,21,28,6,10,8,5,1
2026,regular,2026-04-18,822751,home,WSN,SFG,Washington Nationals,6,10,1,8,5,44,16,32,7,16,11,1,1
2026,regular,2026-04-18,825020,away,CHW,ATH,Chicago White Sox,6,8,3,7,8,38,19,34,7,10,6,10,2
2026,regular,2026-04-18,825020,home,ATH,CHW,Athletics,7,10,2,6,10,39,19,29,6,8,7,8,3
2026,regular,2026-04-18,824775,away,DET,BOS,Detroit Tigers,4,8,1,7,4,34,13,14,1,5,12,2,0
2026,regular,2026-04-18,824775,home,BOS,DET,Boston Red Sox,1,5,0,12,2,31,6,15,4,8,7,4,1
2026,regular,2026-04-18,823882,away,MIL,MIA,Milwaukee Brewers,5,5,1,5,11,32,9,22,2,8,4,1,0
2026,regular,2026-04-18,823882,home,MIA,MIL,Miami Marlins,2,8,0,4,1,35,8,15,5,5,5,11,1
2026,regular,2026-04-18,824451,away,BAL,CLE,Baltimore Orioles,2,4,2,16,1,32,11,9,4,3,8,2,2
2026,regular,2026-04-18,824451,home,CLE,BAL,Cleveland Guardians,4,3,2,8,2,27,9,3,2,4,16,1,2
2026,regular,2026-04-18,824206,away,STL,HOU,St. Louis Cardinals,7,10,3,11,4,36,21,20,5,4,9,8,2
2026,regular,2026-04-18,824206,home,HOU,STL,Houston Astros,5,4,2,9,8,30,11,12,7,10,11,4,3
2026,regular,2026-04-18,823151,away,TEX,SEA,Texas Rangers,3,11,1,8,8,37,16,25,7,11,8,3,1
2026,regular,2026-04-18,823151,home,SEA,TEX,Seattle Mariners,7,11,1,8,3,34,17,15,3,11,8,8,1
2026,regular,2026-04-18,823474,away,ATL,PHI,Atlanta Braves,3,10,0,12,4,37,13,17,1,5,10,1,1
2026,regular,2026-04-18,823474,home,PHI,ATL,Philadelphia Phillies,1,5,1,10,1,31,8,9,3,10,12,4,0
2026,regular,2026-04-18,824372,away,LAD,COL,Los Angeles Dodgers,3,8,2,8,2,34,16,15,4,7,7,2,0
2026,regular,2026-04-18,824372,home,COL,LAD,Colorado Rockies,4,7,0,7,2,30,11,12,3,8,8,2,2
2026,regular,2026-04-18,825098,away,TOR,ARI,Toronto Blue Jays,2,12,0,7,0,37,13,18,6,8,3,2,1
2026,regular,2026-04-18,825098,home,ARI,TOR,Arizona Diamondbacks,6,8,1,3,2,30,12,6,2,12,7,0,0
2026,regular,2026-04-18,824049,away,SDP,LAA,San Diego Padres,4,9,0,10,5,32,10,20,1,6,10,4,0
2026,regular,2026-04-18,824049,home,LAA,SDP,Los Angeles Angels,1,6,0,10,4,32,8,18,4,9,10,5,0
2026,regular,2026-04-19,822750,away,SFG,WSN,San Francisco Giants,0,9,0,9,1,36,11,18,3,7,8,1,1
2026,regular,2026-04-19,822750,home,WSN,SFG,Washington Nationals,3,7,1,8,1,31,12,13,0,9,9,1,0
2026,regular,2026-04-19,823393,away,TBR,PIT,Tampa Bay Rays,3,6,1,7,0,32,11,4,6,12,9,1,2
2026,regular,2026-04-19,823393,home,PIT,TBR,Pittsburgh Pirates,6,12,2,9,1,36,21,18,3,6,7,0,1
2026,regular,2026-04-19,823556,away,KCR,NYY,Kansas City Royals,0,6,0,9,2,31,8,10,7,7,9,10,3
2026,regular,2026-04-19,823556,home,NYY,KCR,New York Yankees,7,7,3,9,10,30,17,17,0,6,9,2,0
2026,regular,2026-04-19,824452,away,BAL,CLE,Baltimore Orioles,4,5,1,12,4,33,8,19,8,8,12,4,2
2026,regular,2026-04-19,824452,home,CLE,BAL,Cleveland Guardians,8,8,2,12,4,32,15,12,4,5,12,4,1
2026,regular,2026-04-19,823881,away,MIL,MIA,Milwaukee Brewers,3,5,0,10,3,31,6,8,5,8,13,5,0
2026,regular,2026-04-19,823881,home,MIA,MIL,Miami Marlins,5,8,0,13,5,32,11,23,3,5,10,3,0
2026,regular,2026-04-19,824205,away,STL,HOU,St. Louis Cardinals,7,8,0,13,3,39,11,16,5,8,6,3,1
2026,regular,2026-04-19,824205,home,HOU,STL,Houston Astros,5,8,1,6,3,36,14,15,7,8,13,3,0
2026,regular,2026-04-19,823718,away,CIN,MIN,Cincinnati Reds,7,7,0,14,7,38,10,21,4,9,5,6,0
2026,regular,2026-04-19,823718,home,MIN,CIN,Minnesota Twins,4,9,0,5,6,37,11,26,7,7,14,7,0
2026,regular,2026-04-19,824691,away,NYM,CHC,New York Mets,1,6,1,9,0,35,10,12,2,7,8,3,0
2026,regular,2026-04-19,824691,home,CHC,NYM,Chicago Cubs,2,7,0,8,3,32,10,20,1,6,9,0,1
2026,regular,2026-04-19,824371,away,LAD,COL,Los Angeles Dodgers,6,15,0,7,2,41,18,23,9,15,5,3,2
2026,regular,2026-04-19,824371,home,COL,LAD,Colorado Rockies,9,15,2,5,3,36,25,20,6,15,7,2,0
2026,regular,2026-04-19,825018,away,CHW,ATH,Chicago White Sox,7,10,4,11,3,36,24,17,4,5,11,3,1
2026,regular,2026-04-19,825018,home,ATH,CHW,Athletics,4,5,1,11,3,33,11,12,7,10,11,3,4
2026,regular,2026-04-19,824047,away,SDP,LAA,San Diego Padres,2,5,0,11,3,31,6,12,1,2,11,7,0
2026,regular,2026-04-19,824047,home,LAA,SDP,Los Angeles Angels,1,2,0,11,7,26,3,16,2,5,11,3,0
2026,regular,2026-04-19,823150,away,TEX,SEA,Texas Rangers,2,5,0,11,1,31,7,13,5,8,7,4,3
2026,regular,2026-04-19,823150,home,SEA,TEX,Seattle Mariners,5,8,3,7,4,32,18,14,2,5,11,1,0
2026,regular,2026-04-19,825100,away,TOR,ARI,Toronto Blue Jays,10,14,1,7,4,38,23,14,4,10,5,1,1
2026,regular,2026-04-19,825100,home,ARI,TOR,Arizona Diamondbacks,4,10,1,5,1,35,15,12,10,14,7,4,1
2026,regular,2026-04-19,824777,away,DET,BOS,Detroit Tigers,6,12,2,8,3,37,20,11,2,6,10,3,1
2026,regular,2026-04-19,824777,home,BOS,DET,Boston Red Sox,2,6,1,10,3,32,12,8,6,12,8,3,2
2026,regular,2026-04-19,823475,away,ATL,PHI,Atlanta Braves,4,8,1,9,4,35,13,19,2,6,7,4,1
2026,regular,2026-04-19,823475,home,PHI,ATL,Philadelphia Phillies,2,6,1,7,4,33,11,18,4,8,9,4,1
2026,regular,2026-04-20,824776,away,DET,BOS,Detroit Tigers,6,10,0,7,4,36,14,23,8,12,7,8,0
2026,regular,2026-04-20,824776,home,BOS,DET,Boston Red Sox,8,12,0,7,8,36,15,25,6,10,7,4,0
2026,regular,2026-04-20,824450,away,HOU,CLE,Houston Astros,9,13,3,4,3,38,24,19,2,8,6,6,0
2026,regular,2026-04-20,824450,home,CLE,HOU,Cleveland Guardians,2,8,0,6,6,34,10,19,9,13,4,3,3
2026,regular,2026-04-20,822994,away,CIN,TBR,Cincinnati Reds,6,10,1,8,0,37,18,12,1,6,5,5,0
2026,regular,2026-04-20,822994,home,TBR,CIN,Tampa Bay Rays,1,6,0,5,5,32,7,21,6,10,8,0,1
2026,regular,2026-04-20,823879,away,STL,MIA,St. Louis Cardinals,3,5,0,13,2,30,7,12,5,6,4,6,1
2026,regular,2026-04-20,823879,home,MIA,STL,Miami Marlins,5,6,1,4,6,28,11,7,3,5,13,2,0
2026,regular,2026-04-20,822749,away,ATL,WSN,Atlanta Braves,9,7,1,6,3,34,11,9,4,3,9,2,1
2026,regular,2026-04-20,822749,home,WSN,ATL,Washington Nationals,4,3,1,9,2,31,6,4,9,7,6,3,1
2026,regular,2026-04-20,824125,away,BAL,KCR,Baltimore Orioles,7,6,1,14,8,39,10,16,5,14,13,6,1
2026,regular,2026-04-20,824125,home,KCR,BAL,Kansas City Royals,5,14,1,13,6,46,18,36,7,6,14,8,1
2026,regular,2026-04-20,824692,away,PHI,CHC,Philadelphia Phillies,1,6,0,5,5,33,7,21,5,8,10,5,1
2026,regular,2026-04-20,824692,home,CHC,PHI,Chicago Cubs,5,8,1,10,5,30,13,19,1,6,5,5,0
2026,regular,2026-04-20,824370,away,LAD,COL,Los Angeles Dodgers,12,15,5,7,4,41,30,22,3,11,5,1,1
2026,regular,2026-04-20,824370,home,COL,LAD,Colorado Rockies,3,11,1,5,1,37,17,18,12,15,7,4,5
2026,regular,2026-04-20,824046,away,TOR,LAA,Toronto Blue Jays,5,8,1,6,3,31,11,15,2,6,18,3,0
2026,regular,2026-04-20,824046,home,LAA,TOR,Los Angeles Angels,2,6,0,18,3,32,7,15,5,8,6,3,1
2026,regular,2026-04-20,823149,away,ATH,SEA,Athletics,6,13,3,4,2,36,23,13,4,10,9,1,2
2026,regular,2026-04-20,823149,home,SEA,ATH,Seattle Mariners,4,10,2,9,1,37,20,14,6,13,4,2,3
2026,regular,2026-04-21,824448,away,HOU,CLE,Houston Astros,5,10,0,5,3,33,13,16,8,11,7,8,1
2026,regular,2026-04-21,824448,home,CLE,HOU,Cleveland Guardians,8,11,1,7,8,33,16,19,5,10,5,3,0
2026,regular,2026-04-21,822995,away,CIN,TBR,Cincinnati Reds,12,10,5,11,10,37,26,18,6,8,12,7,1
2026,regular,2026-04-21,822995,home,TBR,CIN,Tampa Bay Rays,6,8,1,12,7,35,13,17,12,10,11,10,5
2026,regular,2026-04-21,823880,away,STL,MIA,St. Louis Cardinals,5,10,1,12,2,36,16,12,3,8,9,4,1
2026,regular,2026-04-21,823880,home,MIA,STL,Miami Marlins,3,8,1,9,4,34,11,21,5,10,12,2,1
2026,regular,2026-04-21,824290,away,MIL,DET,Milwaukee Brewers,12,16,0,5,3,41,21,11,4,9,9,5,0
2026,regular,2026-04-21,824290,home,DET,MIL,Detroit Tigers,4,9,0,9,5,35,11,21,12,16,5,3,0
2026,regular,2026-04-21,822747,away,ATL,WSN,Atlanta Braves,4,8,2,6,3,35,17,11,11,10,10,12,2
2026,regular,2026-04-21,822747,home,WSN,ATL,Washington Nationals,11,10,2,10,12,34,17,26,4,8,6,3,2
2026,regular,2026-04-21,824773,away,NYY,BOS,New York Yankees,4,10,1,9,4,34,15,17,0,4,4,3,0
2026,regular,2026-04-21,824773,home,BOS,NYY,Boston Red Sox,0,4,0,4,3,30,5,14,4,10,9,4,1
2026,regular,2026-04-21,823640,away,MIN,NYM,Minnesota Twins,5,6,1,15,3,33,10,14,3,4,8,3,1
2026,regular,2026-04-21,823640,home,NYM,MIN,New York Mets,3,4,1,8,3,31,7,8,5,6,15,3,1
2026,regular,2026-04-21,824127,away,BAL,KCR,Baltimore Orioles,5,8,2,4,5,32,16,14,6,10,7,4,1
2026,regular,2026-04-21,824127,home,KCR,BAL,Kansas City Royals,6,10,1,7,4,32,19,16,5,8,4,5,2
2026,regular,2026-04-21,824690,away,PHI,CHC,Philadelphia Phillies,4,6,2,3,2,34,12,11,7,12,6,10,2
2026,regular,2026-04-21,824690,home,CHC,PHI,Chicago Cubs,7,12,2,6,10,36,18,38,4,6,3,2,2
2026,regular,2026-04-21,822914,away,PIT,TEX,Pittsburgh Pirates,1,6,0,9,1,33,6,14,5,8,10,5,0
2026,regular,2026-04-21,822914,home,TEX,PIT,Texas Rangers,5,8,0,10,5,31,12,18,1,6,9,1,0
2026,regular,2026-04-21,824369,away,SDP,COL,San Diego Padres,1,6,0,15,1,33,8,11,0,3,8,0,0
2026,regular,2026-04-21,824369,home,COL,SDP,Colorado Rockies,0,3,0,8,0,29,3,8,1,6,15,1,0
2026,regular,2026-04-21,824045,away,TOR,LAA,Toronto Blue Jays,4,8,0,4,3,32,10,12,2,5,6,2,0
2026,regular,2026-04-21,824045,home,LAA,TOR,Los Angeles Angels,2,5,0,6,2,28,5,7,4,8,4,3,0
2026,regular,2026-04-21,823148,away,ATH,SEA,Athletics,5,13,2,10,4,39,23,23,2,8,5,3,1
2026,regular,2026-04-21,823148,home,SEA,ATH,Seattle Mariners,2,8,1,5,3,33,11,12,5,13,10,4,2
2026,regular,2026-04-21,825099,away,CHW,ARI,Chicago White Sox,11,14,4,8,6,38,29,19,5,8,6,7,2
2026,regular,2026-04-21,825099,home,ARI,CHW,Arizona Diamondbacks,5,8,2,6,7,33,17,19,11,14,8,6,4
2026,regular,2026-04-21,823236,away,LAD,SFG,Los Angeles Dodgers,1,3,0,12,7,29,4,12,3,6,8,3,0
2026,regular,2026-04-21,823236,home,SFG,LAD,San Francisco Giants,3,6,0,8,3,28,6,9,1,3,12,7,0
2026,regular,2026-04-22,823878,away,STL,MIA,St. Louis Cardinals,1,4,1,9,2,31,8,12,4,12,5,3,0
2026,regular,2026-04-22,823878,home,MIA,STL,Miami Marlins,4,12,0,5,3,34,12,24,1,4,9,2,1
2026,regular,2026-04-22,824449,away,HOU,CLE,Houston Astros,2,6,1,6,3,32,10,15,0,5,10,4,0
2026,regular,2026-04-22,824449,home,CLE,HOU,Cleveland Guardians,0,5,0,10,4,32,5,18,2,6,6,3,1
2026,regular,2026-04-22,822993,away,CIN,TBR,Cincinnati Reds,1,5,0,7,1,31,6,12,6,9,4,3,1
2026,regular,2026-04-22,822993,home,TBR,CIN,Tampa Bay Rays,6,9,1,4,3,29,12,17,1,5,7,1,0
2026,regular,2026-04-22,824123,away,BAL,KCR,Baltimore Orioles,8,11,2,8,3,37,21,10,6,10,5,2,3
2026,regular,2026-04-22,824123,home,KCR,BAL,Kansas City Royals,6,10,3,5,2,36,21,13,8,11,8,3,2
2026,regular,2026-04-22,824044,away,TOR,LAA,Toronto Blue Jays,3,12,0,9,1,37,14,18,7,11,8,5,2
2026,regular,2026-04-22,824044,home,LAA,TOR,Los Angeles Angels,7,11,2,8,5,34,19,20,3,12,9,1,0
2026,regular,2026-04-22,823147,away,ATH,SEA,Athletics,4,9,1,7,3,33,13,15,5,14,8,1,1
2026,regular,2026-04-22,823147,home,SEA,ATH,Seattle Mariners,5,14,1,8,1,37,20,13,4,9,7,3,1
2026,regular,2026-04-22,824286,away,MIL,DET,Milwaukee Brewers,2,6,0,9,5,32,6,17,5,9,6,3,2
2026,regular,2026-04-22,824286,home,DET,MIL,Detroit Tigers,5,9,2,6,3,32,17,11,2,6,9,5,0
2026,regular,2026-04-22,822748,away,ATL,WSN,Atlanta Braves,8,8,4,1,3,33,20,7,6,11,12,3,3
2026,regular,2026-04-22,822748,home,WSN,ATL,Washington Nationals,6,11,3,12,3,39,22,24,8,8,1,3,4
2026,regular,2026-04-22,824774,away,NYY,BOS,New York Yankees,4,6,1,9,2,31,11,7,1,5,9,2,0
2026,regular,2026-04-22,824774,home,BOS,NYY,Boston Red Sox,1,5,0,9,2,32,7,13,4,6,9,2,1
2026,regular,2026-04-22,823641,away,MIN,NYM,Minnesota Twins,2,7,1,7,3,33,12,13,3,8,8,5,0
2026,regular,2026-04-22,823641,home,NYM,MIN,New York Mets,3,8,0,8,5,29,11,13,2,7,7,3,1
2026,regular,2026-04-22,824688,away,PHI,CHC,Philadelphia Phillies,2,9,0,12,0,36,11,16,7,13,7,1,2
2026,regular,2026-04-22,824688,home,CHC,PHI,Chicago Cubs,7,13,2,7,1,37,23,16,2,9,12,0,0
2026,regular,2026-04-22,822913,away,PIT,TEX,Pittsburgh Pirates,8,9,1,9,2,36,13,13,4,7,10,2,1
2026,regular,2026-04-22,822913,home,TEX,PIT,Texas Rangers,4,7,1,10,2,32,12,13,8,9,9,2,1
2026,regular,2026-04-22,824367,away,SDP,COL,San Diego Padres,3,7,1,7,3,34,12,13,8,15,6,4,1
2026,regular,2026-04-22,824367,home,COL,SDP,Colorado Rockies,8,15,1,6,4,38,24,19,3,7,7,3,1
2026,regular,2026-04-22,825097,away,CHW,ARI,Chicago White Sox,7,11,3,8,5,37,22,19,11,16,5,6,3
2026,regular,2026-04-22,825097,home,ARI,CHW,Arizona Diamondbacks,11,16,3,5,6,38,32,14,7,11,8,5,3
2026,regular,2026-04-22,823231,away,LAD,SFG,Los Angeles Dodgers,0,4,0,5,3,31,4,13,3,8,8,0,1
2026,regular,2026-04-22,823231,home,SFG,LAD,San Francisco Giants,3,8,1,8,0,31,12,7,0,4,5,3,0
2026,regular,2026-04-23,822745,away,ATL,WSN,Atlanta Braves,7,14,1,15,2,39,20,19,2,5,10,2,2
2026,regular,2026-04-23,822745,home,WSN,ATL,Washington Nationals,2,5,2,10,2,30,11,5,7,14,15,2,1
2026,regular,2026-04-23,824288,away,MIL,DET,Milwaukee Brewers,4,10,0,6,2,33,13,11,5,7,8,3,3
2026,regular,2026-04-23,824288,home,DET,MIL,Detroit Tigers,5,7,3,8,3,31,17,10,4,10,6,2,0
2026,regular,2026-04-23,824689,away,PHI,CHC,Philadelphia Phillies,7,8,3,7,5,38,18,17,8,18,7,5,3
2026,regular,2026-04-23,824689,home,CHC,PHI,Chicago Cubs,8,18,3,7,5,45,30,30,7,8,7,5,3
2026,regular,2026-04-23,824368,away,SDP,COL,San Diego Padres,10,13,2,13,5,40,22,16,8,14,4,3,2
2026,regular,2026-04-23,824368,home,COL,SDP,Colorado Rockies,8,14,2,4,3,38,26,13,10,13,13,5,2
2026,regular,2026-04-23,825096,away,CHW,ARI,Chicago White Sox,4,10,1,10,3,35,13,12,1,8,12,1,0
2026,regular,2026-04-23,825096,home,ARI,CHW,Arizona Diamondbacks,1,8,0,12,1,33,10,14,4,10,10,3,1
2026,regular,2026-04-23,823233,away,LAD,SFG,Los Angeles Dodgers,3,8,0,7,3,33,10,14,0,1,9,1,0
2026,regular,2026-04-23,823233,home,SFG,LAD,San Francisco Giants,0,1,0,9,1,27,1,4,3,8,7,3,0
2026,regular,2026-04-23,824770,away,NYY,BOS,New York Yankees,4,10,1,17,2,37,14,19,2,4,5,1,1
2026,regular,2026-04-23,824770,home,BOS,NYY,Boston Red Sox,2,4,1,5,1,30,8,4,4,10,17,2,1
2026,regular,2026-04-23,823639,away,MIN,NYM,Minnesota Twins,8,12,2,9,7,39,19,23,10,10,9,3,2
2026,regular,2026-04-23,823639,home,NYM,MIN,New York Mets,10,10,2,9,3,33,20,13,8,12,9,7,2
2026,regular,2026-04-23,822912,away,PIT,TEX,Pittsburgh Pirates,1,5,1,13,2,32,8,11,6,9,7,5,2
2026,regular,2026-04-23,822912,home,TEX,PIT,Texas Rangers,6,9,2,7,5,32,16,14,1,5,13,2,1
2026,regular,2026-04-24,824529,away,DET,CIN,Detroit Tigers,8,11,4,6,6,35,25,20,9,11,13,6,4
2026,regular,2026-04-24,824529,home,CIN,DET,Cincinnati Reds,9,11,4,13,6,36,25,14,8,11,6,6,4
2026,regular,2026-04-24,824854,away,BOS,BAL,Boston Red Sox,3,10,1,6,2,35,15,18,10,20,5,2,6
2026,regular,2026-04-24,824854,home,BAL,BOS,Baltimore Orioles,10,20,6,5,2,42,39,15,3,10,6,2,1
2026,regular,2026-04-24,822827,away,CLE,TOR,Cleveland Guardians,8,10,3,8,4,37,21,18,6,9,5,2,2
2026,regular,2026-04-24,822827,home,TOR,CLE,Toronto Blue Jays,6,9,2,5,2,35,18,9,8,10,8,4,3
2026,regular,2026-04-24,823638,away,COL,NYM,Colorado Rockies,4,10,0,15,4,36,11,23,3,11,4,0,0
2026,regular,2026-04-24,823638,home,NYM,COL,New York Mets,3,11,0,4,0,35,12,14,4,10,15,4,0
2026,regular,2026-04-24,822992,away,MIN,TBR,Minnesota Twins,2,9,2,8,2,36,17,22,6,7,5,3,4
2026,regular,2026-04-24,822992,home,TBR,MIN,Tampa Bay Rays,6,7,4,5,3,30,20,8,2,9,8,2,2
2026,regular,2026-04-24,824932,away,PHI,ATL,Philadelphia Phillies,3,10,2,5,4,37,16,17,5,10,2,3,1
2026,regular,2026-04-24,824932,home,ATL,PHI,Atlanta Braves,5,10,1,2,3,35,14,16,3,10,5,4,2
2026,regular,2026-04-24,824124,away,LAA,KCR,Los Angeles Angels,3,8,0,9,6,33,10,16,6,8,10,4,0
2026,regular,2026-04-24,824124,home,KCR,LAA,Kansas City Royals,6,8,0,10,4,31,11,12,3,8,9,6,0
2026,regular,2026-04-24,824611,away,WSN,CHW,Washington Nationals,4,6,1,6,5,30,10,10,5,8,3,5,1
2026,regular,2026-04-24,824611,home,CHW,WSN,Chicago White Sox,5,8,1,3,5,27,13,15,4,6,6,5,1
2026,regular,2026-04-24,823800,away,PIT,MIL,Pittsburgh Pirates,6,9,1,5,3,37,14,20,0,1,9,1,0
2026,regular,2026-04-24,823800,home,MIL,PIT,Milwaukee Brewers,0,1,0,9,1,28,1,2,6,9,5,3,1
2026,regular,2026-04-24,822909,away,ATH,TEX,Athletics,8,9,5,5,1,36,24,6,1,8,7,1,0
2026,regular,2026-04-24,822909,home,TEX,ATH,Texas Rangers,1,8,0,7,1,34,10,14,8,9,5,1,5
2026,regular,2026-04-24,824204,away,NYY,HOU,New York Yankees,12,13,4,4,6,36,27,15,4,11,11,2,2
2026,regular,2026-04-24,824204,home,HOU,NYY,Houston Astros,4,11,2,11,2,36,18,15,12,13,4,6,4
2026,regular,2026-04-24,823069,away,SEA,STL,Seattle Mariners,3,4,1,10,5,30,8,14,2,8,5,1,0
2026,regular,2026-04-24,823069,home,STL,SEA,St. Louis Cardinals,2,8,0,5,1,33,9,15,3,4,10,5,1
2026,regular,2026-04-24,823962,away,CHC,LAD,Chicago Cubs,6,11,2,13,2,36,21,11,4,6,6,3,1
2026,regular,2026-04-24,823962,home,LAD,CHC,Los Angeles Dodgers,4,6,1,6,3,31,11,11,6,11,13,2,2
2026,regular,2026-04-24,823232,away,MIA,SFG,Miami Marlins,9,16,2,6,4,41,28,19,4,11,6,2,1
2026,regular,2026-04-24,823232,home,SFG,MIA,San Francisco Giants,4,11,1,6,2,36,16,12,9,16,6,4,2
2026,regular,2026-04-25,824851,away,BOS,BAL,Boston Red Sox,17,17,3,7,5,44,32,14,1,6,9,2,0
2026,regular,2026-04-25,824851,home,BAL,BOS,Baltimore Orioles,1,6,0,9,2,32,7,14,17,17,7,5,3
2026,regular,2026-04-25,823070,away,SEA,STL,Seattle Mariners,11,19,3,6,3,42,30,19,9,14,7,2,5
2026,regular,2026-04-25,823070,home,STL,SEA,St. Louis Cardinals,9,14,5,7,2,37,29,17,11,19,6,3,3
2026,regular,2026-04-25,822826,away,CLE,TOR,Cleveland Guardians,3,9,1,7,1,35,15,13,5,9,10,3,1
2026,regular,2026-04-25,822826,home,TOR,CLE,Toronto Blue Jays,5,9,1,10,3,34,15,22,3,9,7,1,1
2026,regular,2026-04-25,823229,away,MIA,SFG,Miami Marlins,2,6,0,6,5,32,6,18,6,11,7,5,3
2026,regular,2026-04-25,823229,home,SFG,MIA,San Francisco Giants,6,11,3,7,5,34,25,18,2,6,6,5,0
2026,regular,2026-04-25,822989,away,MIN,TBR,Minnesota Twins,1,5,0,11,2,33,5,15,6,8,6,3,1
2026,regular,2026-04-25,822989,home,TBR,MIN,Tampa Bay Rays,6,8,1,6,3,29,15,9,1,5,11,2,0
2026,regular,2026-04-25,824613,away,WSN,CHW,Washington Nationals,6,6,0,15,10,35,7,26,3,7,14,4,0
2026,regular,2026-04-25,824613,home,CHW,WSN,Chicago White Sox,3,7,0,14,4,35,8,23,6,6,15,10,0
2026,regular,2026-04-25,825093,away,SDP,ARI,San Diego Padres,6,6,2,10,5,30,12,9,4,7,4,2,1
2026,regular,2026-04-25,825093,home,ARI,SDP,Arizona Diamondbacks,4,7,1,4,2,35,11,12,6,6,10,5,2
2026,regular,2026-04-25,822910,away,ATH,TEX,Athletics,3,7,0,10,3,34,9,15,4,5,5,2,1
2026,regular,2026-04-25,822910,home,TEX,ATH,Texas Rangers,4,5,1,5,2,28,8,7,3,7,10,3,0
2026,regular,2026-04-25,824121,away,LAA,KCR,Los Angeles Angels,1,8,1,14,0,35,13,12,12,15,6,10,1
2026,regular,2026-04-25,824121,home,KCR,LAA,Kansas City Royals,12,15,1,6,10,36,20,28,1,8,14,0,1
2026,regular,2026-04-25,824203,away,NYY,HOU,New York Yankees,8,12,3,8,10,34,22,16,3,7,9,2,2
2026,regular,2026-04-25,824203,home,HOU,NYY,Houston Astros,3,7,2,9,2,33,14,12,8,12,8,10,3
2026,regular,2026-04-25,823799,away,PIT,MIL,Pittsburgh Pirates,6,9,0,15,2,37,9,18,3,6,11,4,0
2026,regular,2026-04-25,823799,home,MIL,PIT,Milwaukee Brewers,3,6,0,11,4,34,8,14,6,9,15,2,0
2026,regular,2026-04-25,824527,away,DET,CIN,Detroit Tigers,2,10,2,6,2,35,17,17,9,10,12,7,4
2026,regular,2026-04-25,824527,home,CIN,DET,Cincinnati Reds,9,10,4,12,7,32,24,17,2,10,6,2,2
2026,regular,2026-04-25,823960,away,CHC,LAD,Chicago Cubs,4,9,3,11,2,35,18,20,12,14,7,6,1
2026,regular,2026-04-25,823960,home,LAD,CHC,Los Angeles Dodgers,12,14,1,7,6,38,22,20,4,9,11,2,3
2026,regular,2026-04-25,824933,away,PHI,ATL,Philadelphia Phillies,8,11,0,8,3,40,17,13,5,9,8,4,0
2026,regular,2026-04-25,824933,home,ATL,PHI,Atlanta Braves,5,9,0,8,4,36,13,16,8,11,8,3,0
2026,regular,2026-04-26,824852,away,BOS,BAL,Boston Red Sox,5,7,1,6,5,32,13,16,3,6,7,1,2
2026,regular,2026-04-26,824852,home,BAL,BOS,Baltimore Orioles,3,6,2,7,1,32,12,5,5,7,6,5,1
2026,regular,2026-04-26,824934,away,PHI,ATL,Philadelphia Phillies,2,2,1,12,2,30,5,6,6,10,8,3,2
2026,regular,2026-04-26,824934,home,ATL,PHI,Atlanta Braves,6,10,2,8,3,33,18,16,2,2,12,2,1
2026,regular,2026-04-26,822824,away,CLE,TOR,Cleveland Guardians,2,8,0,10,5,33,9,22,4,6,8,1,1
2026,regular,2026-04-26,822824,home,TOR,CLE,Toronto Blue Jays,4,6,1,8,1,29,11,4,2,8,10,5,0
2026,regular,2026-04-26,824528,away,DET,CIN,Detroit Tigers,8,12,3,12,5,38,26,16,3,7,7,2,2
2026,regular,2026-04-26,824528,home,CIN,DET,Cincinnati Reds,3,7,2,7,2,34,17,12,8,12,12,5,3
2026,regular,2026-04-26,823635,away,COL,NYM,Colorado Rockies,3,7,0,9,3,31,9,13,1,4,10,3,1
2026,regular,2026-04-26,823635,home,NYM,COL,New York Mets,1,4,1,10,3,31,7,13,3,7,9,3,0
2026,regular,2026-04-26,823637,away,COL,NYM,Colorado Rockies,3,4,1,9,6,30,7,14,0,6,7,3,0
2026,regular,2026-04-26,823637,home,NYM,COL,New York Mets,0,6,0,7,3,31,7,11,3,4,9,6,1
2026,regular,2026-04-26,822991,away,MIN,TBR,Minnesota Twins,2,5,1,6,4,32,9,12,4,9,4,4,1
2026,regular,2026-04-26,822991,home,TBR,MIN,Tampa Bay Rays,4,9,1,4,4,30,14,13,2,5,6,4,1
2026,regular,2026-04-26,824612,away,WSN,CHW,Washington Nationals,2,4,1,5,1,32,8,7,1,4,13,3,0
2026,regular,2026-04-26,824612,home,CHW,WSN,Chicago White Sox,1,4,0,13,3,33,4,16,2,4,5,1,1
2026,regular,2026-04-26,824202,away,NYY,HOU,New York Yankees,4,7,1,9,1,34,13,8,7,7,4,3,2
2026,regular,2026-04-26,824202,home,HOU,NYY,Houston Astros,7,7,2,4,3,30,15,7,4,7,9,1,1
2026,regular,2026-04-26,823797,away,PIT,MIL,Pittsburgh Pirates,0,2,0,18,4,29,3,16,5,7,7,2,0
2026,regular,2026-04-26,823797,home,MIL,PIT,Milwaukee Brewers,5,7,0,7,2,30,10,10,0,2,18,4,0
2026,regular,2026-04-26,823068,away,SEA,STL,Seattle Mariners,3,8,2,12,0,34,15,7,2,7,5,3,2
2026,regular,2026-04-26,823068,home,STL,SEA,St. Louis Cardinals,2,7,2,5,3,33,14,12,3,8,12,0,2
2026,regular,2026-04-26,822911,away,ATH,TEX,Athletics,2,10,0,5,4,35,14,20,1,6,10,5,0
2026,regular,2026-04-26,822911,home,TEX,ATH,Texas Rangers,1,6,0,10,5,32,8,27,2,10,5,4,0
2026,regular,2026-04-26,825094,away,SDP,ARI,San Diego Padres,7,11,3,6,2,38,22,14,12,15,8,3,3
2026,regular,2026-04-26,825094,home,ARI,SDP,Arizona Diamondbacks,12,15,3,8,3,38,28,12,7,11,6,2,3
2026,regular,2026-04-26,823230,away,MIA,SFG,Miami Marlins,3,2,1,7,2,29,5,5,6,8,6,4,1
2026,regular,2026-04-26,823230,home,SFG,MIA,San Francisco Giants,6,8,1,6,4,31,14,13,3,2,7,2,1
2026,regular,2026-04-26,824122,away,LAA,KCR,Los Angeles Angels,9,16,1,8,5,44,24,30,11,12,7,6,4
2026,regular,2026-04-26,824122,home,KCR,LAA,Kansas City Royals,11,12,4,7,6,39,30,13,9,16,8,5,1
2026,regular,2026-04-26,823959,away,CHC,LAD,Chicago Cubs,0,4,0,8,6,31,5,29,6,7,8,3,1
2026,regular,2026-04-26,823959,home,LAD,CHC,Los Angeles Dodgers,6,7,1,8,3,30,14,9,0,4,8,6,0
2026,regular,2026-04-27,824446,away,TBR,CLE,Tampa Bay Rays,3,7,1,11,3,34,10,13,2,6,6,2,1
2026,regular,2026-04-27,824446,home,CLE,TBR,Cleveland Guardians,2,6,1,6,2,32,10,12,3,7,11,3,1
2026,regular,2026-04-27,823395,away,STL,PIT,St. Louis Cardinals,4,6,2,7,2,32,13,6,2,8,7,2,0
2026,regular,2026-04-27,823395,home,PIT,STL,Pittsburgh Pirates,2,8,0,7,2,32,9,8,4,6,7,2,2
2026,regular,2026-04-27,822825,away,BOS,TOR,Boston Red Sox,5,9,1,8,4,35,13,14,0,2,10,1,0
2026,regular,2026-04-27,822825,home,TOR,BOS,Toronto Blue Jays,0,2,0,10,1,28,4,5,5,9,8,4,1
2026,regular,2026-04-27,823719,away,SEA,MIN,Seattle Mariners,4,5,1,7,5,29,8,9,11,12,7,7,2
2026,regular,2026-04-27,823719,home,MIN,SEA,Minnesota Twins,11,12,2,7,7,36,21,18,4,5,7,5,1
2026,regular,2026-04-27,824609,away,LAA,CHW,Los Angeles Angels,7,14,1,6,2,38,21,18,8,9,9,1,2
2026,regular,2026-04-27,824609,home,CHW,LAA,Chicago White Sox,8,9,2,9,1,34,16,8,7,14,6,2,1
2026,regular,2026-04-27,822906,away,NYY,TEX,New York Yankees,4,9,3,5,3,33,20,9,2,7,8,4,1
2026,regular,2026-04-27,822906,home,TEX,NYY,Texas Rangers,2,7,1,8,4,32,10,13,4,9,5,3,3
2026,regular,2026-04-27,823311,away,CHC,SDP,Chicago Cubs,7,8,2,8,4,35,14,14,9,14,8,3,1
2026,regular,2026-04-27,823311,home,SDP,CHC,San Diego Padres,9,14,1,8,3,38,22,17,7,8,8,4,2
2026,regular,2026-04-27,823961,away,MIA,LAD,Miami Marlins,4,6,1,11,6,32,11,18,5,8,6,6,0
2026,regular,2026-04-27,823961,home,LAD,MIA,Los Angeles Dodgers,5,8,0,6,6,34,9,19,4,6,11,6,1
2026,regular,2026-04-28,824447,away,TBR,CLE,Tampa Bay Rays,1,5,0,7,5,32,7,15,0,4,7,4,0
2026,regular,2026-04-28,824447,home,CLE,TBR,Cleveland Guardians,0,4,0,7,4,29,6,14,1,5,7,5,0
2026,regular,2026-04-28,824849,away,HOU,BAL,Houston Astros,3,11,1,12,2,38,19,23,5,9,8,2,1
2026,regular,2026-04-28,824849,home,BAL,HOU,Baltimore Orioles,5,9,1,8,2,31,14,12,3,11,12,2,1
2026,regular,2026-04-28,824526,away,COL,CIN,Colorado Rockies,2,11,1,12,2,37,16,23,7,11,7,1,2
2026,regular,2026-04-28,824526,home,CIN,COL,Cincinnati Reds,7,11,2,7,1,34,18,13,2,11,12,2,1
2026,regular,2026-04-28,823390,away,STL,PIT,St. Louis Cardinals,11,12,2,10,5,37,22,14,7,13,11,1,3
2026,regular,2026-04-28,823390,home,PIT,STL,Pittsburgh Pirates,7,13,3,11,1,36,23,12,11,12,10,5,2
2026,regular,2026-04-28,823473,away,SFG,PHI,San Francisco Giants,0,2,0,12,0,29,4,5,7,11,6,5,0
2026,regular,2026-04-28,823473,home,PHI,SFG,Philadelphia Phillies,7,11,0,6,5,32,14,18,0,2,12,0,0
2026,regular,2026-04-28,822823,away,BOS,TOR,Boston Red Sox,0,4,0,9,1,31,5,8,3,6,7,5,0
2026,regular,2026-04-28,822823,home,TOR,BOS,Toronto Blue Jays,3,6,0,7,5,28,7,13,0,4,9,1,0
2026,regular,2026-04-28,823636,away,WSN,NYM,Washington Nationals,0,3,0,11,2,30,3,10,8,6,3,5,2
2026,regular,2026-04-28,823636,home,NYM,WSN,New York Mets,8,6,2,3,5,30,12,9,0,3,11,2,0
2026,regular,2026-04-28,824931,away,DET,ATL,Detroit Tigers,2,6,1,8,5,33,11,14,5,9,9,2,1
2026,regular,2026-04-28,824931,home,ATL,DET,Atlanta Braves,5,9,1,9,2,32,17,13,2,6,8,5,1
2026,regular,2026-04-28,823716,away,SEA,MIN,Seattle Mariners,7,12,1,7,2,37,21,19,1,7,7,1,1
2026,regular,2026-04-28,823716,home,MIN,SEA,Minnesota Twins,1,7,1,7,1,35,11,21,7,12,7,2,1
2026,regular,2026-04-28,824610,away,LAA,CHW,Los Angeles Angels,2,9,1,13,3,35,13,18,5,9,9,4,3
2026,regular,2026-04-28,824610,home,CHW,LAA,Chicago White Sox,5,9,3,9,4,32,18,20,2,9,13,3,1
2026,regular,2026-04-28,823798,away,ARI,MIL,Arizona Diamondbacks,2,3,0,8,5,28,3,15,13,15,2,6,1
2026,regular,2026-04-28,823798,home,MIL,ARI,Milwaukee Brewers,13,15,1,2,6,37,20,16,2,3,8,5,0
2026,regular,2026-04-28,822908,away,NYY,TEX,New York Yankees,3,5,2,7,0,33,12,6,2,7,11,4,0
2026,regular,2026-04-28,822908,home,TEX,NYY,Texas Rangers,2,7,0,11,4,34,10,21,3,5,7,0,2
2026,regular,2026-04-28,825017,away,KCR,ATH,Kansas City Royals,4,8,2,7,3,36,17,12,1,8,11,6,0
2026,regular,2026-04-28,825017,home,ATH,KCR,Athletics,1,8,0,11,6,37,9,26,4,8,7,3,2
2026,regular,2026-04-28,823310,away,CHC,SDP,Chicago Cubs,8,8,1,7,6,36,13,20,3,6,10,1,1
2026,regular,2026-04-28,823310,home,SDP,CHC,San Diego Padres,3,6,1,10,1,33,9,8,8,8,7,6,1
2026,regular,2026-04-28,823956,away,MIA,LAD,Miami Marlins,2,8,0,13,3,33,9,16,1,7,4,1,0
2026,regular,2026-04-28,823956,home,LAD,MIA,Los Angeles Dodgers,1,7,0,4,1,35,7,16,2,8,13,3,0
2026,regular,2026-04-29,824445,away,TBR,CLE,Tampa Bay Rays,1,6,0,12,0,33,6,10,3,9,7,2,0
2026,regular,2026-04-29,824445,home,CLE,TBR,Cleveland Guardians,3,9,0,7,2,34,11,20,1,6,12,0,0
2026,regular,2026-04-29,824608,away,LAA,CHW,Los Angeles Angels,2,6,2,9,0,35,13,9,3,7,8,7,0
2026,regular,2026-04-29,824608,home,CHW,LAA,Chicago White Sox,3,7,0,8,7,33,10,20,2,6,9,0,2
2026,regular,2026-04-29,823717,away,SEA,MIN,Seattle Mariners,5,7,1,10,5,33,12,15,3,12,10,3,0
2026,regular,2026-04-29,823717,home,MIN,SEA,Minnesota Twins,3,12,0,10,3,37,13,23,5,7,10,5,1
2026,regular,2026-04-29,822907,away,NYY,TEX,New York Yankees,0,5,0,8,1,31,5,13,3,7,6,4,0
2026,regular,2026-04-29,822907,home,TEX,NYY,Texas Rangers,3,7,0,6,4,29,8,16,0,5,8,1,0
2026,regular,2026-04-29,822821,away,BOS,TOR,Boston Red Sox,1,9,1,6,2,35,13,19,8,10,3,3,2
2026,regular,2026-04-29,822821,home,TOR,BOS,Toronto Blue Jays,8,10,2,3,3,32,16,7,1,9,6,2,1
2026,regular,2026-04-29,823958,away,MIA,LAD,Miami Marlins,3,6,2,13,7,31,12,15,2,7,6,6,0
2026,regular,2026-04-29,823958,home,LAD,MIA,Los Angeles Dodgers,2,7,0,6,6,31,9,20,3,6,13,7,2
2026,regular,2026-04-29,823312,away,CHC,SDP,Chicago Cubs,5,9,2,3,5,35,18,18,4,3,8,4,2
2026,regular,2026-04-29,823312,home,SDP,CHC,San Diego Padres,4,3,2,8,4,28,9,4,5,9,3,5,2
2026,regular,2026-04-29,824525,away,COL,CIN,Colorado Rockies,13,15,2,11,6,40,27,20,2,10,9,3,1
2026,regular,2026-04-29,824525,home,CIN,COL,Cincinnati Reds,2,10,1,9,3,35,14,20,13,15,11,6,2
2026,regular,2026-04-29,823392,away,STL,PIT,St. Louis Cardinals,5,6,1,11,6,33,12,17,4,9,9,4,1
2026,regular,2026-04-29,823392,home,PIT,STL,Pittsburgh Pirates,4,9,1,9,4,38,13,26,5,6,11,6,1
2026,regular,2026-04-29,823633,away,WSN,NYM,Washington Nationals,14,15,2,15,6,42,25,20,2,10,12,2,1
2026,regular,2026-04-29,823633,home,NYM,WSN,New York Mets,2,10,1,12,2,36,14,16,14,15,15,6,2
2026,regular,2026-04-29,824930,away,DET,ATL,Detroit Tigers,3,5,1,10,4,32,9,11,4,6,8,3,2
2026,regular,2026-04-29,824930,home,ATL,DET,Atlanta Braves,4,6,2,8,3,28,12,6,3,5,10,4,1
2026,regular,2026-04-29,823796,away,ARI,MIL,Arizona Diamondbacks,6,11,4,10,4,37,23,14,2,6,10,4,0
2026,regular,2026-04-29,823796,home,MIL,ARI,Milwaukee Brewers,2,6,0,10,4,33,10,13,6,11,10,4,4
2026,regular,2026-04-29,825015,away,KCR,ATH,Kansas City Royals,2,6,0,9,4,29,6,9,5,11,7,5,1
2026,regular,2026-04-29,825015,home,ATH,KCR,Athletics,5,11,1,7,5,32,17,9,2,6,9,4,0
2026,regular,2026-04-30,824929,away,DET,ATL,Detroit Tigers,5,12,0,10,8,36,16,23,2,8,11,1,0
2026,regular,2026-04-30,824929,home,ATL,DET,Atlanta Braves,2,8,0,11,1,35,10,17,5,12,10,8,0
2026,regular,2026-04-30,824848,away,HOU,BAL,Houston Astros,3,12,0,7,1,38,12,16,10,6,5,7,2
2026,regular,2026-04-30,824848,home,BAL,HOU,Baltimore Orioles,10,6,2,5,7,30,14,6,3,12,7,1,0
2026,regular,2026-04-30,824850,away,HOU,BAL,Houston Astros,11,15,2,7,3,42,21,16,5,6,14,8,0
2026,regular,2026-04-30,824850,home,BAL,HOU,Baltimore Orioles,5,6,0,14,8,32,10,17,11,15,7,3,2
2026,regular,2026-04-30,823391,away,STL,PIT,St. Louis Cardinals,10,14,2,12,3,40,21,16,5,7,8,6,1
2026,regular,2026-04-30,823391,home,PIT,STL,Pittsburgh Pirates,5,7,1,8,6,33,13,15,10,14,12,3,2
2026,regular,2026-04-30,823472,away,SFG,PHI,San Francisco Giants,2,8,0,10,3,35,10,16,3,10,8,2,1
2026,regular,2026-04-30,823472,home,PHI,SFG,Philadelphia Phillies,3,10,1,8,2,33,16,15,2,8,10,3,0
2026,regular,2026-04-30,823471,away,SFG,PHI,San Francisco Giants,5,13,0,12,5,41,16,28,6,9,4,6,2
2026,regular,2026-04-30,823471,home,PHI,SFG,Philadelphia Phillies,6,9,2,4,6,33,20,13,5,13,12,5,0
2026,regular,2026-04-30,824524,away,COL,CIN,Colorado Rockies,4,9,1,9,3,34,12,17,6,7,7,5,2
2026,regular,2026-04-30,824524,home,CIN,COL,Cincinnati Reds,6,7,2,7,5,31,16,12,4,9,9,3,1
2026,regular,2026-04-30,823634,away,WSN,NYM,Washington Nationals,5,7,1,9,3,33,11,14,4,7,4,2,1
2026,regular,2026-04-30,823634,home,NYM,WSN,New York Mets,4,7,1,4,2,32,13,9,5,7,9,3,1
2026,regular,2026-04-30,823795,away,ARI,MIL,Arizona Diamondbacks,1,6,0,13,2,32,7,14,13,14,6,6,2
2026,regular,2026-04-30,823795,home,MIL,ARI,Milwaukee Brewers,13,14,2,6,6,37,23,22,1,6,13,2,0
2026,regular,2026-04-30,825016,away,KCR,ATH,Kansas City Royals,3,10,2,6,4,36,18,21,6,11,5,3,0
2026,regular,2026-04-30,825016,home,ATH,KCR,Athletics,6,11,0,5,3,34,15,19,3,10,6,4,2
2026,regular,2026-04-30,823714,away,TOR,MIN,Toronto Blue Jays,1,6,1,2,3,32,9,15,7,7,6,4,2
2026,regular,2026-04-30,823714,home,MIN,TOR,Minnesota Twins,7,7,2,6,4,30,14,9,1,6,2,3,1
2026,regular,2026-05-01,824686,away,ARI,CHC,Arizona Diamondbacks,5,11,1,13,2,39,16,23,6,8,5,4,0
2026,regular,2026-05-01,824686,home,CHC,ARI,Chicago Cubs,6,8,0,5,4,32,11,15,5,11,13,2,1
2026,regular,2026-05-01,824287,away,TEX,DET,Texas Rangers,5,9,1,11,4,33,15,17,4,7,6,4,0
2026,regular,2026-05-01,824287,home,DET,TEX,Detroit Tigers,4,7,0,6,4,34,8,17,5,9,11,4,1
2026,regular,2026-05-01,823389,away,CIN,PIT,Cincinnati Reds,1,3,0,8,1,31,4,10,9,12,5,8,4
2026,regular,2026-05-01,823389,home,PIT,CIN,Pittsburgh Pirates,9,12,4,5,8,36,27,19,1,3,8,1,0
2026,regular,2026-05-01,822744,away,MIL,WSN,Milwaukee Brewers,6,12,0,7,5,41,15,31,1,2,13,5,0
2026,regular,2026-05-01,822744,home,WSN,MIL,Washington Nationals,1,2,0,13,5,28,3,12,6,12,7,5,0
2026,regular,2026-05-01,823557,away,BAL,NYY,Baltimore Orioles,2,3,1,12,2,30,6,5,7,11,8,6,2
2026,regular,2026-05-01,823557,home,NYY,BAL,New York Yankees,7,11,2,8,6,34,20,12,2,3,12,2,1
2026,regular,2026-05-01,824772,away,HOU,BOS,Houston Astros,1,11,1,6,2,36,16,17,3,10,4,1,1
2026,regular,2026-05-01,824772,home,BOS,HOU,Boston Red Sox,3,10,1,4,1,31,14,16,1,11,6,2,1
2026,regular,2026-05-01,822990,away,SFG,TBR,San Francisco Giants,0,6,0,7,0,30,7,7,3,5,6,0,2
2026,regular,2026-05-01,822990,home,TBR,SFG,Tampa Bay Rays,3,5,2,6,0,27,12,1,0,6,7,0,0
2026,regular,2026-05-01,823877,away,PHI,MIA,Philadelphia Phillies,6,9,1,10,3,36,14,13,5,8,12,4,0
2026,regular,2026-05-01,823877,home,MIA,PHI,Miami Marlins,5,8,0,12,4,34,11,17,6,9,10,3,1
2026,regular,2026-05-01,823713,away,TOR,MIN,Toronto Blue Jays,7,11,2,3,2,38,18,14,3,10,10,2,1
2026,regular,2026-05-01,823713,home,MIN,TOR,Minnesota Twins,3,10,1,10,2,35,13,15,7,11,3,2,2
2026,regular,2026-05-01,823066,away,LAD,STL,Los Angeles Dodgers,2,7,0,6,4,32,9,15,7,12,11,1,2
2026,regular,2026-05-01,823066,home,STL,LAD,St. Louis Cardinals,7,12,2,11,1,36,21,16,2,7,6,4,0
2026,regular,2026-05-01,824366,away,ATL,COL,Atlanta Braves,8,9,2,6,5,34,18,15,6,8,5,4,1
2026,regular,2026-05-01,824366,home,COL,ATL,Colorado Rockies,6,8,1,5,4,33,13,13,8,9,6,5,2
2026,regular,2026-05-01,824041,away,NYM,LAA,New York Mets,4,7,1,6,4,31,10,14,3,3,14,0,1
2026,regular,2026-05-01,824041,home,LAA,NYM,Los Angeles Angels,3,3,1,14,0,30,6,3,4,7,6,4,1
2026,regular,2026-05-01,825012,away,CLE,ATH,Cleveland Guardians,8,11,1,9,8,36,19,25,5,9,6,6,1
2026,regular,2026-05-01,825012,home,ATH,CLE,Athletics,5,9,1,6,6,35,14,28,8,11,9,8,1
2026,regular,2026-05-01,823309,away,CHW,SDP,Chicago White Sox,8,8,2,5,7,32,15,7,2,6,5,4,0
2026,regular,2026-05-01,823309,home,SDP,CHW,San Diego Padres,2,6,0,5,4,32,9,11,8,8,5,7,2
2026,regular,2026-05-01,823146,away,KCR,SEA,Kansas City Royals,7,10,2,7,2,37,19,9,6,6,13,5,4
2026,regular,2026-05-01,823146,home,SEA,KCR,Seattle Mariners,6,6,4,13,5,33,18,13,7,10,7,2,2
2026,regular,2026-05-02,823554,away,BAL,NYY,Baltimore Orioles,4,4,1,8,5,31,8,14,9,11,8,7,3
2026,regular,2026-05-02,823554,home,NYY,BAL,New York Yankees,9,11,3,8,7,32,24,12,4,4,8,5,1
2026,regular,2026-05-02,823715,away,TOR,MIN,Toronto Blue Jays,11,9,4,5,5,36,23,9,4,7,7,1,1
2026,regular,2026-05-02,823715,home,MIN,TOR,Minnesota Twins,4,7,1,7,1,33,12,10,11,9,5,5,4
2026,regular,2026-05-02,824685,away,ARI,CHC,Arizona Diamondbacks,0,4,0,6,1,31,5,10,2,5,7,4,1
2026,regular,2026-05-02,824685,home,CHC,ARI,Chicago Cubs,2,5,1,7,4,28,12,12,0,4,6,1,0
2026,regular,2026-05-02,825014,away,CLE,ATH,Cleveland Guardians,14,14,3,8,6,39,26,17,6,14,5,2,2
2026,regular,2026-05-02,825014,home,ATH,CLE,Athletics,6,14,2,5,2,38,21,18,14,14,8,6,3
2026,regular,2026-05-02,823388,away,CIN,PIT,Cincinnati Reds,7,11,2,13,2,37,22,14,17,19,9,11,0
2026,regular,2026-05-02,823388,home,PIT,CIN,Pittsburgh Pirates,17,19,0,9,11,42,26,29,7,11,13,2,2
2026,regular,2026-05-02,822746,away,MIL,WSN,Milwaukee Brewers,4,7,0,6,6,35,7,20,1,9,6,1,0
2026,regular,2026-05-02,822746,home,WSN,MIL,Washington Nationals,1,9,0,6,1,35,11,24,4,7,6,6,0
2026,regular,2026-05-02,824771,away,HOU,BOS,Houston Astros,6,12,2,7,4,37,21,21,3,8,7,7,0
2026,regular,2026-05-02,824771,home,BOS,HOU,Boston Red Sox,3,8,0,7,7,32,8,18,6,12,7,4,2
2026,regular,2026-05-02,823876,away,PHI,MIA,Philadelphia Phillies,0,1,0,10,1,27,1,2,4,10,10,6,1
2026,regular,2026-05-02,823876,home,MIA,PHI,Miami Marlins,4,10,1,10,6,33,15,21,0,1,10,1,0
2026,regular,2026-05-02,822988,away,SFG,TBR,San Francisco Giants,1,7,0,8,1,33,9,14,5,9,8,5,0
2026,regular,2026-05-02,822988,home,TBR,SFG,Tampa Bay Rays,5,9,0,8,5,29,11,16,1,7,8,1,0
2026,regular,2026-05-02,823067,away,LAD,STL,Los Angeles Dodgers,2,8,0,8,4,31,8,13,3,6,5,3,1
2026,regular,2026-05-02,823067,home,STL,LAD,St. Louis Cardinals,3,6,1,5,3,30,13,7,2,8,8,4,0
2026,regular,2026-05-02,824284,away,TEX,DET,Texas Rangers,1,7,1,5,2,33,11,15,5,11,7,3,1
2026,regular,2026-05-02,824284,home,DET,TEX,Detroit Tigers,5,11,1,7,3,34,14,17,1,7,5,2,1
2026,regular,2026-05-02,824365,away,ATL,COL,Atlanta Braves,9,12,3,8,3,37,24,11,1,4,13,3,0
2026,regular,2026-05-02,824365,home,COL,ATL,Colorado Rockies,1,4,0,13,3,30,5,15,9,12,8,3,3
2026,regular,2026-05-02,823308,away,CHW,SDP,Chicago White Sox,4,7,0,9,3,30,8,10,0,6,11,3,0
2026,regular,2026-05-02,823308,home,SDP,CHW,San Diego Padres,0,6,0,11,3,32,6,20,4,7,9,3,0
2026,regular,2026-05-02,824042,away,NYM,LAA,New York Mets,3,9,0,12,1,36,11,16,4,12,8,4,0
2026,regular,2026-05-02,824042,home,LAA,NYM,Los Angeles Angels,4,12,0,8,4,40,14,22,3,9,12,1,0
2026,regular,2026-05-02,823144,away,KCR,SEA,Kansas City Royals,3,8,0,17,0,37,10,16,2,7,9,2,0
2026,regular,2026-05-02,823144,home,SEA,KCR,Seattle Mariners,2,7,0,9,2,35,8,10,3,8,17,0,0
2026,regular,2026-05-03,823711,away,TOR,MIN,Toronto Blue Jays,3,11,1,9,3,37,15,17,4,9,9,4,0
2026,regular,2026-05-03,823711,home,MIN,TOR,Minnesota Twins,4,9,0,9,4,32,13,13,3,11,9,3,1
2026,regular,2026-05-03,824769,away,HOU,BOS,Houston Astros,3,10,0,9,5,34,12,21,1,9,11,4,1
2026,regular,2026-05-03,824769,home,BOS,HOU,Boston Red Sox,1,9,1,11,4,36,15,24,3,10,9,5,0
2026,regular,2026-05-03,823387,away,CIN,PIT,Cincinnati Reds,0,4,0,8,2,29,6,11,1,5,7,3,0
2026,regular,2026-05-03,823387,home,PIT,CIN,Pittsburgh Pirates,1,5,0,7,3,27,6,10,0,4,8,2,0
2026,regular,2026-05-03,823555,away,BAL,NYY,Baltimore Orioles,3,9,0,9,3,33,10,19,11,15,3,3,3
2026,regular,2026-05-03,823555,home,NYY,BAL,New York Yankees,11,15,3,3,3,38,29,11,3,9,9,3,0
2026,regular,2026-05-03,822742,away,MIL,WSN,Milwaukee Brewers,2,4,0,6,2,29,5,7,3,7,9,1,0
2026,regular,2026-05-03,822742,home,WSN,MIL,Washington Nationals,3,7,0,9,1,30,10,11,2,4,6,2,0
2026,regular,2026-05-03,822987,away,SFG,TBR,San Francisco Giants,1,6,0,5,2,34,10,14,2,8,6,4,0
2026,regular,2026-05-03,822987,home,TBR,SFG,Tampa Bay Rays,2,8,0,6,4,33,8,16,1,6,5,2,0
2026,regular,2026-05-03,823875,away,PHI,MIA,Philadelphia Phillies,7,11,1,6,3,37,18,17,2,9,10,0,1
2026,regular,2026-05-03,823875,home,MIA,PHI,Miami Marlins,2,9,1,10,0,34,13,13,7,11,6,3,1
2026,regular,2026-05-03,823065,away,LAD,STL,Los Angeles Dodgers,4,10,0,5,4,34,13,22,1,7,2,2,0
2026,regular,2026-05-03,823065,home,STL,LAD,St. Louis Cardinals,1,7,0,2,2,33,7,8,4,10,5,4,0
2026,regular,2026-05-03,824687,away,ARI,CHC,Arizona Diamondbacks,4,7,2,8,3,33,15,11,8,12,8,6,1
2026,regular,2026-05-03,824687,home,CHC,ARI,Chicago Cubs,8,12,1,8,6,35,21,23,4,7,8,3,2
2026,regular,2026-05-03,824364,away,ATL,COL,Atlanta Braves,11,14,2,9,6,38,25,17,6,11,13,6,3
2026,regular,2026-05-03,824364,home,COL,ATL,Colorado Rockies,6,11,3,13,6,35,22,19,11,14,9,6,2
2026,regular,2026-05-03,825013,away,CLE,ATH,Cleveland Guardians,1,7,1,5,3,33,10,14,7,11,9,3,3
2026,regular,2026-05-03,825013,home,ATH,CLE,Athletics,7,11,3,9,3,35,21,14,1,7,5,3,1
2026,regular,2026-05-03,824043,away,NYM,LAA,New York Mets,5,7,2,9,4,34,14,14,1,6,11,3,0
2026,regular,2026-05-03,824043,home,LAA,NYM,Los Angeles Angels,1,6,0,11,3,32,6,14,5,7,9,4,2
2026,regular,2026-05-03,823145,away,KCR,SEA,Kansas City Royals,4,8,0,7,5,32,9,18,1,4,10,3,0
2026,regular,2026-05-03,823145,home,SEA,KCR,Seattle Mariners,1,4,0,10,3,30,4,11,4,8,7,5,0
2026,regular,2026-05-03,823307,away,CHW,SDP,Chicago White Sox,3,7,2,15,3,32,13,6,4,9,8,2,2
2026,regular,2026-05-03,823307,home,SDP,CHW,San Diego Padres,4,9,2,8,2,31,16,10,3,7,15,3,2
2026,regular,2026-05-03,824285,away,TEX,DET,Texas Rangers,1,7,0,7,2,34,8,13,7,8,12,1,1
2026,regular,2026-05-03,824285,home,DET,TEX,Detroit Tigers,7,8,1,12,1,32,14,5,1,7,7,2,0
2026,regular,2026-05-04,824363,away,NYM,COL,New York Mets,4,4,1,8,2,30,9,6,2,5,11,0,0
2026,regular,2026-05-04,824363,home,COL,NYM,Colorado Rockies,2,5,0,11,0,32,10,6,4,4,8,2,1
2026,regular,2026-05-04,824283,away,BOS,DET,Boston Red Sox,5,12,1,11,3,39,16,20,4,3,11,2,0
2026,regular,2026-05-04,824283,home,DET,BOS,Detroit Tigers,4,3,0,11,2,31,5,9,5,12,11,3,1
2026,regular,2026-05-04,822984,away,TOR,TBR,Toronto Blue Jays,1,10,0,8,2,36,11,16,5,11,5,1,1
2026,regular,2026-05-04,822984,home,TBR,TOR,Tampa Bay Rays,5,11,1,5,1,33,14,10,1,10,8,2,0
2026,regular,2026-05-04,823874,away,PHI,MIA,Philadelphia Phillies,1,7,1,8,0,35,11,14,0,7,7,0,0
2026,regular,2026-05-04,823874,home,MIA,PHI,Miami Marlins,0,7,0,7,0,32,7,12,1,7,8,0,1
2026,regular,2026-05-04,823552,away,BAL,NYY,Baltimore Orioles,1,10,0,8,3,35,11,20,12,10,4,8,1
2026,regular,2026-05-04,823552,home,NYY,BAL,New York Yankees,12,10,1,4,8,32,18,12,1,10,8,3,0
2026,regular,2026-05-04,824684,away,CIN,CHC,Cincinnati Reds,4,10,2,12,4,35,16,13,5,6,5,6,2
2026,regular,2026-05-04,824684,home,CHC,CIN,Chicago Cubs,5,6,2,5,6,31,15,12,4,10,12,4,2
2026,regular,2026-05-04,824120,away,CLE,KCR,Cleveland Guardians,2,5,1,3,1,31,9,5,6,7,7,4,2
2026,regular,2026-05-04,824120,home,KCR,CLE,Kansas City Royals,6,7,2,7,4,32,14,15,2,5,3,1,1
2026,regular,2026-05-04,823064,away,MIL,STL,Milwaukee Brewers,3,11,1,7,4,37,17,21,6,11,9,4,0
2026,regular,2026-05-04,823064,home,STL,MIL,St. Louis Cardinals,6,11,0,9,4,34,15,15,3,11,7,4,1
2026,regular,2026-05-04,824201,away,LAD,HOU,Los Angeles Dodgers,8,13,2,11,5,40,21,18,3,6,15,2,1
2026,regular,2026-05-04,824201,home,HOU,LAD,Houston Astros,3,6,1,15,2,32,9,12,8,13,11,5,2
2026,regular,2026-05-04,824039,away,CHW,LAA,Chicago White Sox,6,16,2,9,3,42,23,20,0,5,14,0,0
2026,regular,2026-05-04,824039,home,LAA,CHW,Los Angeles Angels,0,5,0,14,0,31,7,9,6,16,9,3,2
2026,regular,2026-05-04,823143,away,ATL,SEA,Atlanta Braves,4,9,4,8,2,35,21,11,5,8,6,8,2
2026,regular,2026-05-04,823143,home,SEA,ATL,Seattle Mariners,5,8,2,6,8,30,15,21,4,9,8,2,4
2026,regular,2026-05-04,823228,away,SDP,SFG,San Diego Padres,2,3,2,10,0,30,9,5,3,6,4,3,1
2026,regular,2026-05-04,823228,home,SFG,SDP,San Francisco Giants,3,6,1,4,3,28,13,12,2,3,10,0,2
