source,date,market,player,team,opponent,pitcher,line,americanOdds,modelProbabilityPercent,storedImpliedPercent,calculatedImpliedPercent,storedEdgePercent,calculatedEdgePercent,edgeDelta,actualStat,result,storedProfitUnits,calculatedProfitUnits,profitDelta,confidence,recommendation,mathStatus,warnings
playerboard_backtest,2026-05-07,batter_hits,Miguel Andujar,SDP,STL,Matthew Liberatore,1.5,185.0,51.64,35.09,35.0877,16.55,16.5523,-0.0023,,ungraded,0.0,0.0,0.0,Medium,Positive edge,ok,
playerboard_backtest,2026-05-07,batter_hits,Jackson Merrill,SDP,STL,Matthew Liberatore,0.5,198.0,48.52,33.56,33.557,14.97,14.963,0.007,,ungraded,0.0,0.0,0.0,Medium,Positive edge,ok,
playerboard_backtest,2026-05-07,batter_hits,Fernando Tatis Jr.,SDP,STL,Matthew Liberatore,0.5,197.0,48.57,33.67,33.67,14.9,14.9,0.0,,ungraded,0.0,0.0,0.0,Medium,Positive edge,ok,
playerboard_backtest,2026-05-07,batter_hits,Alec Burleson,STL,SDP,Michael King,0.5,182.0,49.78,35.46,35.461,14.32,14.319,0.001,,ungraded,0.0,0.0,0.0,Medium,Positive edge,ok,
playerboard_backtest,2026-05-07,batter_hits,Xander Bogaerts,SDP,STL,Matthew Liberatore,0.5,182.0,49.28,35.46,35.461,13.82,13.819,0.001,,ungraded,0.0,0.0,0.0,Medium,Positive edge,ok,
playerboard_backtest,2026-05-07,batter_hits,Fernando Tatis Jr.,SDP,STL,Matthew Liberatore,1.5,178.0,49.49,35.97,35.9712,13.52,13.5188,0.0012,,ungraded,0.0,0.0,0.0,Medium,Positive edge,ok,
playerboard_backtest,2026-05-07,batter_hits,Manny Machado,SDP,STL,Matthew Liberatore,0.5,169.0,49.97,37.17,37.1747,12.8,12.7953,0.0047,,ungraded,0.0,0.0,0.0,Medium,Positive edge,ok,
playerboard_backtest,2026-05-07,batter_hits,Ramón Laureano,SDP,STL,Matthew Liberatore,0.5,165.0,50.19,37.74,37.7358,12.46,12.4542,0.0058,,ungraded,0.0,0.0,0.0,Medium,Positive edge,ok,
playerboard_backtest,2026-05-07,batter_hits,Ty France,SDP,STL,Matthew Liberatore,0.5,162.0,50.37,38.17,38.1679,12.2,12.2021,-0.0021,,ungraded,0.0,0.0,0.0,Medium,Positive edge,ok,
playerboard_backtest,2026-05-07,batter_total_bases,Luis Campusano,SDP,STL,Matthew Liberatore,1.5,195.0,45.76,33.9,33.8983,11.86,11.8617,-0.0017,,ungraded,0.0,0.0,0.0,Medium,Positive edge,ok,
playerboard_backtest,2026-05-07,batter_hits,Jordan Walker,STL,SDP,Michael King,0.5,142.0,52.13,41.32,41.3223,10.81,10.8077,0.0023,,ungraded,0.0,0.0,0.0,Medium,Positive edge,ok,
playerboard_backtest,2026-05-07,batter_total_bases,Victor Scott II,STL,SDP,Michael King,1.5,285.0,36.09,25.97,25.974,10.12,10.116,0.004,,ungraded,0.0,0.0,0.0,Medium,Positive edge,ok,
playerboard_backtest,2026-05-07,batter_total_bases,Pedro Pagés,STL,SDP,Michael King,1.5,220.0,40.2,31.25,31.25,8.95,8.95,0.0,,ungraded,0.0,0.0,0.0,Medium,Positive edge,ok,
playerboard_backtest,2026-05-07,batter_hits,JJ Wetherholt,STL,SDP,Michael King,0.5,147.0,49.29,40.49,40.4858,8.81,8.8042,0.0058,,ungraded,0.0,0.0,0.0,Medium,Positive edge,ok,
playerboard_backtest,2026-05-07,batter_hits,Nick Castellanos,SDP,STL,Matthew Liberatore,0.5,142.0,49.63,41.32,41.3223,8.31,8.3077,0.0023,,ungraded,0.0,0.0,0.0,Medium,Positive edge,ok,
playerboard_backtest,2026-05-07,batter_total_bases,Masyn Winn,STL,SDP,Michael King,1.5,205.0,40.81,32.79,32.7869,8.03,8.0231,0.0069,,ungraded,0.0,0.0,0.0,Medium,Positive edge,ok,
playerboard_backtest,2026-05-07,batter_hits,Luis Campusano,SDP,STL,Matthew Liberatore,0.5,120.0,53.28,45.45,45.4545,7.83,7.8255,0.0045,,ungraded,0.0,0.0,0.0,Medium,Positive edge,ok,
playerboard_backtest,2026-05-07,batter_hits,Miguel Andujar,SDP,STL,Matthew Liberatore,0.5,100.0,57.6,50.0,50.0,7.6,7.6,0.0,,ungraded,0.0,0.0,0.0,Medium,Positive edge,ok,
playerboard_backtest,2026-05-07,batter_total_bases,Xander Bogaerts,SDP,STL,Matthew Liberatore,1.5,141.0,48.8,41.49,41.4938,7.3,7.3062,-0.0062,,ungraded,0.0,0.0,0.0,Medium,Positive edge,ok,
playerboard_backtest,2026-05-07,batter_total_bases,Nick Castellanos,SDP,STL,Matthew Liberatore,1.5,165.0,44.79,37.74,37.7358,7.06,7.0542,0.0058,,ungraded,0.0,0.0,0.0,Medium,Positive edge,ok,
playerboard_backtest,2026-05-07,batter_total_bases,Nathan Church,STL,SDP,Michael King,1.5,190.0,41.49,34.48,34.4828,7.01,7.0072,0.0028,,ungraded,0.0,0.0,0.0,Medium,Positive edge,ok,
playerboard_backtest,2026-05-07,batter_total_bases,Ramón Laureano,SDP,STL,Matthew Liberatore,0.5,163.0,44.91,38.02,38.0228,6.89,6.8872,0.0028,,ungraded,0.0,0.0,0.0,Medium,Positive edge,ok,
playerboard_backtest,2026-05-07,batter_total_bases,Nolan Gorman,STL,SDP,Michael King,1.5,185.0,41.74,35.09,35.0877,6.65,6.6523,-0.0023,,ungraded,0.0,0.0,0.0,Medium,Positive edge,ok,
playerboard_backtest,2026-05-07,batter_hits,Masyn Winn,STL,SDP,Michael King,0.5,126.0,50.8,44.25,44.2478,6.55,6.5522,-0.0022,,ungraded,0.0,0.0,0.0,Medium,Positive edge,ok,
playerboard_backtest,2026-05-07,batter_total_bases,Ty France,SDP,STL,Matthew Liberatore,1.5,158.0,45.2,38.76,38.7597,6.44,6.4403,-0.0003,,ungraded,0.0,0.0,0.0,Medium,Positive edge,ok,
playerboard_backtest,2026-05-07,batter_total_bases,Alec Burleson,STL,SDP,Michael King,1.5,147.0,46.39,40.49,40.4858,5.91,5.9042,0.0058,,ungraded,0.0,0.0,0.0,Medium,Positive edge,ok,
playerboard_backtest,2026-05-07,batter_hits,Jordan Walker,STL,SDP,Michael King,0.5,100.0,55.6,50.0,50.0,5.6,5.6,0.0,,ungraded,0.0,0.0,0.0,Medium,Positive edge,ok,
playerboard_backtest,2026-05-07,batter_hits,Alec Burleson,STL,SDP,Michael King,0.5,100.0,55.6,50.0,50.0,5.6,5.6,0.0,,ungraded,0.0,0.0,0.0,Medium,Positive edge,ok,
playerboard_backtest,2026-05-07,batter_total_bases,Nick Castellanos,SDP,STL,Matthew Liberatore,0.5,148.0,45.83,40.32,40.3226,5.51,5.5074,0.0026,,ungraded,0.0,0.0,0.0,Medium,Positive edge,ok,
playerboard_backtest,2026-05-07,batter_hits_alt,Miguel Andujar,SDP,STL,Matthew Liberatore,3.5,4000.0,7.86,2.44,2.439,5.42,5.421,-0.001,,ungraded,0.0,0.0,0.0,Low,Alt ladder market,warning,extreme_non_hr_odds
playerboard_backtest,2026-05-07,batter_total_bases,Jordan Walker,STL,SDP,Michael King,1.5,140.0,46.87,41.67,41.6667,5.2,5.2033,-0.0033,,ungraded,0.0,0.0,0.0,Medium,Positive edge,ok,
playerboard_backtest,2026-05-07,pitcher_earned_runs,Michael King,SDP,STL,Michael King,1.5,128.0,49.04,43.86,43.8596,5.18,5.1804,-0.0004,,ungraded,0.0,0.0,0.0,Medium,Positive edge,ok,
playerboard_backtest,2026-05-07,batter_hits_alt,Alec Burleson,STL,SDP,Michael King,3.5,4300.0,7.41,2.27,2.2727,5.14,5.1373,0.0027,,ungraded,0.0,0.0,0.0,Low,Alt ladder market,warning,extreme_non_hr_odds
playerboard_backtest,2026-05-07,batter_hits,Manny Machado,SDP,STL,Matthew Liberatore,0.5,100.0,55.1,50.0,50.0,5.1,5.1,0.0,,ungraded,0.0,0.0,0.0,Medium,Positive edge,ok,
playerboard_backtest,2026-05-07,batter_hits,Ty France,SDP,STL,Matthew Liberatore,0.5,100.0,55.1,50.0,50.0,5.1,5.1,0.0,,ungraded,0.0,0.0,0.0,Medium,Positive edge,ok,
playerboard_backtest,2026-05-07,batter_hits,Jackson Merrill,SDP,STL,Matthew Liberatore,0.5,100.0,55.1,50.0,50.0,5.1,5.1,0.0,,ungraded,0.0,0.0,0.0,Medium,Positive edge,ok,
playerboard_backtest,2026-05-07,batter_hits,Xander Bogaerts,SDP,STL,Matthew Liberatore,0.5,100.0,55.1,50.0,50.0,5.1,5.1,0.0,,ungraded,0.0,0.0,0.0,Medium,Positive edge,ok,
playerboard_backtest,2026-05-07,batter_hits,Fernando Tatis Jr.,SDP,STL,Matthew Liberatore,0.5,100.0,55.1,50.0,50.0,5.1,5.1,0.0,,ungraded,0.0,0.0,0.0,Medium,Positive edge,ok,
playerboard_backtest,2026-05-07,batter_hits,Luis Campusano,SDP,STL,Matthew Liberatore,1.5,100.0,55.1,50.0,50.0,5.1,5.1,0.0,,ungraded,0.0,0.0,0.0,Medium,Positive edge,ok,
playerboard_backtest,2026-05-07,batter_hits,Ramón Laureano,SDP,STL,Matthew Liberatore,0.5,100.0,55.1,50.0,50.0,5.1,5.1,0.0,,ungraded,0.0,0.0,0.0,Medium,Positive edge,ok,
playerboard_backtest,2026-05-07,batter_hits,Gavin Sheets,SDP,STL,Matthew Liberatore,0.5,100.0,55.1,50.0,50.0,5.1,5.1,0.0,,ungraded,0.0,0.0,0.0,Medium,Positive edge,ok,
playerboard_backtest,2026-05-07,batter_hits,Sung-Mun Song,SDP,STL,Matthew Liberatore,0.5,100.0,55.1,50.0,50.0,5.1,5.1,0.0,,ungraded,0.0,0.0,0.0,Medium,Positive edge,ok,
playerboard_backtest,2026-05-07,batter_total_bases,Jordan Walker,STL,SDP,Michael King,0.5,139.0,46.94,41.84,41.841,5.1,5.099,0.001,,ungraded,0.0,0.0,0.0,Medium,Positive edge,ok,
playerboard_backtest,2026-05-07,batter_hits_alt,Jackson Merrill,SDP,STL,Matthew Liberatore,3.5,4400.0,7.29,2.22,2.2222,5.07,5.0678,0.0022,,ungraded,0.0,0.0,0.0,Low,Alt ladder market,warning,extreme_non_hr_odds
playerboard_backtest,2026-05-07,batter_total_bases,Miguel Andujar,SDP,STL,Matthew Liberatore,1.5,120.0,50.38,45.45,45.4545,4.93,4.9255,0.0045,,ungraded,0.0,0.0,0.0,Medium,Positive edge,ok,
playerboard_backtest,2026-05-07,batter_total_bases,Fernando Tatis Jr.,SDP,STL,Matthew Liberatore,1.5,142.0,46.23,41.32,41.3223,4.91,4.9077,0.0023,,ungraded,0.0,0.0,0.0,Medium,Positive edge,ok,
playerboard_backtest,2026-05-07,batter_hits_alt,Luis Campusano,SDP,STL,Matthew Liberatore,2.5,2000.0,9.6,4.76,4.7619,4.84,4.8381,0.0019,,ungraded,0.0,0.0,0.0,Low,Alt ladder market,ok,
playerboard_backtest,2026-05-07,batter_hits_alt,Jordan Walker,STL,SDP,Michael King,2.5,1300.0,11.84,7.14,7.1429,4.7,4.6971,0.0029,,ungraded,0.0,0.0,0.0,Low,Alt ladder market,ok,
playerboard_backtest,2026-05-07,batter_hits_alt,Miguel Andujar,SDP,STL,Matthew Liberatore,2.5,850.0,15.22,10.53,10.5263,4.69,4.6937,-0.0037,,ungraded,0.0,0.0,0.0,Low,Alt ladder market,ok,
playerboard_backtest,2026-05-07,batter_hits_alt,Ty France,SDP,STL,Matthew Liberatore,2.5,1400.0,11.33,6.67,6.6667,4.67,4.6633,0.0067,,ungraded,0.0,0.0,0.0,Low,Alt ladder market,ok,
playerboard_backtest,2026-05-07,batter_hits,Nathan Church,STL,SDP,Michael King,0.5,111.0,52.06,47.39,47.3934,4.66,4.6666,-0.0066,,ungraded,0.0,0.0,0.0,Medium,Positive edge,ok,
playerboard_backtest,2026-05-07,batter_hits_alt,Nolan Gorman,STL,SDP,Michael King,2.5,2900.0,8.0,3.33,3.3333,4.66,4.6667,-0.0067,,ungraded,0.0,0.0,0.0,Low,Alt ladder market,warning,extreme_non_hr_odds
playerboard_backtest,2026-05-07,batter_hits_alt,Manny Machado,SDP,STL,Matthew Liberatore,2.5,1180.0,12.37,7.81,7.8125,4.56,4.5575,0.0025,,ungraded,0.0,0.0,0.0,Low,Alt ladder market,ok,
playerboard_backtest,2026-05-07,batter_hits_alt,Alec Burleson,STL,SDP,Michael King,2.5,1020.0,13.46,8.93,8.9286,4.54,4.5314,0.0086,,ungraded,0.0,0.0,0.0,Low,Alt ladder market,ok,
playerboard_backtest,2026-05-07,batter_hits_alt,Xander Bogaerts,SDP,STL,Matthew Liberatore,2.5,1120.0,12.72,8.2,8.1967,4.53,4.5233,0.0067,,ungraded,0.0,0.0,0.0,Low,Alt ladder market,ok,
playerboard_backtest,2026-05-07,batter_hits_alt,Fernando Tatis Jr.,SDP,STL,Matthew Liberatore,2.5,1100.0,12.85,8.33,8.3333,4.52,4.5167,0.0033,,ungraded,0.0,0.0,0.0,Low,Alt ladder market,ok,
playerboard_backtest,2026-05-07,pitcher_strikeouts,Michael King,SDP,STL,Michael King,4.5,100.0,54.5,50.0,50.0,4.5,4.5,0.0,,ungraded,0.0,0.0,0.0,Medium,Positive edge,ok,
playerboard_backtest,2026-05-07,batter_hits_alt,Masyn Winn,STL,SDP,Michael King,2.5,1700.0,10.02,5.56,5.5556,4.46,4.4644,-0.0044,,ungraded,0.0,0.0,0.0,Low,Alt ladder market,ok,
playerboard_backtest,2026-05-07,batter_hits_alt,Jackson Merrill,SDP,STL,Matthew Liberatore,2.5,970.0,13.77,9.35,9.3458,4.42,4.4242,-0.0042,,ungraded,0.0,0.0,0.0,Low,Alt ladder market,ok,
playerboard_backtest,2026-05-07,batter_hits_alt,Nick Castellanos,SDP,STL,Matthew Liberatore,2.5,1520.0,10.58,6.17,6.1728,4.41,4.4072,0.0028,,ungraded,0.0,0.0,0.0,Low,Alt ladder market,ok,
playerboard_backtest,2026-05-07,batter_hits_alt,JJ Wetherholt,STL,SDP,Michael King,2.5,1280.0,11.56,7.25,7.2464,4.31,4.3136,-0.0036,,ungraded,0.0,0.0,0.0,Low,Alt ladder market,ok,
playerboard_backtest,2026-05-07,batter_hits_alt,Victor Scott II,STL,SDP,Michael King,2.5,2400.0,8.31,4.0,4.0,4.31,4.31,0.0,,ungraded,0.0,0.0,0.0,Low,Alt ladder market,warning,extreme_non_hr_odds
playerboard_backtest,2026-05-07,batter_total_bases_alt,Luis Campusano,SDP,STL,Matthew Liberatore,4.5,1140.0,12.17,8.06,8.0645,4.1,4.1055,-0.0055,,ungraded,0.0,0.0,0.0,Low,Alt ladder market,ok,
playerboard_backtest,2026-05-07,batter_total_bases,JJ Wetherholt,STL,SDP,Michael King,1.5,153.0,43.51,39.53,39.5257,3.98,3.9843,-0.0043,,ungraded,0.0,0.0,0.0,Low-Medium,No clear edge,ok,
playerboard_backtest,2026-05-07,batter_total_bases_alt,Miguel Andujar,SDP,STL,Matthew Liberatore,4.5,890.0,14.02,10.1,10.101,3.92,3.919,0.001,,ungraded,0.0,0.0,0.0,Low,Alt ladder market,ok,
playerboard_backtest,2026-05-07,batter_total_bases_alt,Xander Bogaerts,SDP,STL,Matthew Liberatore,4.5,880.0,14.12,10.2,10.2041,3.91,3.9159,-0.0059,,ungraded,0.0,0.0,0.0,Low,Alt ladder market,ok,
playerboard_backtest,2026-05-07,batter_total_bases_alt,Jordan Walker,STL,SDP,Michael King,5.5,1300.0,11.03,7.14,7.1429,3.89,3.8871,0.0029,,ungraded,0.0,0.0,0.0,Low,Alt ladder market,ok,
playerboard_backtest,2026-05-07,batter_total_bases_alt,Manny Machado,SDP,STL,Matthew Liberatore,5.5,1320.0,10.86,7.04,7.0423,3.82,3.8177,0.0023,,ungraded,0.0,0.0,0.0,Low,Alt ladder market,ok,
playerboard_backtest,2026-05-07,batter_total_bases,Manny Machado,SDP,STL,Matthew Liberatore,1.5,131.0,47.02,43.29,43.29,3.73,3.73,0.0,,ungraded,0.0,0.0,0.0,Low-Medium,No clear edge,ok,
playerboard_backtest,2026-05-07,batter_total_bases_alt,Nick Castellanos,SDP,STL,Matthew Liberatore,4.5,920.0,13.38,9.8,9.8039,3.57,3.5761,-0.0061,,ungraded,0.0,0.0,0.0,Low,Alt ladder market,ok,
playerboard_backtest,2026-05-07,batter_hits_alt,Nolan Gorman,STL,SDP,Michael King,1.5,534.0,19.32,15.77,15.7729,3.55,3.5471,0.0029,,ungraded,0.0,0.0,0.0,Low,Alt ladder market,ok,
playerboard_backtest,2026-05-07,batter_total_bases_alt,Ty France,SDP,STL,Matthew Liberatore,4.5,900.0,13.55,10.0,10.0,3.55,3.55,0.0,,ungraded,0.0,0.0,0.0,Low,Alt ladder market,ok,
playerboard_backtest,2026-05-07,batter_total_bases_alt,Jackson Merrill,SDP,STL,Matthew Liberatore,4.5,870.0,13.84,10.31,10.3093,3.53,3.5307,-0.0007,,ungraded,0.0,0.0,0.0,Low,Alt ladder market,ok,
playerboard_backtest,2026-05-07,batter_total_bases_alt,Alec Burleson,STL,SDP,Michael King,4.5,770.0,14.99,11.49,11.4943,3.5,3.4957,0.0043,,ungraded,0.0,0.0,0.0,Low,Alt ladder market,ok,
playerboard_backtest,2026-05-07,batter_total_bases_alt,Jordan Walker,STL,SDP,Michael King,4.5,730.0,15.49,12.05,12.0482,3.45,3.4418,0.0082,,ungraded,0.0,0.0,0.0,Low,Alt ladder market,ok,
playerboard_backtest,2026-05-07,batter_total_bases_alt,Nolan Gorman,STL,SDP,Michael King,4.5,1160.0,11.38,7.94,7.9365,3.44,3.4435,-0.0035,,ungraded,0.0,0.0,0.0,Low,Alt ladder market,ok,
playerboard_backtest,2026-05-07,batter_hits_alt,Luis Campusano,SDP,STL,Matthew Liberatore,1.5,384.0,24.07,20.66,20.6612,3.41,3.4088,0.0012,,ungraded,0.0,0.0,0.0,Low,Alt ladder market,ok,
playerboard_backtest,2026-05-07,batter_total_bases_alt,Manny Machado,SDP,STL,Matthew Liberatore,4.5,710.0,15.69,12.35,12.3457,3.34,3.3443,-0.0043,,ungraded,0.0,0.0,0.0,Low,Alt ladder market,ok,
playerboard_backtest,2026-05-07,batter_total_bases_alt,Luis Campusano,SDP,STL,Matthew Liberatore,3.5,496.0,20.1,16.78,16.7785,3.32,3.3215,-0.0015,,ungraded,0.0,0.0,0.0,Low,Alt ladder market,ok,
playerboard_backtest,2026-05-07,batter_total_bases_alt,Fernando Tatis Jr.,SDP,STL,Matthew Liberatore,4.5,690.0,15.97,12.66,12.6582,3.32,3.3118,0.0082,,ungraded,0.0,0.0,0.0,Low,Alt ladder market,ok,
playerboard_backtest,2026-05-07,batter_total_bases_alt,JJ Wetherholt,STL,SDP,Michael King,4.5,940.0,12.9,9.62,9.6154,3.29,3.2846,0.0054,,ungraded,0.0,0.0,0.0,Low,Alt ladder market,ok,
playerboard_backtest,2026-05-07,batter_total_bases_alt,Miguel Andujar,SDP,STL,Matthew Liberatore,3.5,451.0,21.35,18.15,18.1488,3.2,3.2012,-0.0012,,ungraded,0.0,0.0,0.0,Low,Alt ladder market,ok,
playerboard_backtest,2026-05-07,batter_total_bases_alt,Xander Bogaerts,SDP,STL,Matthew Liberatore,3.5,436.0,21.81,18.66,18.6567,3.15,3.1533,-0.0033,,ungraded,0.0,0.0,0.0,Low,Alt ladder market,ok,
playerboard_backtest,2026-05-07,batter_total_bases_alt,Masyn Winn,STL,SDP,Michael King,3.5,800.0,14.27,11.11,11.1111,3.15,3.1589,-0.0089,,ungraded,0.0,0.0,0.0,Low,Alt ladder market,ok,
playerboard_backtest,2026-05-07,batter_hits,Nolan Gorman,STL,SDP,Michael King,0.5,100.0,53.1,50.0,50.0,3.1,3.1,0.0,,ungraded,0.0,0.0,0.0,Low-Medium,No clear edge,ok,
playerboard_backtest,2026-05-07,batter_hits,Pedro Pagés,STL,SDP,Michael King,0.5,100.0,53.1,50.0,50.0,3.1,3.1,0.0,,ungraded,0.0,0.0,0.0,Low-Medium,No clear edge,ok,
playerboard_backtest,2026-05-07,batter_hits,Nick Castellanos,SDP,STL,Matthew Liberatore,0.5,100.0,53.1,50.0,50.0,3.1,3.1,0.0,,ungraded,0.0,0.0,0.0,Low-Medium,No clear edge,ok,
playerboard_backtest,2026-05-07,batter_hits,Masyn Winn,STL,SDP,Michael King,0.5,100.0,53.1,50.0,50.0,3.1,3.1,0.0,,ungraded,0.0,0.0,0.0,Low-Medium,No clear edge,ok,
playerboard_backtest,2026-05-07,batter_hits,Nathan Church,STL,SDP,Michael King,0.5,100.0,53.1,50.0,50.0,3.1,3.1,0.0,,ungraded,0.0,0.0,0.0,Low-Medium,No clear edge,ok,
playerboard_backtest,2026-05-07,batter_hits,JJ Wetherholt,STL,SDP,Michael King,0.5,100.0,53.1,50.0,50.0,3.1,3.1,0.0,,ungraded,0.0,0.0,0.0,Low-Medium,No clear edge,ok,
playerboard_backtest,2026-05-07,batter_hits,Freddy Fermin,SDP,STL,Matthew Liberatore,0.5,100.0,53.1,50.0,50.0,3.1,3.1,0.0,,ungraded,0.0,0.0,0.0,Low-Medium,No clear edge,ok,
playerboard_backtest,2026-05-07,batter_hits_alt,Victor Scott II,STL,SDP,Michael King,1.5,463.0,20.83,17.76,17.762,3.07,3.068,0.002,,ungraded,0.0,0.0,0.0,Low,Alt ladder market,ok,
playerboard_backtest,2026-05-07,batter_hits_alt,Jordan Walker,STL,SDP,Michael King,1.5,292.0,28.55,25.51,25.5102,3.04,3.0398,0.0002,,ungraded,0.0,0.0,0.0,Low,Alt ladder market,ok,
playerboard_backtest,2026-05-07,batter_total_bases,Jackson Merrill,SDP,STL,Matthew Liberatore,1.5,125.0,47.48,44.44,44.4444,3.03,3.0356,-0.0056,,ungraded,0.0,0.0,0.0,Low-Medium,No clear edge,ok,
playerboard_backtest,2026-05-07,batter_total_bases_alt,Luis Campusano,SDP,STL,Matthew Liberatore,2.5,373.0,24.07,21.14,21.1416,2.93,2.9284,0.0016,,ungraded,0.0,0.0,0.0,Low,Alt ladder market,ok,
playerboard_backtest,2026-05-07,batter_total_bases_alt,Victor Scott II,STL,SDP,Michael King,3.5,870.0,13.24,10.31,10.3093,2.93,2.9307,-0.0007,,ungraded,0.0,0.0,0.0,Low,Alt ladder market,ok,
playerboard_backtest,2026-05-07,batter_hits_alt,Masyn Winn,STL,SDP,Michael King,1.5,341.0,25.6,22.68,22.6757,2.92,2.9243,-0.0043,,ungraded,0.0,0.0,0.0,Low,Alt ladder market,ok,
playerboard_backtest,2026-05-07,batter_total_bases_alt,Jackson Merrill,SDP,STL,Matthew Liberatore,3.5,452.0,20.94,18.12,18.1159,2.82,2.8241,-0.0041,,ungraded,0.0,0.0,0.0,Low,Alt ladder market,ok,
playerboard_backtest,2026-05-07,batter_hits_alt,Ty France,SDP,STL,Matthew Liberatore,1.5,265.0,30.2,27.4,27.3973,2.8,2.8027,-0.0027,,ungraded,0.0,0.0,0.0,Low,Alt ladder market,ok,
playerboard_backtest,2026-05-07,batter_total_bases_alt,Nick Castellanos,SDP,STL,Matthew Liberatore,3.5,442.0,21.24,18.45,18.4502,2.79,2.7898,0.0002,,ungraded,0.0,0.0,0.0,Low,Alt ladder market,ok,
playerboard_backtest,2026-05-07,batter_total_bases_alt,Ty France,SDP,STL,Matthew Liberatore,3.5,429.0,21.66,18.9,18.9036,2.75,2.7564,-0.0064,,ungraded,0.0,0.0,0.0,Low,Alt ladder market,ok,
playerboard_backtest,2026-05-07,batter_total_bases_alt,Alec Burleson,STL,SDP,Michael King,3.5,401.0,22.69,19.96,19.9601,2.73,2.7299,0.0001,,ungraded,0.0,0.0,0.0,Low,Alt ladder market,ok,
playerboard_backtest,2026-05-07,batter_hits_alt,Manny Machado,SDP,STL,Matthew Liberatore,1.5,251.0,31.19,28.49,28.49,2.7,2.7,0.0,,ungraded,0.0,0.0,0.0,Low,Alt ladder market,ok,
playerboard_backtest,2026-05-07,batter_hits_alt,Nick Castellanos,SDP,STL,Matthew Liberatore,1.5,298.0,27.83,25.13,25.1256,2.7,2.7044,-0.0044,,ungraded,0.0,0.0,0.0,Low,Alt ladder market,ok,
playerboard_backtest,2026-05-07,batter_total_bases,Luis Campusano,SDP,STL,Matthew Liberatore,0.5,103.0,51.9,49.26,49.2611,2.64,2.6389,0.0011,,ungraded,0.0,0.0,0.0,Low-Medium,No clear edge,ok,
playerboard_backtest,2026-05-07,batter_hits_alt,JJ Wetherholt,STL,SDP,Michael King,1.5,282.0,28.79,26.18,26.178,2.61,2.612,-0.002,,ungraded,0.0,0.0,0.0,Low,Alt ladder market,ok,
playerboard_backtest,2026-05-07,batter_total_bases_alt,Masyn Winn,STL,SDP,Michael King,2.5,472.0,20.06,17.48,17.4825,2.58,2.5775,0.0025,,ungraded,0.0,0.0,0.0,Low,Alt ladder market,ok,
playerboard_backtest,2026-05-07,batter_hits_alt,Alec Burleson,STL,SDP,Michael King,1.5,224.0,33.43,30.86,30.8642,2.56,2.5658,-0.0058,,ungraded,0.0,0.0,0.0,Low,Alt ladder market,ok,
playerboard_backtest,2026-05-07,batter_hits_alt,Xander Bogaerts,SDP,STL,Matthew Liberatore,1.5,231.0,32.76,30.21,30.2115,2.55,2.5485,0.0015,,ungraded,0.0,0.0,0.0,Low,Alt ladder market,ok,
playerboard_backtest,2026-05-07,batter_total_bases_alt,Nolan Gorman,STL,SDP,Michael King,3.5,461.0,20.38,17.83,17.8253,2.55,2.5547,-0.0047,,ungraded,0.0,0.0,0.0,Low,Alt ladder market,ok,
playerboard_backtest,2026-05-07,batter_total_bases_alt,JJ Wetherholt,STL,SDP,Michael King,3.5,456.0,20.52,17.99,17.9856,2.54,2.5344,0.0056,,ungraded,0.0,0.0,0.0,Low,Alt ladder market,ok,
playerboard_backtest,2026-05-07,pitcher_strikeouts,Matthew Liberatore,STL,SDP,Matthew Liberatore,2.5,100.0,52.5,50.0,50.0,2.5,2.5,0.0,,ungraded,0.0,0.0,0.0,Low-Medium,No clear edge,ok,
playerboard_backtest,2026-05-07,batter_total_bases_alt,Victor Scott II,STL,SDP,Michael King,2.5,562.0,17.6,15.11,15.1057,2.5,2.4943,0.0057,,ungraded,0.0,0.0,0.0,Low,Alt ladder market,ok,
playerboard_backtest,2026-05-07,batter_hits_alt,Miguel Andujar,SDP,STL,Matthew Liberatore,1.5,185.0,37.57,35.09,35.0877,2.48,2.4823,-0.0023,,ungraded,0.0,0.0,0.0,Low,Alt ladder market,ok,
playerboard_backtest,2026-05-07,batter_total_bases_alt,Jordan Walker,STL,SDP,Michael King,3.5,340.0,25.21,22.73,22.7273,2.48,2.4827,-0.0027,,ungraded,0.0,0.0,0.0,Low,Alt ladder market,ok,
playerboard_backtest,2026-05-07,batter_total_bases_alt,Xander Bogaerts,SDP,STL,Matthew Liberatore,2.5,281.0,28.71,26.25,26.2467,2.47,2.4633,0.0067,,ungraded,0.0,0.0,0.0,Low,Alt ladder market,ok,
playerboard_backtest,2026-05-07,batter_hits_alt,Fernando Tatis Jr.,SDP,STL,Matthew Liberatore,1.5,219.0,33.79,31.35,31.348,2.44,2.442,-0.002,,ungraded,0.0,0.0,0.0,Low,Alt ladder market,ok,
playerboard_backtest,2026-05-07,batter_total_bases_alt,Fernando Tatis Jr.,SDP,STL,Matthew Liberatore,3.5,347.0,24.81,22.37,22.3714,2.44,2.4386,0.0014,,ungraded,0.0,0.0,0.0,Low,Alt ladder market,ok,
playerboard_backtest,2026-05-07,batter_total_bases_alt,Manny Machado,SDP,STL,Matthew Liberatore,3.5,339.0,25.18,22.78,22.779,2.4,2.401,-0.001,,ungraded,0.0,0.0,0.0,Low,Alt ladder market,ok,
playerboard_backtest,2026-05-07,batter_total_bases_alt,Miguel Andujar,SDP,STL,Matthew Liberatore,2.5,261.0,30.04,27.7,27.7008,2.34,2.3392,0.0008,,ungraded,0.0,0.0,0.0,Low,Alt ladder market,ok,
playerboard_backtest,2026-05-07,batter_hits_alt,Jackson Merrill,SDP,STL,Matthew Liberatore,1.5,206.0,35.0,32.68,32.6797,2.32,2.3203,-0.0003,,ungraded,0.0,0.0,0.0,Low,Alt ladder market,ok,
playerboard_backtest,2026-05-07,batter_total_bases_alt,Nolan Gorman,STL,SDP,Michael King,2.5,369.0,23.56,21.32,21.322,2.24,2.238,0.002,,ungraded,0.0,0.0,0.0,Low,Alt ladder market,ok,
playerboard_backtest,2026-05-07,pitcher_strikeouts,Matthew Liberatore,STL,SDP,Matthew Liberatore,3.5,120.0,47.68,45.45,45.4545,2.23,2.2255,0.0045,,ungraded,0.0,0.0,0.0,Low-Medium,No clear edge,ok,
playerboard_backtest,2026-05-07,batter_total_bases_alt,Nick Castellanos,SDP,STL,Matthew Liberatore,2.5,301.0,27.15,24.94,24.9377,2.21,2.2123,-0.0023,,ungraded,0.0,0.0,0.0,Low,Alt ladder market,ok,
playerboard_backtest,2026-05-07,batter_total_bases,Luis Campusano,SDP,STL,Matthew Liberatore,1.5,100.0,52.2,50.0,50.0,2.2,2.2,0.0,,ungraded,0.0,0.0,0.0,Low-Medium,No clear edge,ok,
playerboard_backtest,2026-05-07,batter_total_bases,Miguel Andujar,SDP,STL,Matthew Liberatore,0.5,100.0,52.2,50.0,50.0,2.2,2.2,0.0,,ungraded,0.0,0.0,0.0,Low-Medium,No clear edge,ok,
playerboard_backtest,2026-05-07,batter_total_bases,Xander Bogaerts,SDP,STL,Matthew Liberatore,0.5,100.0,52.2,50.0,50.0,2.2,2.2,0.0,,ungraded,0.0,0.0,0.0,Low-Medium,No clear edge,ok,
playerboard_backtest,2026-05-07,batter_total_bases_alt,Ty France,SDP,STL,Matthew Liberatore,2.5,283.0,28.21,26.11,26.1097,2.11,2.1003,0.0097,,ungraded,0.0,0.0,0.0,Low,Alt ladder market,ok,
playerboard_backtest,2026-05-07,batter_total_bases_alt,Jackson Merrill,SDP,STL,Matthew Liberatore,2.5,277.0,28.59,26.53,26.5252,2.07,2.0648,0.0052,,ungraded,0.0,0.0,0.0,Low,Alt ladder market,ok,
playerboard_backtest,2026-05-07,batter_total_bases,Iván Herrera,STL,SDP,Michael King,0.5,134.0,44.79,42.74,42.735,2.06,2.055,0.005,,ungraded,0.0,0.0,0.0,Low-Medium,No clear edge,ok,
playerboard_backtest,2026-05-07,batter_total_bases_alt,Alec Burleson,STL,SDP,Michael King,2.5,259.0,29.88,27.86,27.8552,2.02,2.0248,-0.0048,,ungraded,0.0,0.0,0.0,Low,Alt ladder market,ok,
playerboard_backtest,2026-05-07,pitcher_hits_allowed,Matthew Liberatore,STL,SDP,Matthew Liberatore,4.5,100.0,52.0,50.0,50.0,2.0,2.0,0.0,,ungraded,0.0,0.0,0.0,Low-Medium,No clear edge,ok,
playerboard_backtest,2026-05-07,batter_total_bases_alt,Jordan Walker,STL,SDP,Michael King,2.5,253.0,30.31,28.33,28.3286,1.98,1.9814,-0.0014,,ungraded,0.0,0.0,0.0,Low,Alt ladder market,ok,
playerboard_backtest,2026-05-07,batter_total_bases_alt,JJ Wetherholt,STL,SDP,Michael King,2.5,305.0,26.62,24.69,24.6914,1.93,1.9286,0.0014,,ungraded,0.0,0.0,0.0,Low,Alt ladder market,ok,
playerboard_backtest,2026-05-07,batter_total_bases_alt,Manny Machado,SDP,STL,Matthew Liberatore,2.5,238.0,31.38,29.59,29.5858,1.79,1.7942,-0.0042,,ungraded,0.0,0.0,0.0,Low,Alt ladder market,ok,
playerboard_backtest,2026-05-07,batter_total_bases_alt,Fernando Tatis Jr.,SDP,STL,Matthew Liberatore,2.5,238.0,31.38,29.59,29.5858,1.79,1.7942,-0.0042,,ungraded,0.0,0.0,0.0,Low,Alt ladder market,ok,
playerboard_backtest,2026-05-07,batter_total_bases_alt,Luis Campusano,SDP,STL,Matthew Liberatore,1.5,184.0,36.87,35.21,35.2113,1.66,1.6587,0.0013,,ungraded,0.0,0.0,0.0,Low,Alt ladder market,ok,
playerboard_backtest,2026-05-07,pitcher_hits_allowed,Michael King,SDP,STL,Michael King,3.5,100.0,51.5,50.0,50.0,1.5,1.5,0.0,,ungraded,0.0,0.0,0.0,Low-Medium,No clear edge,ok,
playerboard_backtest,2026-05-07,batter_hits,José Fermín,STL,SDP,Michael King,0.5,101.0,51.0,49.75,49.7512,1.25,1.2488,0.0012,,ungraded,0.0,0.0,0.0,Low-Medium,No clear edge,ok,
playerboard_backtest,2026-05-07,batter_total_bases_alt,Victor Scott II,STL,SDP,Michael King,1.5,242.0,30.46,29.24,29.2398,1.22,1.2202,-0.0002,,ungraded,0.0,0.0,0.0,Low,Alt ladder market,ok,
playerboard_backtest,2026-05-07,pitcher_strikeouts,Michael King,SDP,STL,Michael King,5.5,-102.0,51.7,50.5,50.495,1.2,1.205,-0.005,,ungraded,0.0,0.0,0.0,Low-Medium,No clear edge,ok,
playerboard_backtest,2026-05-07,batter_total_bases_alt,Nolan Gorman,STL,SDP,Michael King,1.5,203.0,34.19,33.0,33.0033,1.18,1.1867,-0.0067,,ungraded,0.0,0.0,0.0,Low,Alt ladder market,ok,
playerboard_backtest,2026-05-07,batter_home_runs_alt,Xander Bogaerts,SDP,STL,Matthew Liberatore,1.5,7300.0,2.52,1.35,1.3514,1.17,1.1686,0.0014,,ungraded,0.0,0.0,0.0,Low,Alt ladder market,warning,extreme_non_hr_odds
playerboard_backtest,2026-05-07,batter_hits,Victor Scott II,STL,SDP,Michael King,0.5,100.0,51.1,50.0,50.0,1.1,1.1,0.0,,ungraded,0.0,0.0,0.0,Low-Medium,No clear edge,ok,
playerboard_backtest,2026-05-07,batter_hits,José Fermín,STL,SDP,Michael King,0.5,100.0,51.1,50.0,50.0,1.1,1.1,0.0,,ungraded,0.0,0.0,0.0,Low-Medium,No clear edge,ok,
playerboard_backtest,2026-05-07,batter_total_bases_alt,Masyn Winn,STL,SDP,Michael King,1.5,195.0,35.0,33.9,33.8983,1.1,1.1017,-0.0017,,ungraded,0.0,0.0,0.0,Low,Alt ladder market,ok,
playerboard_backtest,2026-05-07,pitcher_hits_allowed,Michael King,SDP,STL,Michael King,4.5,-103.0,51.8,50.74,50.7389,1.06,1.0611,-0.0011,,ungraded,0.0,0.0,0.0,Low-Medium,No clear edge,ok,
playerboard_backtest,2026-05-07,batter_hits,Victor Scott,STL,SDP,Michael King,0.5,-115.0,54.5,53.49,53.4884,1.01,1.0116,-0.0016,,ungraded,0.0,0.0,0.0,Low-Medium,No clear edge,ok,
playerboard_backtest,2026-05-07,batter_home_runs_alt,Miguel Andujar,SDP,STL,Matthew Liberatore,1.5,9100.0,2.05,1.09,1.087,0.97,0.963,0.007,,ungraded,0.0,0.0,0.0,Low,Alt ladder market,warning,extreme_non_hr_odds
playerboard_backtest,2026-05-07,batter_home_runs_alt,Jackson Merrill,SDP,STL,Matthew Liberatore,1.5,8400.0,2.14,1.18,1.1765,0.96,0.9635,-0.0035,,ungraded,0.0,0.0,0.0,Low,Alt ladder market,warning,extreme_non_hr_odds
playerboard_backtest,2026-05-07,batter_home_runs_alt,Luis Campusano,SDP,STL,Matthew Liberatore,1.5,7700.0,2.23,1.28,1.2821,0.95,0.9479,0.0021,,ungraded,0.0,0.0,0.0,Low,Alt ladder market,warning,extreme_non_hr_odds
playerboard_backtest,2026-05-07,batter_home_runs_alt,Ty France,SDP,STL,Matthew Liberatore,1.5,7400.0,2.28,1.33,1.3333,0.94,0.9467,-0.0067,,ungraded,0.0,0.0,0.0,Low,Alt ladder market,warning,extreme_non_hr_odds
playerboard_backtest,2026-05-07,batter_home_runs_alt,Nick Castellanos,SDP,STL,Matthew Liberatore,1.5,5900.0,2.58,1.67,1.6667,0.92,0.9133,0.0067,,ungraded,0.0,0.0,0.0,Low,Alt ladder market,warning,extreme_non_hr_odds
playerboard_backtest,2026-05-07,pitcher_strikeouts,Michael King,SDP,STL,Michael King,5.5,-104.0,51.89,50.98,50.9804,0.91,0.9096,0.0004,,ungraded,0.0,0.0,0.0,Low-Medium,No clear edge,ok,
playerboard_backtest,2026-05-07,batter_total_bases_alt,Xander Bogaerts,SDP,STL,Matthew Liberatore,1.5,127.0,44.92,44.05,44.0529,0.87,0.8671,0.0029,,ungraded,0.0,0.0,0.0,Low,Alt ladder market,ok,
playerboard_backtest,2026-05-07,batter_home_runs_alt,Manny Machado,SDP,STL,Matthew Liberatore,1.5,4200.0,3.18,2.33,2.3256,0.86,0.8544,0.0056,,ungraded,0.0,0.0,0.0,Low,Alt ladder market,warning,extreme_non_hr_odds
playerboard_backtest,2026-05-07,batter_total_bases_alt,Nick Castellanos,SDP,STL,Matthew Liberatore,1.5,149.0,41.0,40.16,40.1606,0.84,0.8394,0.0006,,ungraded,0.0,0.0,0.0,Low,Alt ladder market,ok,
playerboard_backtest,2026-05-07,pitcher_hits_allowed,Matthew Liberatore,STL,SDP,Matthew Liberatore,5.5,109.0,48.64,47.85,47.8469,0.79,0.7931,-0.0031,,ungraded,0.0,0.0,0.0,Low-Medium,No clear edge,ok,
playerboard_backtest,2026-05-07,batter_home_runs_alt,Jordan Walker,STL,SDP,Michael King,1.5,4000.0,3.21,2.44,2.439,0.77,0.771,-0.001,,ungraded,0.0,0.0,0.0,Low,Alt ladder market,warning,extreme_non_hr_odds
playerboard_backtest,2026-05-07,batter_total_bases_alt,Jordan Walker,STL,SDP,Michael King,1.5,136.0,43.09,42.37,42.3729,0.72,0.7171,0.0029,,ungraded,0.0,0.0,0.0,Low,Alt ladder market,ok,
playerboard_backtest,2026-05-07,batter_home_runs_alt,Fernando Tatis Jr.,SDP,STL,Matthew Liberatore,1.5,4500.0,2.89,2.17,2.1739,0.72,0.7161,0.0039,,ungraded,0.0,0.0,0.0,Low,Alt ladder market,warning,extreme_non_hr_odds
playerboard_backtest,2026-05-07,batter_home_runs_alt,JJ Wetherholt,STL,SDP,Michael King,1.5,7200.0,2.01,1.37,1.3699,0.64,0.6401,-0.0001,,ungraded,0.0,0.0,0.0,Low,Alt ladder market,warning,extreme_non_hr_odds
playerboard_backtest,2026-05-07,batter_home_runs_alt,Nolan Gorman,STL,SDP,Michael King,1.5,6000.0,2.26,1.64,1.6393,0.62,0.6207,-0.0007,,ungraded,0.0,0.0,0.0,Low,Alt ladder market,warning,extreme_non_hr_odds
playerboard_backtest,2026-05-07,batter_home_runs_alt,Alec Burleson,STL,SDP,Michael King,1.5,5900.0,2.28,1.67,1.6667,0.61,0.6133,-0.0033,,ungraded,0.0,0.0,0.0,Low,Alt ladder market,warning,extreme_non_hr_odds
playerboard_backtest,2026-05-07,batter_total_bases_alt,Miguel Andujar,SDP,STL,Matthew Liberatore,1.5,113.0,47.55,46.95,46.9484,0.6,0.6016,-0.0016,,ungraded,0.0,0.0,0.0,Low,Alt ladder market,ok,
playerboard_backtest,2026-05-07,batter_total_bases_alt,Ty France,SDP,STL,Matthew Liberatore,1.5,132.0,43.68,43.1,43.1034,0.58,0.5766,0.0034,,ungraded,0.0,0.0,0.0,Low,Alt ladder market,ok,
playerboard_backtest,2026-05-07,pitcher_earned_runs,Matthew Liberatore,STL,SDP,Matthew Liberatore,2.5,107.0,48.82,48.31,48.3092,0.51,0.5108,-0.0008,,ungraded,0.0,0.0,0.0,Low-Medium,No clear edge,ok,
playerboard_backtest,2026-05-07,batter_total_bases_alt,JJ Wetherholt,STL,SDP,Michael King,1.5,147.0,41.0,40.49,40.4858,0.51,0.5142,-0.0042,,ungraded,0.0,0.0,0.0,Low,Alt ladder market,ok,
playerboard_backtest,2026-05-07,batter_total_bases_alt,Alec Burleson,STL,SDP,Michael King,1.5,120.0,45.89,45.45,45.4545,0.44,0.4355,0.0045,,ungraded,0.0,0.0,0.0,Low,Alt ladder market,ok,
playerboard_backtest,2026-05-07,batter_total_bases_alt,Manny Machado,SDP,STL,Matthew Liberatore,1.5,124.0,45.08,44.64,44.6429,0.44,0.4371,0.0029,,ungraded,0.0,0.0,0.0,Low,Alt ladder market,ok,
playerboard_backtest,2026-05-07,batter_total_bases_alt,Jackson Merrill,SDP,STL,Matthew Liberatore,1.5,124.0,45.08,44.64,44.6429,0.44,0.4371,0.0029,,ungraded,0.0,0.0,0.0,Low,Alt ladder market,ok,
playerboard_backtest,2026-05-07,batter_home_runs,Xander Bogaerts,SDP,STL,Matthew Liberatore,0.5,630.0,14.08,13.7,13.6986,0.38,0.3814,-0.0014,,ungraded,0.0,0.0,0.0,Low-Medium,No clear edge,ok,
playerboard_backtest,2026-05-07,batter_total_bases_alt,Fernando Tatis Jr.,SDP,STL,Matthew Liberatore,1.5,117.0,46.39,46.08,46.0829,0.31,0.3071,0.0029,,ungraded,0.0,0.0,0.0,Low,Alt ladder market,ok,
playerboard_backtest,2026-05-07,batter_home_runs,Miguel Andujar,SDP,STL,Matthew Liberatore,0.5,775.0,11.67,11.43,11.4286,0.24,0.2414,-0.0014,,ungraded,0.0,0.0,0.0,Low-Medium,No clear edge,ok,
playerboard_backtest,2026-05-07,batter_total_bases,Jordan Walker,STL,SDP,Michael King,0.5,100.0,50.2,50.0,50.0,0.2,0.2,0.0,,ungraded,0.0,0.0,0.0,Low-Medium,No clear edge,ok,
playerboard_backtest,2026-05-07,batter_total_bases,Alec Burleson,STL,SDP,Michael King,0.5,100.0,50.2,50.0,50.0,0.2,0.2,0.0,,ungraded,0.0,0.0,0.0,Low-Medium,No clear edge,ok,
playerboard_backtest,2026-05-07,batter_hits_alt,Nolan Gorman,STL,SDP,Michael King,0.5,-115.0,53.64,53.49,53.4884,0.15,0.1516,-0.0016,,ungraded,0.0,0.0,0.0,Low,Alt ladder market,ok,
playerboard_backtest,2026-05-07,batter_home_runs,Victor Scott II,STL,SDP,Michael King,0.5,1400.0,6.77,6.67,6.6667,0.1,0.1033,-0.0033,,ungraded,0.0,0.0,0.0,Low-Medium,No clear edge,ok,
playerboard_backtest,2026-05-07,pitcher_strikeouts_alt,Michael King Strikeouts Thrown,ST. LOUIS CARDINALS,SAN DIEGO PADRES,,2.5,-1820,94.79,94.79,94.7917,,-0.0017,0.0017,,ungraded,0.0,0.0,0.0,Odds only,Needs team context,warning,suspicious_pitcher_prop_odds
playerboard_backtest,2026-05-07,pitcher_strikeouts_alt,Matthew Liberatore Strikeouts Thrown,ST. LOUIS CARDINALS,SAN DIEGO PADRES,,1.5,-960,90.57,90.57,90.566,,0.004,-0.004,,ungraded,0.0,0.0,0.0,Odds only,Needs team context,ok,
playerboard_backtest,2026-05-07,pitcher_strikeouts_alt,4+ Strikeouts,ST. LOUIS CARDINALS,SAN DIEGO PADRES,,3.5,-750,88.24,88.24,88.2353,,0.0047,-0.0047,,ungraded,0.0,0.0,0.0,Odds only,Needs team context,ok,
playerboard_backtest,2026-05-07,pitcher_strikeouts_alt,Michael King Strikeouts Thrown,ST. LOUIS CARDINALS,SAN DIEGO PADRES,,3.5,-551,84.64,84.64,84.639,,0.001,-0.001,,ungraded,0.0,0.0,0.0,Odds only,Needs team context,ok,
playerboard_backtest,2026-05-07,batter_rbis,Jose Fermin,ST. LOUIS CARDINALS,SAN DIEGO PADRES,,0.5,-455,81.98,81.98,81.982,,-0.002,0.002,,ungraded,0.0,0.0,0.0,Odds only,Needs team context,ok,
playerboard_backtest,2026-05-07,pitcher_strikeouts_alt,3+ Strikeouts,ST. LOUIS CARDINALS,SAN DIEGO PADRES,,2.5,-450,81.82,81.82,81.8182,,0.0018,-0.0018,,ungraded,0.0,0.0,0.0,Odds only,Needs team context,ok,
playerboard_backtest,2026-05-07,batter_rbis,Pedro Pages,ST. LOUIS CARDINALS,SAN DIEGO PADRES,,0.5,-406,80.24,80.24,80.2372,,0.0028,-0.0028,,ungraded,0.0,0.0,0.0,Odds only,Needs team context,ok,
playerboard_backtest,2026-05-07,batter_rbis,Rodolfo Durán,ST. LOUIS CARDINALS,SAN DIEGO PADRES,,0.5,-385,79.38,79.38,79.3814,,-0.0014,0.0014,,ungraded,0.0,0.0,0.0,Odds only,Needs team context,ok,
playerboard_backtest,2026-05-07,pitcher_strikeouts_alt,Matthew Liberatore Strikeouts Thrown,ST. LOUIS CARDINALS,SAN DIEGO PADRES,,2.5,-285,74.03,74.03,74.026,,0.004,-0.004,,ungraded,0.0,0.0,0.0,Odds only,Needs team context,ok,
playerboard_backtest,2026-05-07,batter_rbis,Ramon Laureano,ST. LOUIS CARDINALS,SAN DIEGO PADRES,,0.5,-270,72.97,72.97,72.973,,-0.003,0.003,,ungraded,0.0,0.0,0.0,Odds only,Needs team context,ok,
playerboard_backtest,2026-05-07,batter_hits_alt,Ramon Laureano,ST. LOUIS CARDINALS,SAN DIEGO PADRES,,0.5,-236,70.24,70.24,70.2381,,0.0019,-0.0019,,ungraded,0.0,0.0,0.0,Odds only,Needs team context,ok,
playerboard_backtest,2026-05-07,pitcher_strikeouts_alt,Michael King Strikeouts Thrown,ST. LOUIS CARDINALS,SAN DIEGO PADRES,,4.5,-225,69.23,69.23,69.2308,,-0.0008,0.0008,,ungraded,0.0,0.0,0.0,Odds only,Needs team context,ok,
playerboard_backtest,2026-05-07,batter_hits,Fernando Tatís Jr.,ST. LOUIS CARDINALS,SAN DIEGO PADRES,,0.5,-200,66.67,66.67,66.6667,,0.0033,-0.0033,,ungraded,0.0,0.0,0.0,Odds only,Needs team context,ok,
playerboard_backtest,2026-05-07,batter_hits,Ramon Laureano,ST. LOUIS CARDINALS,SAN DIEGO PADRES,,0.5,-200,66.67,66.67,66.6667,,0.0033,-0.0033,,ungraded,0.0,0.0,0.0,Odds only,Needs team context,ok,
playerboard_backtest,2026-05-07,batter_hits_alt,Ivan Herrera,ST. LOUIS CARDINALS,SAN DIEGO PADRES,,0.5,-190,65.52,65.52,65.5172,,0.0028,-0.0028,,ungraded,0.0,0.0,0.0,Odds only,Needs team context,ok,
playerboard_backtest,2026-05-07,batter_total_bases,Ramon Laureano,ST. LOUIS CARDINALS,SAN DIEGO PADRES,,1.5,-160,61.54,61.54,61.5385,,0.0015,-0.0015,,ungraded,0.0,0.0,0.0,Odds only,Needs team context,ok,
playerboard_backtest,2026-05-07,batter_total_bases,Rodolfo Durán,ST. LOUIS CARDINALS,SAN DIEGO PADRES,,0.5,-148,59.68,59.68,59.6774,,0.0026,-0.0026,,ungraded,0.0,0.0,0.0,Odds only,Needs team context,ok,
playerboard_backtest,2026-05-07,batter_hits_alt,Jose Fermin,ST. LOUIS CARDINALS,SAN DIEGO PADRES,,0.5,-143,58.85,58.85,58.8477,,0.0023,-0.0023,,ungraded,0.0,0.0,0.0,Odds only,Needs team context,ok,
playerboard_backtest,2026-05-07,batter_hits,Jose Fermin,ST. LOUIS CARDINALS,SAN DIEGO PADRES,,0.5,-141,58.51,58.51,58.5062,,0.0038,-0.0038,,ungraded,0.0,0.0,0.0,Odds only,Needs team context,ok,
playerboard_backtest,2026-05-07,batter_hits,Luis Campusano,SDP,STL,Matthew Liberatore,0.5,-141.0,58.5,58.51,58.5062,,-0.0062,0.0062,,ungraded,0.0,0.0,0.0,Low-Medium,No clear edge,ok,
playerboard_backtest,2026-05-07,batter_hits,Rodolfo Durán,ST. LOUIS CARDINALS,SAN DIEGO PADRES,,0.5,-124,55.36,55.36,55.3571,,0.0029,-0.0029,,ungraded,0.0,0.0,0.0,Odds only,Needs team context,ok,
playerboard_backtest,2026-05-07,batter_hits,Rodolfo Duran,ST. LOUIS CARDINALS,SAN DIEGO PADRES,,0.5,-121,54.75,54.75,54.7511,,-0.0011,0.0011,,ungraded,0.0,0.0,0.0,Odds only,Needs team context,ok,
playerboard_backtest,2026-05-07,batter_hits,Pedro Pages,ST. LOUIS CARDINALS,SAN DIEGO PADRES,,0.5,-119,54.34,54.34,54.3379,,0.0021,-0.0021,,ungraded,0.0,0.0,0.0,Odds only,Needs team context,ok,
playerboard_backtest,2026-05-07,batter_hits_alt,Pedro Pages,ST. LOUIS CARDINALS,SAN DIEGO PADRES,,0.5,-119,54.34,54.34,54.3379,,0.0021,-0.0021,,ungraded,0.0,0.0,0.0,Odds only,Needs team context,ok,
playerboard_backtest,2026-05-07,pitcher_strikeouts_alt,Matthew Liberatore Strikeouts Thrown,ST. LOUIS CARDINALS,SAN DIEGO PADRES,,3.5,-113,53.05,53.05,53.0516,,-0.0016,0.0016,,ungraded,0.0,0.0,0.0,Odds only,Needs team context,ok,
playerboard_backtest,2026-05-07,batter_hits,Pedro Pages,ST. LOUIS CARDINALS,SAN DIEGO PADRES,,0.5,-111,52.61,52.61,52.6066,,0.0034,-0.0034,,ungraded,0.0,0.0,0.0,Odds only,Needs team context,ok,
playerboard_backtest,2026-05-07,pitcher_strikeouts_alt,Michael King Strikeouts Thrown,ST. LOUIS CARDINALS,SAN DIEGO PADRES,,5.5,-104,50.98,50.98,50.9804,,-0.0004,0.0004,,ungraded,0.0,0.0,0.0,Odds only,Needs team context,ok,
playerboard_backtest,2026-05-07,batter_hits,Ivan Herrera,ST. LOUIS CARDINALS,SAN DIEGO PADRES,,0.5,100,50.0,50.0,50.0,,0.0,0.0,,ungraded,0.0,0.0,0.0,Odds only,Needs team context,ok,
playerboard_backtest,2026-05-07,batter_rbis,Ivan Herrera,ST. LOUIS CARDINALS,SAN DIEGO PADRES,,0.5,100,50.0,50.0,50.0,,0.0,0.0,,ungraded,0.0,0.0,0.0,Odds only,Needs team context,ok,
playerboard_backtest,2026-05-07,batter_home_runs,Ivan Herrera,ST. LOUIS CARDINALS,SAN DIEGO PADRES,,0.5,100,50.0,50.0,50.0,,0.0,0.0,,ungraded,0.0,0.0,0.0,Odds only,Needs team context,ok,
playerboard_backtest,2026-05-07,batter_total_bases,Ivan Herrera,ST. LOUIS CARDINALS,SAN DIEGO PADRES,,0.5,100,50.0,50.0,50.0,,0.0,0.0,,ungraded,0.0,0.0,0.0,Odds only,Needs team context,ok,
playerboard_backtest,2026-05-07,batter_hits,Jose Fermin,ST. LOUIS CARDINALS,SAN DIEGO PADRES,,0.5,109,47.85,47.85,47.8469,,0.0031,-0.0031,,ungraded,0.0,0.0,0.0,Odds only,Needs team context,ok,
playerboard_backtest,2026-05-07,batter_hits,Rodolfo Durán,ST. LOUIS CARDINALS,SAN DIEGO PADRES,,0.5,109,47.85,47.85,47.8469,,0.0031,-0.0031,,ungraded,0.0,0.0,0.0,Odds only,Needs team context,ok,
playerboard_backtest,2026-05-07,batter_total_bases,Rodolfo Durán,ST. LOUIS CARDINALS,SAN DIEGO PADRES,,0.5,111,47.39,47.39,47.3934,,-0.0034,0.0034,,ungraded,0.0,0.0,0.0,Odds only,Needs team context,ok,
playerboard_backtest,2026-05-07,batter_total_bases_alt,Ramon Laureano,ST. LOUIS CARDINALS,SAN DIEGO PADRES,,1.5,120,45.45,45.45,45.4545,,-0.0045,0.0045,,ungraded,0.0,0.0,0.0,Odds only,Needs team context,ok,
playerboard_backtest,2026-05-07,batter_total_bases,Fernando Tatís Jr.,ST. LOUIS CARDINALS,SAN DIEGO PADRES,,1.5,130,43.48,43.48,43.4783,,0.0017,-0.0017,,ungraded,0.0,0.0,0.0,Odds only,Needs team context,ok,
playerboard_backtest,2026-05-07,batter_total_bases,Ramon Laureano,ST. LOUIS CARDINALS,SAN DIEGO PADRES,,1.5,135,42.55,42.55,42.5532,,-0.0032,0.0032,,ungraded,0.0,0.0,0.0,Odds only,Needs team context,ok,
playerboard_backtest,2026-05-07,pitcher_strikeouts_alt,5+ Strikeouts,ST. LOUIS CARDINALS,SAN DIEGO PADRES,,4.5,135,42.55,42.55,42.5532,,-0.0032,0.0032,,ungraded,0.0,0.0,0.0,Odds only,Needs team context,ok,
playerboard_backtest,2026-05-07,batter_hits,Ivan Herrera,ST. LOUIS CARDINALS,SAN DIEGO PADRES,,0.5,141,41.49,41.49,41.4938,,-0.0038,0.0038,,ungraded,0.0,0.0,0.0,Odds only,Needs team context,ok,
playerboard_backtest,2026-05-07,batter_total_bases,Ivan Herrera,ST. LOUIS CARDINALS,SAN DIEGO PADRES,,1.5,150,40.0,40.0,40.0,,0.0,0.0,,ungraded,0.0,0.0,0.0,Odds only,Needs team context,ok,
playerboard_backtest,2026-05-07,batter_rbis,Fernando Tatís Jr.,ST. LOUIS CARDINALS,SAN DIEGO PADRES,,0.5,155,39.22,39.22,39.2157,,0.0043,-0.0043,,ungraded,0.0,0.0,0.0,Odds only,Needs team context,ok,
playerboard_backtest,2026-05-07,batter_total_bases_alt,Ivan Herrera,ST. LOUIS CARDINALS,SAN DIEGO PADRES,,1.5,160,38.46,38.46,38.4615,,-0.0015,0.0015,,ungraded,0.0,0.0,0.0,Odds only,Needs team context,ok,
playerboard_backtest,2026-05-07,batter_hits,Ramon Laureano,ST. LOUIS CARDINALS,SAN DIEGO PADRES,,0.5,173,36.63,36.63,36.63,,0.0,0.0,,ungraded,0.0,0.0,0.0,Odds only,Needs team context,ok,
playerboard_backtest,2026-05-07,pitcher_strikeouts_alt,Michael King Strikeouts Thrown,ST. LOUIS CARDINALS,SAN DIEGO PADRES,,6.5,194,34.01,34.01,34.0136,,-0.0036,0.0036,,ungraded,0.0,0.0,0.0,Odds only,Needs team context,ok,
playerboard_backtest,2026-05-07,batter_rbis,Ramon Laureano,ST. LOUIS CARDINALS,SAN DIEGO PADRES,,0.5,196,33.78,33.78,33.7838,,-0.0038,0.0038,,ungraded,0.0,0.0,0.0,Odds only,Needs team context,ok,
playerboard_backtest,2026-05-07,pitcher_strikeouts_alt,Matthew Liberatore Strikeouts Thrown,ST. LOUIS CARDINALS,SAN DIEGO PADRES,,4.5,206,32.68,32.68,32.6797,,0.0003,-0.0003,,ungraded,0.0,0.0,0.0,Odds only,Needs team context,ok,
playerboard_backtest,2026-05-07,batter_total_bases_alt,Jose Fermin,ST. LOUIS CARDINALS,SAN DIEGO PADRES,,1.5,227,30.58,30.58,30.581,,-0.001,0.001,,ungraded,0.0,0.0,0.0,Odds only,Needs team context,ok,
playerboard_backtest,2026-05-07,batter_hits_alt,Ramon Laureano,ST. LOUIS CARDINALS,SAN DIEGO PADRES,,1.5,232,30.12,30.12,30.1205,,-0.0005,0.0005,,ungraded,0.0,0.0,0.0,Odds only,Needs team context,ok,
playerboard_backtest,2026-05-07,batter_total_bases_alt,Ramon Laureano,ST. LOUIS CARDINALS,SAN DIEGO PADRES,,2.5,235,29.85,29.85,29.8507,,-0.0007,0.0007,,ungraded,0.0,0.0,0.0,Odds only,Needs team context,ok,
playerboard_backtest,2026-05-07,batter_rbis,Rodolfo Durán,ST. LOUIS CARDINALS,SAN DIEGO PADRES,,0.5,237,29.67,29.67,29.6736,,-0.0036,0.0036,,ungraded,0.0,0.0,0.0,Odds only,Needs team context,ok,
playerboard_backtest,2026-05-07,batter_rbis,Ivan Herrera,ST. LOUIS CARDINALS,SAN DIEGO PADRES,,0.5,239,29.5,29.5,29.4985,,0.0015,-0.0015,,ungraded,0.0,0.0,0.0,Odds only,Needs team context,ok,
playerboard_backtest,2026-05-07,batter_total_bases_alt,Pedro Pages,ST. LOUIS CARDINALS,SAN DIEGO PADRES,,1.5,248,28.74,28.74,28.7356,,0.0044,-0.0044,,ungraded,0.0,0.0,0.0,Odds only,Needs team context,ok,
playerboard_backtest,2026-05-07,batter_rbis,Pedro Pages,ST. LOUIS CARDINALS,SAN DIEGO PADRES,,0.5,276,26.6,26.6,26.5957,,0.0043,-0.0043,,ungraded,0.0,0.0,0.0,Odds only,Needs team context,ok,
playerboard_backtest,2026-05-07,batter_hits_alt,Ivan Herrera,ST. LOUIS CARDINALS,SAN DIEGO PADRES,,1.5,296,25.25,25.25,25.2525,,-0.0025,0.0025,,ungraded,0.0,0.0,0.0,Odds only,Needs team context,ok,
playerboard_backtest,2026-05-07,pitcher_strikeouts_alt,6+ Strikeouts,ST. LOUIS CARDINALS,SAN DIEGO PADRES,,5.5,300,25.0,25.0,25.0,,0.0,0.0,,ungraded,0.0,0.0,0.0,Odds only,Needs team context,ok,
playerboard_backtest,2026-05-07,batter_rbis,Jose Fermin,ST. LOUIS CARDINALS,SAN DIEGO PADRES,,0.5,306,24.63,24.63,24.6305,,-0.0005,0.0005,,ungraded,0.0,0.0,0.0,Odds only,Needs team context,ok,
playerboard_backtest,2026-05-07,pitcher_strikeouts_alt,8+ Strikeouts,ST. LOUIS CARDINALS,SAN DIEGO PADRES,,7.5,320,23.81,23.81,23.8095,,0.0005,-0.0005,,ungraded,0.0,0.0,0.0,Odds only,Needs team context,ok,
playerboard_backtest,2026-05-07,batter_total_bases_alt,Ramon Laureano,ST. LOUIS CARDINALS,SAN DIEGO PADRES,,3.5,330,23.26,23.26,23.2558,,0.0042,-0.0042,,ungraded,0.0,0.0,0.0,Odds only,Needs team context,ok,
playerboard_backtest,2026-05-07,batter_rbis,Rodolfo Duran,ST. LOUIS CARDINALS,SAN DIEGO PADRES,,0.5,330,23.26,23.26,23.2558,,0.0042,-0.0042,,ungraded,0.0,0.0,0.0,Odds only,Needs team context,ok,
playerboard_backtest,2026-05-07,batter_total_bases_alt,Ivan Herrera,ST. LOUIS CARDINALS,SAN DIEGO PADRES,,2.5,352,22.12,22.12,22.1239,,-0.0039,0.0039,,ungraded,0.0,0.0,0.0,Odds only,Needs team context,ok,
playerboard_backtest,2026-05-07,pitcher_strikeouts_alt,Michael King Strikeouts Thrown,ST. LOUIS CARDINALS,SAN DIEGO PADRES,,7.5,386,20.58,20.58,20.5761,,0.0039,-0.0039,,ungraded,0.0,0.0,0.0,Odds only,Needs team context,ok,
playerboard_backtest,2026-05-07,batter_hits_alt,Jose Fermin,ST. LOUIS CARDINALS,SAN DIEGO PADRES,,1.5,414,19.46,19.46,19.4553,,0.0047,-0.0047,,ungraded,0.0,0.0,0.0,Odds only,Needs team context,ok,
playerboard_backtest,2026-05-07,batter_stolen_bases,Fernando Tatís Jr.,ST. LOUIS CARDINALS,SAN DIEGO PADRES,,0.5,430,18.87,18.87,18.8679,,0.0021,-0.0021,,ungraded,0.0,0.0,0.0,Odds only,Needs team context,ok,
playerboard_backtest,2026-05-07,batter_home_runs,Fernando Tatís Jr.,ST. LOUIS CARDINALS,SAN DIEGO PADRES,,0.5,450,18.18,18.18,18.1818,,-0.0018,0.0018,,ungraded,0.0,0.0,0.0,Odds only,Needs team context,ok,
playerboard_backtest,2026-05-07,pitcher_strikeouts_alt,Matthew Liberatore Strikeouts Thrown,ST. LOUIS CARDINALS,SAN DIEGO PADRES,,5.5,459,17.89,17.89,17.8891,,0.0009,-0.0009,,ungraded,0.0,0.0,0.0,Odds only,Needs team context,ok,
playerboard_backtest,2026-05-07,batter_home_runs,Ramon Laureano,ST. LOUIS CARDINALS,SAN DIEGO PADRES,,0.5,470,17.54,17.54,17.5439,,-0.0039,0.0039,,ungraded,0.0,0.0,0.0,Odds only,Needs team context,ok,
playerboard_backtest,2026-05-07,batter_hits_alt,Pedro Pages,ST. LOUIS CARDINALS,SAN DIEGO PADRES,,1.5,508,16.45,16.45,16.4474,,0.0026,-0.0026,,ungraded,0.0,0.0,0.0,Odds only,Needs team context,ok,
playerboard_backtest,2026-05-07,batter_total_bases_alt,Pedro Pages,ST. LOUIS CARDINALS,SAN DIEGO PADRES,,2.5,509,16.42,16.42,16.4204,,-0.0004,0.0004,,ungraded,0.0,0.0,0.0,Odds only,Needs team context,ok,
playerboard_backtest,2026-05-07,batter_total_bases_alt,Ivan Herrera,ST. LOUIS CARDINALS,SAN DIEGO PADRES,,3.5,532,15.82,15.82,15.8228,,-0.0028,0.0028,,ungraded,0.0,0.0,0.0,Odds only,Needs team context,ok,
playerboard_backtest,2026-05-07,batter_total_bases_alt,Jose Fermin,ST. LOUIS CARDINALS,SAN DIEGO PADRES,,2.5,535,15.75,15.75,15.748,,0.002,-0.002,,ungraded,0.0,0.0,0.0,Odds only,Needs team context,ok,
playerboard_backtest,2026-05-07,pitcher_strikeouts_alt,7+ Strikeouts,ST. LOUIS CARDINALS,SAN DIEGO PADRES,,6.5,625,13.79,13.79,13.7931,,-0.0031,0.0031,,ungraded,0.0,0.0,0.0,Odds only,Needs team context,ok,
playerboard_backtest,2026-05-07,pitcher_strikeouts_alt,9+ Strikeouts,ST. LOUIS CARDINALS,SAN DIEGO PADRES,,8.5,625,13.79,13.79,13.7931,,-0.0031,0.0031,,ungraded,0.0,0.0,0.0,Odds only,Needs team context,ok,
playerboard_backtest,2026-05-07,batter_rbis,Ramon Laureano,ST. LOUIS CARDINALS,SAN DIEGO PADRES,,1.5,650,13.33,13.33,13.3333,,-0.0033,0.0033,,ungraded,0.0,0.0,0.0,Odds only,Needs team context,ok,
playerboard_backtest,2026-05-07,batter_total_bases_alt,Ramon Laureano,ST. LOUIS CARDINALS,SAN DIEGO PADRES,,4.5,660,13.16,13.16,13.1579,,0.0021,-0.0021,,ungraded,0.0,0.0,0.0,Odds only,Needs team context,ok,
playerboard_backtest,2026-05-07,batter_rbis,Ivan Herrera,ST. LOUIS CARDINALS,SAN DIEGO PADRES,,1.5,720,12.2,12.2,12.1951,,0.0049,-0.0049,,ungraded,0.0,0.0,0.0,Odds only,Needs team context,ok,
playerboard_backtest,2026-05-07,batter_total_bases_alt,Pedro Pages,ST. LOUIS CARDINALS,SAN DIEGO PADRES,,3.5,720,12.2,12.2,12.1951,,0.0049,-0.0049,,ungraded,0.0,0.0,0.0,Odds only,Needs team context,ok,
playerboard_backtest,2026-05-07,batter_home_runs,Ivan Herrera,ST. LOUIS CARDINALS,SAN DIEGO PADRES,,0.5,730,12.05,12.05,12.0482,,0.0018,-0.0018,,ungraded,0.0,0.0,0.0,Odds only,Needs team context,ok,
playerboard_backtest,2026-05-07,pitcher_strikeouts_alt,Michael King Strikeouts Thrown,ST. LOUIS CARDINALS,SAN DIEGO PADRES,,8.5,770,11.49,11.49,11.4943,,-0.0043,0.0043,,ungraded,0.0,0.0,0.0,Odds only,Needs team context,ok,
playerboard_backtest,2026-05-07,batter_stolen_bases,Ivan Herrera,ST. LOUIS CARDINALS,SAN DIEGO PADRES,,0.5,780,11.36,11.36,11.3636,,-0.0036,0.0036,,ungraded,0.0,0.0,0.0,Odds only,Needs team context,ok,
playerboard_backtest,2026-05-07,batter_rbis,Pedro Pages,ST. LOUIS CARDINALS,SAN DIEGO PADRES,,1.5,790,11.24,11.24,11.236,,0.004,-0.004,,ungraded,0.0,0.0,0.0,Odds only,Needs team context,ok,
playerboard_backtest,2026-05-07,batter_total_bases_alt,Jose Fermin,ST. LOUIS CARDINALS,SAN DIEGO PADRES,,3.5,870,10.31,10.31,10.3093,,0.0007,-0.0007,,ungraded,0.0,0.0,0.0,Odds only,Needs team context,ok,
playerboard_backtest,2026-05-07,batter_stolen_bases,Ramon Laureano,ST. LOUIS CARDINALS,SAN DIEGO PADRES,,0.5,880,10.2,10.2,10.2041,,-0.0041,0.0041,,ungraded,0.0,0.0,0.0,Odds only,Needs team context,ok,
playerboard_backtest,2026-05-07,batter_home_runs,Pedro Pages,ST. LOUIS CARDINALS,SAN DIEGO PADRES,,0.5,890,10.1,10.1,10.101,,-0.001,0.001,,ungraded,0.0,0.0,0.0,Odds only,Needs team context,ok,
playerboard_backtest,2026-05-07,batter_rbis,Jose Fermin,ST. LOUIS CARDINALS,SAN DIEGO PADRES,,1.5,920,9.8,9.8,9.8039,,-0.0039,0.0039,,ungraded,0.0,0.0,0.0,Odds only,Needs team context,ok,
playerboard_backtest,2026-05-07,pitcher_strikeouts_alt,Matthew Liberatore Strikeouts Thrown,ST. LOUIS CARDINALS,SAN DIEGO PADRES,,6.5,1000,9.09,9.09,9.0909,,-0.0009,0.0009,,ungraded,0.0,0.0,0.0,Odds only,Needs team context,ok,
playerboard_backtest,2026-05-07,batter_hits_alt,Ramon Laureano,ST. LOUIS CARDINALS,SAN DIEGO PADRES,,2.5,1080,8.47,8.47,8.4746,,-0.0046,0.0046,,ungraded,0.0,0.0,0.0,Odds only,Needs team context,ok,
playerboard_backtest,2026-05-07,batter_total_bases_alt,Ivan Herrera,ST. LOUIS CARDINALS,SAN DIEGO PADRES,,4.5,1080,8.47,8.47,8.4746,,-0.0046,0.0046,,ungraded,0.0,0.0,0.0,Odds only,Needs team context,ok,
playerboard_backtest,2026-05-07,batter_stolen_bases,Jose Fermin,ST. LOUIS CARDINALS,SAN DIEGO PADRES,,0.5,1100,8.33,8.33,8.3333,,-0.0033,0.0033,,ungraded,0.0,0.0,0.0,Odds only,Needs team context,ok,
playerboard_backtest,2026-05-07,batter_total_bases_alt,Ramon Laureano,ST. LOUIS CARDINALS,SAN DIEGO PADRES,,5.5,1220,7.58,7.58,7.5758,,0.0042,-0.0042,,ungraded,0.0,0.0,0.0,Odds only,Needs team context,ok,
playerboard_backtest,2026-05-07,batter_home_runs,Jose Fermin,ST. LOUIS CARDINALS,SAN DIEGO PADRES,,0.5,1240,7.46,7.46,7.4627,,-0.0027,0.0027,,ungraded,0.0,0.0,0.0,Odds only,Needs team context,ok,
playerboard_backtest,2026-05-07,batter_home_runs,Rodolfo Duran,ST. LOUIS CARDINALS,SAN DIEGO PADRES,,0.5,1300,7.14,7.14,7.1429,,-0.0029,0.0029,,ungraded,0.0,0.0,0.0,Odds only,Needs team context,ok,
playerboard_backtest,2026-05-07,batter_stolen_bases,Pedro Pages,ST. LOUIS CARDINALS,SAN DIEGO PADRES,,0.5,1400,6.67,6.67,6.6667,,0.0033,-0.0033,,ungraded,0.0,0.0,0.0,Odds only,Needs team context,ok,
playerboard_backtest,2026-05-07,batter_hits_alt,Ivan Herrera,ST. LOUIS CARDINALS,SAN DIEGO PADRES,,2.5,1420,6.58,6.58,6.5789,,0.0011,-0.0011,,ungraded,0.0,0.0,0.0,Odds only,Needs team context,ok,
playerboard_backtest,2026-05-07,pitcher_strikeouts_alt,Michael King Strikeouts Thrown,ST. LOUIS CARDINALS,SAN DIEGO PADRES,,9.5,1500,6.25,6.25,6.25,,0.0,0.0,,ungraded,0.0,0.0,0.0,Odds only,Needs team context,ok,
playerboard_backtest,2026-05-07,pitcher_strikeouts_alt,Matthew Liberatore Strikeouts Thrown,ST. LOUIS CARDINALS,SAN DIEGO PADRES,,7.5,1500,6.25,6.25,6.25,,0.0,0.0,,ungraded,0.0,0.0,0.0,Odds only,Needs team context,ok,
playerboard_backtest,2026-05-07,batter_stolen_bases,Rodolfo Duran,ST. LOUIS CARDINALS,SAN DIEGO PADRES,,0.5,1500,6.25,6.25,6.25,,0.0,0.0,,ungraded,0.0,0.0,0.0,Odds only,Needs team context,ok,
playerboard_backtest,2026-05-07,batter_hits_alt,Jose Fermin,ST. LOUIS CARDINALS,SAN DIEGO PADRES,,2.5,2300,4.17,4.17,4.1667,,0.0033,-0.0033,,ungraded,0.0,0.0,0.0,Odds only,Needs team context,warning,extreme_non_hr_odds
playerboard_backtest,2026-05-07,batter_hits_alt,Pedro Pages,ST. LOUIS CARDINALS,SAN DIEGO PADRES,,2.5,2600,3.7,3.7,3.7037,,-0.0037,0.0037,,ungraded,0.0,0.0,0.0,Odds only,Needs team context,warning,extreme_non_hr_odds
playerboard_backtest,2026-05-07,batter_home_runs_alt,Ramon Laureano,ST. LOUIS CARDINALS,SAN DIEGO PADRES,,1.5,4200,2.33,2.33,2.3256,,0.0044,-0.0044,,ungraded,0.0,0.0,0.0,Odds only,Needs team context,warning,extreme_non_hr_odds
playerboard_backtest,2026-05-07,batter_home_runs_alt,Ivan Herrera,ST. LOUIS CARDINALS,SAN DIEGO PADRES,,1.5,7900,1.25,1.25,1.25,,0.0,0.0,,ungraded,0.0,0.0,0.0,Odds only,Needs team context,warning,extreme_non_hr_odds
playerboard_backtest,2026-05-07,batter_home_runs_alt,Pedro Pages,ST. LOUIS CARDINALS,SAN DIEGO PADRES,,1.5,10000,0.99,0.99,0.9901,,-0.0001,0.0001,,ungraded,0.0,0.0,0.0,Odds only,Needs team context,warning,extreme_non_hr_odds
playerboard_backtest,2026-05-07,batter_home_runs,Sung-Mun Song,SDP,STL,Matthew Liberatore,0.5,880.0,10.18,10.2,10.2041,-0.02,-0.0241,0.0041,,ungraded,0.0,0.0,0.0,Low-Medium,No clear edge,ok,
playerboard_backtest,2026-05-07,batter_home_runs,Masyn Winn,STL,SDP,Michael King,0.5,1300.0,6.96,7.14,7.1429,-0.19,-0.1829,-0.0071,,ungraded,0.0,0.0,0.0,Low-Medium,No clear edge,ok,
playerboard_backtest,2026-05-07,batter_hits_alt,Luis Campusano,SDP,STL,Matthew Liberatore,0.5,-157.0,60.86,61.09,61.0895,-0.23,-0.2295,-0.0005,,ungraded,0.0,0.0,0.0,Low,Alt ladder market,ok,
playerboard_backtest,2026-05-07,batter_total_bases,Nick Castellanos,SDP,STL,Matthew Liberatore,0.5,100.0,49.7,50.0,50.0,-0.3,-0.3,0.0,,ungraded,0.0,0.0,0.0,Low-Medium,No clear edge,ok,
playerboard_backtest,2026-05-07,batter_total_bases,Ramón Laureano,SDP,STL,Matthew Liberatore,0.5,100.0,49.7,50.0,50.0,-0.3,-0.3,0.0,,ungraded,0.0,0.0,0.0,Low-Medium,No clear edge,ok,
playerboard_backtest,2026-05-07,batter_total_bases,Sung-Mun Song,SDP,STL,Matthew Liberatore,1.5,100.0,49.7,50.0,50.0,-0.3,-0.3,0.0,,ungraded,0.0,0.0,0.0,Low-Medium,No clear edge,ok,
playerboard_backtest,2026-05-07,batter_total_bases,Fernando Tatis Jr.,SDP,STL,Matthew Liberatore,0.5,100.0,49.7,50.0,50.0,-0.3,-0.3,0.0,,ungraded,0.0,0.0,0.0,Low-Medium,No clear edge,ok,
playerboard_backtest,2026-05-07,batter_total_bases,Jackson Merrill,SDP,STL,Matthew Liberatore,0.5,100.0,49.7,50.0,50.0,-0.3,-0.3,0.0,,ungraded,0.0,0.0,0.0,Low-Medium,No clear edge,ok,
playerboard_backtest,2026-05-07,batter_total_bases,Manny Machado,SDP,STL,Matthew Liberatore,0.5,100.0,49.7,50.0,50.0,-0.3,-0.3,0.0,,ungraded,0.0,0.0,0.0,Low-Medium,No clear edge,ok,
playerboard_backtest,2026-05-07,batter_total_bases,Ty France,SDP,STL,Matthew Liberatore,0.5,100.0,49.7,50.0,50.0,-0.3,-0.3,0.0,,ungraded,0.0,0.0,0.0,Low-Medium,No clear edge,ok,
playerboard_backtest,2026-05-07,batter_total_bases,Gavin Sheets,SDP,STL,Matthew Liberatore,0.5,100.0,49.7,50.0,50.0,-0.3,-0.3,0.0,,ungraded,0.0,0.0,0.0,Low-Medium,No clear edge,ok,
playerboard_backtest,2026-05-07,pitcher_hits_allowed,Michael King,SDP,STL,Michael King,4.5,-113.0,52.72,53.05,53.0516,-0.33,-0.3316,0.0016,,ungraded,0.0,0.0,0.0,Low-Medium,No clear edge,ok,
playerboard_backtest,2026-05-07,batter_home_runs,Nathan Church,STL,SDP,Michael King,0.5,1000.0,8.74,9.09,9.0909,-0.35,-0.3509,0.0009,,ungraded,0.0,0.0,0.0,Low-Medium,No clear edge,ok,
playerboard_backtest,2026-05-07,batter_hits_alt,Victor Scott II,STL,SDP,Michael King,0.5,-127.0,55.58,55.95,55.9471,-0.37,-0.3671,-0.0029,,ungraded,0.0,0.0,0.0,Low,Alt ladder market,ok,
playerboard_backtest,2026-05-07,batter_total_bases,Nathan Church,STL,SDP,Michael King,0.5,113.0,46.48,46.95,46.9484,-0.47,-0.4684,-0.0016,,ungraded,0.0,0.0,0.0,Low-Medium,No clear edge,ok,
playerboard_backtest,2026-05-07,batter_hits_alt,Jordan Walker,STL,SDP,Michael King,0.5,-192.0,65.18,65.75,65.7534,-0.58,-0.5734,-0.0066,,ungraded,0.0,0.0,0.0,Low,Alt ladder market,ok,
playerboard_backtest,2026-05-07,batter_home_runs,Luis Campusano,SDP,STL,Matthew Liberatore,0.5,680.0,12.23,12.82,12.8205,-0.59,-0.5905,0.0005,,ungraded,0.0,0.0,0.0,Low-Medium,No clear edge,ok,
playerboard_backtest,2026-05-07,batter_home_runs,Jackson Merrill,SDP,STL,Matthew Liberatore,0.5,680.0,12.23,12.82,12.8205,-0.59,-0.5905,0.0005,,ungraded,0.0,0.0,0.0,Low-Medium,No clear edge,ok,
playerboard_backtest,2026-05-07,batter_home_runs,Gavin Sheets,SDP,STL,Matthew Liberatore,0.5,680.0,12.23,12.82,12.8205,-0.59,-0.5905,0.0005,,ungraded,0.0,0.0,0.0,Low-Medium,No clear edge,ok,
playerboard_backtest,2026-05-07,batter_hits_alt,Masyn Winn,STL,SDP,Michael King,0.5,-168.0,62.01,62.69,62.6866,-0.68,-0.6766,-0.0034,,ungraded,0.0,0.0,0.0,Low,Alt ladder market,ok,
playerboard_backtest,2026-05-07,pitcher_hits_allowed,Matthew Liberatore,STL,SDP,Matthew Liberatore,5.5,-102.0,49.7,50.5,50.495,-0.8,-0.795,-0.005,,ungraded,0.0,0.0,0.0,Low-Medium,No clear edge,ok,
playerboard_backtest,2026-05-07,batter_hits_alt,Ty France,SDP,STL,Matthew Liberatore,0.5,-213.0,67.19,68.05,68.0511,-0.86,-0.8611,0.0011,,ungraded,0.0,0.0,0.0,Low,Alt ladder market,ok,
playerboard_backtest,2026-05-07,batter_hits_alt,Nick Castellanos,SDP,STL,Matthew Liberatore,0.5,-191.0,64.69,65.64,65.6357,-0.94,-0.9457,0.0057,,ungraded,0.0,0.0,0.0,Low,Alt ladder market,ok,
playerboard_backtest,2026-05-07,batter_hits_alt,Manny Machado,SDP,STL,Matthew Liberatore,0.5,-225.0,68.27,69.23,69.2308,-0.97,-0.9608,-0.0092,,ungraded,0.0,0.0,0.0,Low,Alt ladder market,ok,
playerboard_backtest,2026-05-07,batter_hits_alt,JJ Wetherholt,STL,SDP,Michael King,0.5,-197.0,65.33,66.33,66.33,-1.0,-1.0,0.0,,ungraded,0.0,0.0,0.0,Low,Alt ladder market,ok,
playerboard_backtest,2026-05-07,batter_total_bases,Masyn Winn,STL,SDP,Michael King,0.5,109.0,46.84,47.85,47.8469,-1.01,-1.0069,-0.0031,,ungraded,0.0,0.0,0.0,Low-Medium,No clear edge,ok,
playerboard_backtest,2026-05-07,batter_hits_alt,Alec Burleson,STL,SDP,Michael King,0.5,-243.0,69.81,70.85,70.8455,-1.04,-1.0355,-0.0045,,ungraded,0.0,0.0,0.0,Low,Alt ladder market,ok,
playerboard_backtest,2026-05-07,batter_hits_alt,Miguel Andujar,SDP,STL,Matthew Liberatore,0.5,-299.0,73.83,74.94,74.9373,-1.1,-1.1073,0.0073,,ungraded,0.0,0.0,0.0,Low,Alt ladder market,ok,
playerboard_backtest,2026-05-07,batter_hits_alt,Xander Bogaerts,SDP,STL,Matthew Liberatore,0.5,-243.0,69.73,70.85,70.8455,-1.11,-1.1155,0.0055,,ungraded,0.0,0.0,0.0,Low,Alt ladder market,ok,
playerboard_backtest,2026-05-07,batter_home_runs,Nick Castellanos,SDP,STL,Matthew Liberatore,0.5,630.0,12.58,13.7,13.6986,-1.12,-1.1186,-0.0014,,ungraded,0.0,0.0,0.0,Low-Medium,No clear edge,ok,
playerboard_backtest,2026-05-07,batter_hits_alt,Jackson Merrill,SDP,STL,Matthew Liberatore,0.5,-270.0,71.67,72.97,72.973,-1.3,-1.303,0.003,,ungraded,0.0,0.0,0.0,Low,Alt ladder market,ok,
playerboard_backtest,2026-05-07,batter_hits_alt,Fernando Tatis Jr.,SDP,STL,Matthew Liberatore,0.5,-269.0,71.6,72.9,72.8997,-1.3,-1.2997,-0.0003,,ungraded,0.0,0.0,0.0,Low,Alt ladder market,ok,
playerboard_backtest,2026-05-07,batter_home_runs,Ty France,SDP,STL,Matthew Liberatore,0.5,610.0,12.73,14.08,14.0845,-1.35,-1.3545,0.0045,,ungraded,0.0,0.0,0.0,Low-Medium,No clear edge,ok,
playerboard_backtest,2026-05-07,batter_total_bases,José Fermín,STL,SDP,Michael King,0.5,103.0,47.4,49.26,49.2611,-1.86,-1.8611,0.0011,,ungraded,0.0,0.0,0.0,Low-Medium,No clear edge,ok,
playerboard_backtest,2026-05-07,batter_home_runs,Pedro Pagés,STL,SDP,Michael King,0.5,750.0,9.81,11.76,11.7647,-1.96,-1.9547,-0.0053,,ungraded,0.0,0.0,0.0,Low-Medium,No clear edge,ok,
playerboard_backtest,2026-05-07,batter_total_bases,Pedro Pagés,STL,SDP,Michael King,0.5,100.0,47.7,50.0,50.0,-2.3,-2.3,0.0,,ungraded,0.0,0.0,0.0,Low-Medium,No clear edge,ok,
playerboard_backtest,2026-05-07,batter_total_bases,Nolan Gorman,STL,SDP,Michael King,0.5,100.0,47.7,50.0,50.0,-2.3,-2.3,0.0,,ungraded,0.0,0.0,0.0,Low-Medium,No clear edge,ok,
playerboard_backtest,2026-05-07,batter_total_bases,Masyn Winn,STL,SDP,Michael King,0.5,100.0,47.7,50.0,50.0,-2.3,-2.3,0.0,,ungraded,0.0,0.0,0.0,Low-Medium,No clear edge,ok,
playerboard_backtest,2026-05-07,batter_total_bases,Nathan Church,STL,SDP,Michael King,0.5,100.0,47.7,50.0,50.0,-2.3,-2.3,0.0,,ungraded,0.0,0.0,0.0,Low-Medium,No clear edge,ok,
playerboard_backtest,2026-05-07,batter_total_bases,José Fermín,STL,SDP,Michael King,0.5,100.0,47.7,50.0,50.0,-2.3,-2.3,0.0,,ungraded,0.0,0.0,0.0,Low-Medium,No clear edge,ok,
playerboard_backtest,2026-05-07,batter_total_bases,JJ Wetherholt,STL,SDP,Michael King,0.5,100.0,47.7,50.0,50.0,-2.3,-2.3,0.0,,ungraded,0.0,0.0,0.0,Low-Medium,No clear edge,ok,
playerboard_backtest,2026-05-07,batter_total_bases,Freddy Fermin,SDP,STL,Matthew Liberatore,0.5,100.0,47.7,50.0,50.0,-2.3,-2.3,0.0,,ungraded,0.0,0.0,0.0,Low-Medium,No clear edge,ok,
playerboard_backtest,2026-05-07,pitcher_strikeouts,Matthew Liberatore,STL,SDP,Matthew Liberatore,3.5,-113.0,50.72,53.05,53.0516,-2.33,-2.3316,0.0016,,ungraded,0.0,0.0,0.0,Low-Medium,No clear edge,ok,
playerboard_backtest,2026-05-07,batter_home_runs,Iván Herrera,STL,SDP,Michael King,0.5,700.0,10.1,12.5,12.5,-2.4,-2.4,0.0,,ungraded,0.0,0.0,0.0,Low-Medium,No clear edge,ok,
playerboard_backtest,2026-05-07,batter_total_bases,Luis Campusano,SDP,STL,Matthew Liberatore,0.5,-137.0,55.32,57.81,57.8059,-2.48,-2.4859,0.0059,,ungraded,0.0,0.0,0.0,Low-Medium,No clear edge,ok,
playerboard_backtest,2026-05-07,batter_home_runs,JJ Wetherholt,STL,SDP,Michael King,0.5,610.0,10.73,14.08,14.0845,-3.35,-3.3545,0.0045,,ungraded,0.0,0.0,0.0,Low-Medium,No clear edge,ok,
playerboard_backtest,2026-05-07,batter_home_runs,Nolan Gorman,STL,SDP,Michael King,0.5,609.0,10.74,14.1,14.1044,-3.36,-3.3644,0.0044,,ungraded,0.0,0.0,0.0,Low-Medium,No clear edge,ok,
playerboard_backtest,2026-05-07,pitcher_earned_runs,Matthew Liberatore,STL,SDP,Matthew Liberatore,2.5,-122.0,51.48,54.95,54.955,-3.47,-3.475,0.005,,ungraded,0.0,0.0,0.0,Low-Medium,No clear edge,ok,
playerboard_backtest,2026-05-07,batter_home_runs,Alec Burleson,STL,SDP,Michael King,0.5,590.0,10.9,14.49,14.4928,-3.6,-3.5928,-0.0072,,ungraded,0.0,0.0,0.0,Low-Medium,No clear edge,ok,
playerboard_backtest,2026-05-07,batter_total_bases,Miguel Andujar,SDP,STL,Matthew Liberatore,1.5,-150.0,56.2,60.0,60.0,-3.8,-3.8,0.0,,ungraded,0.0,0.0,0.0,Low-Medium,No clear edge,ok,
playerboard_backtest,2026-05-07,batter_home_runs,Fernando Tatis Jr.,SDP,STL,Matthew Liberatore,0.5,490.0,12.88,16.95,16.9492,-4.07,-4.0692,-0.0008,,ungraded,0.0,0.0,0.0,Medium,Negative edge / avoid,ok,
playerboard_backtest,2026-05-07,batter_home_runs,Manny Machado,SDP,STL,Matthew Liberatore,0.5,429.0,14.66,18.9,18.9036,-4.24,-4.2436,0.0036,,ungraded,0.0,0.0,0.0,Medium,Negative edge / avoid,ok,
playerboard_backtest,2026-05-07,batter_total_bases,Victor Scott II,STL,SDP,Michael King,0.5,100.0,45.7,50.0,50.0,-4.3,-4.3,0.0,,ungraded,0.0,0.0,0.0,Medium,Negative edge / avoid,ok,
playerboard_backtest,2026-05-07,batter_home_runs,Jordan Walker,STL,SDP,Michael King,0.5,420.0,14.29,19.23,19.2308,-4.94,-4.9408,0.0008,,ungraded,0.0,0.0,0.0,Medium,Negative edge / avoid,ok,
playerboard_backtest,2026-05-07,batter_hits,Miguel Andujar,SDP,STL,Matthew Liberatore,1.5,-251.0,66.2,71.51,71.51,-5.31,-5.31,0.0,,ungraded,0.0,0.0,0.0,Medium,Negative edge / avoid,ok,
playerboard_backtest,2026-05-07,pitcher_earned_runs,Michael King,SDP,STL,Michael King,1.5,-160.0,56.12,61.54,61.5385,-5.42,-5.4185,-0.0015,,ungraded,0.0,0.0,0.0,Medium,Negative edge / avoid,ok,
playerboard_backtest,2026-05-07,batter_total_bases,Xander Bogaerts,SDP,STL,Matthew Liberatore,1.5,-170.0,57.39,62.96,62.963,-5.58,-5.573,-0.007,,ungraded,0.0,0.0,0.0,Medium,Negative edge / avoid,ok,
playerboard_backtest,2026-05-07,batter_total_bases,Alec Burleson,STL,SDP,Michael King,1.5,-150.0,54.2,60.0,60.0,-5.8,-5.8,0.0,,ungraded,0.0,0.0,0.0,Medium,Negative edge / avoid,ok,
playerboard_backtest,2026-05-07,batter_hits,Iván Herrera,STL,SDP,Michael King,0.5,-186.0,59.11,65.03,65.035,-5.92,-5.925,0.005,,ungraded,0.0,0.0,0.0,Medium,Negative edge / avoid,ok,
playerboard_backtest,2026-05-07,batter_total_bases,Fernando Tatis Jr.,SDP,STL,Matthew Liberatore,1.5,-150.0,53.7,60.0,60.0,-6.3,-6.3,0.0,,ungraded,0.0,0.0,0.0,Medium,Negative edge / avoid,ok,
playerboard_backtest,2026-05-07,batter_total_bases,Jackson Merrill,SDP,STL,Matthew Liberatore,1.5,-150.0,53.7,60.0,60.0,-6.3,-6.3,0.0,,ungraded,0.0,0.0,0.0,Medium,Negative edge / avoid,ok,
playerboard_backtest,2026-05-07,batter_total_bases,Manny Machado,SDP,STL,Matthew Liberatore,1.5,-163.0,54.49,61.98,61.9772,-7.49,-7.4872,-0.0028,,ungraded,0.0,0.0,0.0,Medium,Negative edge / avoid,ok,
playerboard_backtest,2026-05-07,batter_hits,Fernando Tatis Jr.,SDP,STL,Matthew Liberatore,1.5,-250.0,63.67,71.43,71.4286,-7.76,-7.7586,-0.0014,,ungraded,0.0,0.0,0.0,Medium,Negative edge / avoid,ok,
playerboard_backtest,2026-05-07,batter_total_bases,Jordan Walker,STL,SDP,Michael King,1.5,-180.0,55.91,64.29,64.2857,-8.37,-8.3757,0.0057,,ungraded,0.0,0.0,0.0,Medium,Negative edge / avoid,ok,
playerboard_backtest,2026-05-07,batter_total_bases,Ty France,SDP,STL,Matthew Liberatore,1.5,-176.0,55.21,63.77,63.7681,-8.56,-8.5581,-0.0019,,ungraded,0.0,0.0,0.0,Medium,Negative edge / avoid,ok,
playerboard_backtest,2026-05-07,batter_total_bases,Iván Herrera,STL,SDP,Michael King,0.5,-179.0,53.36,64.16,64.1577,-10.79,-10.7977,0.0077,,ungraded,0.0,0.0,0.0,Medium,Negative edge / avoid,ok,
playerboard_backtest,2026-05-07,batter_total_bases,JJ Wetherholt,STL,SDP,Michael King,1.5,-185.0,53.66,64.91,64.9123,-11.25,-11.2523,0.0023,,ungraded,0.0,0.0,0.0,Medium,Negative edge / avoid,ok,
playerboard_backtest,2026-05-07,batter_home_runs,Xander Bogaerts,SDP,STL,Matthew Liberatore,0.5,100.0,28.6,50.0,50.0,-21.4,-21.4,0.0,,ungraded,0.0,0.0,0.0,Medium,Negative edge / avoid,ok,
playerboard_backtest,2026-05-07,batter_home_runs,Manny Machado,SDP,STL,Matthew Liberatore,0.5,100.0,27.1,50.0,50.0,-22.9,-22.9,0.0,,ungraded,0.0,0.0,0.0,Medium,Negative edge / avoid,ok,
playerboard_backtest,2026-05-07,batter_home_runs,Luis Campusano,SDP,STL,Matthew Liberatore,0.5,100.0,27.1,50.0,50.0,-22.9,-22.9,0.0,,ungraded,0.0,0.0,0.0,Medium,Negative edge / avoid,ok,
playerboard_backtest,2026-05-07,batter_home_runs,Jackson Merrill,SDP,STL,Matthew Liberatore,0.5,100.0,27.1,50.0,50.0,-22.9,-22.9,0.0,,ungraded,0.0,0.0,0.0,Medium,Negative edge / avoid,ok,
playerboard_backtest,2026-05-07,batter_home_runs,Miguel Andujar,SDP,STL,Matthew Liberatore,0.5,100.0,27.1,50.0,50.0,-22.9,-22.9,0.0,,ungraded,0.0,0.0,0.0,Medium,Negative edge / avoid,ok,
playerboard_backtest,2026-05-07,batter_home_runs,Nick Castellanos,SDP,STL,Matthew Liberatore,0.5,100.0,27.1,50.0,50.0,-22.9,-22.9,0.0,,ungraded,0.0,0.0,0.0,Medium,Negative edge / avoid,ok,
playerboard_backtest,2026-05-07,batter_home_runs,Gavin Sheets,SDP,STL,Matthew Liberatore,0.5,100.0,27.1,50.0,50.0,-22.9,-22.9,0.0,,ungraded,0.0,0.0,0.0,Medium,Negative edge / avoid,ok,
playerboard_backtest,2026-05-07,batter_home_runs,Ty France,SDP,STL,Matthew Liberatore,0.5,100.0,27.1,50.0,50.0,-22.9,-22.9,0.0,,ungraded,0.0,0.0,0.0,Medium,Negative edge / avoid,ok,
playerboard_backtest,2026-05-07,batter_home_runs,Ramón Laureano,SDP,STL,Matthew Liberatore,0.5,100.0,27.1,50.0,50.0,-22.9,-22.9,0.0,,ungraded,0.0,0.0,0.0,Medium,Negative edge / avoid,ok,
playerboard_backtest,2026-05-07,batter_home_runs,Jordan Walker,STL,SDP,Michael King,0.5,100.0,26.6,50.0,50.0,-23.4,-23.4,0.0,,ungraded,0.0,0.0,0.0,Medium,Negative edge / avoid,ok,
playerboard_backtest,2026-05-07,batter_home_runs,Fernando Tatis Jr.,SDP,STL,Matthew Liberatore,0.5,100.0,26.1,50.0,50.0,-23.9,-23.9,0.0,,ungraded,0.0,0.0,0.0,Medium,Negative edge / avoid,ok,
playerboard_backtest,2026-05-07,batter_home_runs,Freddy Fermin,SDP,STL,Matthew Liberatore,0.5,100.0,26.1,50.0,50.0,-23.9,-23.9,0.0,,ungraded,0.0,0.0,0.0,Medium,Negative edge / avoid,ok,
playerboard_backtest,2026-05-07,batter_home_runs,Nolan Gorman,STL,SDP,Michael King,0.5,100.0,25.1,50.0,50.0,-24.9,-24.9,0.0,,ungraded,0.0,0.0,0.0,Medium,Negative edge / avoid,ok,
playerboard_backtest,2026-05-07,batter_home_runs,Alec Burleson,STL,SDP,Michael King,0.5,100.0,25.1,50.0,50.0,-24.9,-24.9,0.0,,ungraded,0.0,0.0,0.0,Medium,Negative edge / avoid,ok,
playerboard_backtest,2026-05-07,batter_home_runs,JJ Wetherholt,STL,SDP,Michael King,0.5,100.0,25.1,50.0,50.0,-24.9,-24.9,0.0,,ungraded,0.0,0.0,0.0,Medium,Negative edge / avoid,ok,
playerboard_backtest,2026-05-07,batter_home_runs,Pedro Pagés,STL,SDP,Michael King,0.5,100.0,25.1,50.0,50.0,-24.9,-24.9,0.0,,ungraded,0.0,0.0,0.0,Medium,Negative edge / avoid,ok,
playerboard_backtest,2026-05-07,batter_home_runs,Masyn Winn,STL,SDP,Michael King,0.5,100.0,24.1,50.0,50.0,-25.9,-25.9,0.0,,ungraded,0.0,0.0,0.0,Medium,Negative edge / avoid,ok,
saved_predictions,2026-05-03,batter_total_bases,Aaron Judge,NYY,BAL,Trey Gibson,1.5,-110.0,56.52,52.38,52.381,4.14,4.139,0.001,5.0,win,0.9091,0.9091,0.0,Medium,Positive edge,ok,
saved_predictions,2026-05-04,batter_hits,Juan Soto,NYM,COL,Tomoyuki Sugano,0.5,2600.0,36.35,3.7,3.7037,32.65,32.6463,0.0037,0.0,loss,-1.0,-1.0,0.0,Medium,Positive edge,warning,extreme_non_hr_odds | suspicious_batter_hits_odds
